Idade,Saida,FrequenciaViagem,TaxaDiaria,Departamento,DistanciaCasa,Escolaridade,AreaFormacao,SatisfacaoAmbiente,Genero,TaxaHora,EnvolvimentoCargo,NivelCargo,Cargo,SatisfacaoCargo,EstadoCivil,RendimentoMensal,TaxaMensal,NumEmpresasAnteriores,HorasExtra,PercentAumentoSalarial,AvaliacaoDesempenho,SatisfacaoRelacionamento,NivelOpcaoAccoes,AnosExperienciaTotal,FormacaoUltimoAno,EquilibrioVidaTrabalho,AnosNaEmpresa,AnosNoCargoActual,AnosDesdeUltimaPromocao,AnosComGestorActual,SatisfacaoAmbiente_Texto,SatisfacaoCargo_Texto,EnvolvimentoCargo_Texto,SatisfacaoRelacionamento_Texto,EquilibrioVidaTrabalho_Texto,AvaliacaoDesempenho_Texto,Escolaridade_Texto,RendimentoMensal_Log,FaixaEtaria,FaixaSalarial,FaixaDistancia,FaixaAntiguidade,SalarioPorNivel,EstagnacaoRelativa,ProporcaoCarreiraEmpresa,SatisfacaoMedia,PressaoTrabalho,RiscoSaida_Prob,RiscoSaida_Classe
41,1,Viaja Raramente,1102,Vendas,1,2,Ciencias da Vida,2,Feminino,94,3,2,Executivo de Vendas,4,Solteiro(a),5993,19479,8,Sim,11,3,1,0,8,0,1,6,4,0,5,Medio,Muito Alto,Alto,Baixo,Mau,Excelente,Licenciatura,8.698514,36-45,3k-6k,Perto (0-5),6-10 anos,2996.5,0.0,0.75,2.3333333,4,96.9,Alto
49,0,Viaja Frequentemente,279,Investigacao e Desenvolvimento,8,1,Ciencias da Vida,3,Masculino,61,2,2,Investigador,2,Casado(a),5130,24907,1,Nao,23,4,4,1,10,3,3,10,7,1,7,Alto,Medio,Medio,Muito Alto,Bom,Excecional,Abaixo da Licenciatura,8.543056,46-55,3k-6k,Medio (6-10),6-10 anos,2565.0,0.020408163,1.0,3.0,0,5.5,Medio
37,1,Viaja Raramente,1373,Investigacao e Desenvolvimento,2,2,Outro,4,Masculino,92,2,1,Tecnico de Laboratorio,3,Solteiro(a),2090,2396,6,Sim,15,3,2,0,7,3,3,0,0,0,0,Muito Alto,Alto,Medio,Medio,Bom,Excelente,Licenciatura,7.6453977,36-45,Ate 3k,Perto (0-5),0-2 anos,2090.0,0.0,0.0,3.0,2,97.0,Alto
33,0,Viaja Frequentemente,1392,Investigacao e Desenvolvimento,3,4,Ciencias da Vida,4,Feminino,56,3,1,Investigador,3,Casado(a),2909,23159,1,Sim,11,3,3,0,8,3,3,8,7,3,0,Muito Alto,Alto,Alto,Alto,Bom,Excelente,Doutoramento,7.9759083,26-35,Ate 3k,Perto (0-5),6-10 anos,2909.0,0.09090909,1.0,3.3333333,2,48.7,Alto
27,0,Viaja Raramente,591,Investigacao e Desenvolvimento,2,1,Medicina,1,Masculino,40,3,1,Tecnico de Laboratorio,2,Casado(a),3468,16632,9,Nao,12,3,4,1,6,3,3,2,2,2,2,Baixo,Medio,Alto,Muito Alto,Bom,Excelente,Abaixo da Licenciatura,8.151622,26-35,3k-6k,Perto (0-5),0-2 anos,3468.0,0.074074075,0.33333334,2.3333333,0,34.0,Alto
32,0,Viaja Frequentemente,1005,Investigacao e Desenvolvimento,2,2,Ciencias da Vida,4,Masculino,79,3,1,Tecnico de Laboratorio,4,Solteiro(a),3068,11864,0,Nao,13,3,3,0,8,2,2,7,7,3,6,Muito Alto,Muito Alto,Alto,Alto,Regular,Excelente,Licenciatura,8.029107,26-35,3k-6k,Perto (0-5),6-10 anos,3068.0,0.09375,0.875,3.6666667,0,5.9,Medio
59,0,Viaja Raramente,1324,Investigacao e Desenvolvimento,3,3,Medicina,3,Feminino,81,4,1,Tecnico de Laboratorio,1,Casado(a),2670,9964,4,Sim,20,4,1,3,12,3,2,1,0,0,0,Alto,Baixo,Muito Alto,Baixo,Regular,Excecional,Mestrado,7.8902082,56-65,Ate 3k,Perto (0-5),0-2 anos,2670.0,0.0,0.083333336,1.6666666,3,11.4,Medio
30,0,Viaja Raramente,1358,Investigacao e Desenvolvimento,24,1,Ciencias da Vida,4,Masculino,67,3,1,Tecnico de Laboratorio,3,Divorciado(a),2693,13335,1,Nao,22,4,2,1,1,2,3,1,0,0,0,Muito Alto,Alto,Alto,Medio,Bom,Excecional,Abaixo da Licenciatura,7.8987823,26-35,Ate 3k,Muito Longe (21+),0-2 anos,2693.0,0.0,1.0,3.0,0,31.5,Alto
38,0,Viaja Frequentemente,216,Investigacao e Desenvolvimento,23,3,Ciencias da Vida,4,Masculino,44,2,3,Director de Producao,3,Solteiro(a),9526,8787,0,Nao,21,4,2,0,10,2,3,9,7,1,8,Muito Alto,Alto,Medio,Medio,Bom,Excecional,Mestrado,9.161885,36-45,6k-10k,Muito Longe (21+),6-10 anos,3175.3333,0.02631579,0.9,3.0,0,11.0,Medio
36,0,Viaja Raramente,1299,Investigacao e Desenvolvimento,27,3,Medicina,3,Masculino,94,3,2,Representante de Saude,3,Casado(a),5237,16577,6,Nao,13,3,2,2,17,3,2,7,7,7,7,Alto,Alto,Alto,Medio,Regular,Excelente,Mestrado,8.563695,36-45,3k-6k,Muito Longe (21+),6-10 anos,2618.5,0.19444445,0.4117647,2.6666667,0,1.7,Baixo
35,0,Viaja Raramente,809,Investigacao e Desenvolvimento,16,3,Medicina,1,Masculino,84,4,1,Tecnico de Laboratorio,2,Casado(a),2426,16479,0,Nao,13,3,3,1,6,5,3,5,4,0,3,Baixo,Medio,Muito Alto,Alto,Bom,Excelente,Mestrado,7.794411,26-35,Ate 3k,Longe (11-20),3-5 anos,2426.0,0.0,0.8333333,2.0,0,0.6,Baixo
29,0,Viaja Raramente,153,Investigacao e Desenvolvimento,15,2,Ciencias da Vida,4,Feminino,49,2,2,Tecnico de Laboratorio,3,Solteiro(a),4193,12682,0,Sim,12,3,4,0,10,3,3,9,5,0,8,Muito Alto,Alto,Medio,Muito Alto,Bom,Excelente,Licenciatura,8.341411,26-35,3k-6k,Longe (11-20),6-10 anos,2096.5,0.0,0.9,3.6666667,2,8.5,Medio
31,0,Viaja Raramente,670,Investigacao e Desenvolvimento,26,1,Ciencias da Vida,1,Masculino,31,3,1,Investigador,3,Divorciado(a),2911,15170,1,Nao,17,3,4,1,5,1,2,5,2,4,3,Baixo,Alto,Alto,Muito Alto,Regular,Excelente,Abaixo da Licenciatura,7.9765954,26-35,Ate 3k,Muito Longe (21+),3-5 anos,2911.0,0.12903225,1.0,2.6666667,0,12.4,Medio
34,0,Viaja Raramente,1346,Investigacao e Desenvolvimento,19,2,Medicina,2,Masculino,93,3,1,Tecnico de Laboratorio,4,Divorciado(a),2661,8758,0,Nao,11,3,3,1,3,2,3,2,2,1,2,Medio,Muito Alto,Alto,Alto,Bom,Excelente,Licenciatura,7.886833,26-35,Ate 3k,Longe (11-20),0-2 anos,2661.0,0.029411765,0.6666667,3.0,0,7.8,Medio
28,1,Viaja Raramente,103,Investigacao e Desenvolvimento,24,3,Ciencias da Vida,3,Masculino,50,2,1,Tecnico de Laboratorio,3,Solteiro(a),2028,12947,5,Sim,14,3,2,0,6,4,3,4,2,0,3,Alto,Alto,Medio,Medio,Bom,Excelente,Mestrado,7.6152983,26-35,Ate 3k,Muito Longe (21+),3-5 anos,2028.0,0.0,0.6666667,2.6666667,2,99.5,Alto
29,0,Viaja Raramente,1389,Investigacao e Desenvolvimento,21,4,Ciencias da Vida,2,Feminino,51,4,3,Director de Producao,1,Divorciado(a),9980,10195,1,Nao,11,3,3,1,10,1,3,10,9,8,8,Medio,Baixo,Muito Alto,Alto,Bom,Excelente,Doutoramento,9.208439,26-35,6k-10k,Muito Longe (21+),6-10 anos,3326.6667,0.27586207,1.0,2.0,0,16.5,Medio
32,0,Viaja Raramente,334,Investigacao e Desenvolvimento,5,2,Ciencias da Vida,1,Masculino,80,4,1,Investigador,2,Divorciado(a),3298,15053,0,Sim,12,3,4,2,7,5,2,6,2,0,5,Baixo,Medio,Muito Alto,Muito Alto,Regular,Excelente,Licenciatura,8.101375,26-35,3k-6k,Perto (0-5),6-10 anos,3298.0,0.0,0.85714287,2.3333333,3,20.4,Alto
22,0,Sem Viagem,1123,Investigacao e Desenvolvimento,16,2,Medicina,4,Masculino,96,4,1,Tecnico de Laboratorio,4,Divorciado(a),2935,7324,1,Sim,13,3,2,2,1,2,2,1,0,0,0,Muito Alto,Muito Alto,Muito Alto,Medio,Regular,Excelente,Licenciatura,7.984803,18-25,Ate 3k,Longe (11-20),0-2 anos,2935.0,0.0,1.0,3.3333333,3,20.0,Alto
53,0,Viaja Raramente,1219,Vendas,2,4,Ciencias da Vida,1,Feminino,78,2,4,Gestor,4,Casado(a),15427,22021,2,Nao,16,3,3,0,31,3,3,25,8,3,7,Baixo,Muito Alto,Medio,Alto,Bom,Excelente,Doutoramento,9.643939,46-55,Acima 15k,Perto (0-5),20+ anos,3856.75,0.056603774,0.8064516,2.6666667,0,10.3,Medio
38,0,Viaja Raramente,371,Investigacao e Desenvolvimento,2,3,Ciencias da Vida,4,Masculino,45,3,1,Investigador,4,Solteiro(a),3944,4306,5,Sim,11,3,3,0,6,3,3,3,2,1,2,Muito Alto,Muito Alto,Alto,Alto,Bom,Excelente,Mestrado,8.280204,36-45,3k-6k,Perto (0-5),3-5 anos,3944.0,0.02631579,0.5,3.6666667,2,2.9,Baixo
24,0,Sem Viagem,673,Investigacao e Desenvolvimento,11,2,Outro,1,Feminino,96,4,2,Director de Producao,3,Divorciado(a),4011,8232,0,Nao,18,3,4,1,5,5,2,4,2,1,3,Baixo,Alto,Muito Alto,Muito Alto,Regular,Excelente,Licenciatura,8.297045,18-25,3k-6k,Longe (11-20),3-5 anos,2005.5,0.041666668,0.8,2.6666667,0,0.4,Baixo
36,1,Viaja Raramente,1218,Vendas,9,4,Ciencias da Vida,3,Masculino,82,2,1,Representante de Vendas,1,Solteiro(a),3407,6986,7,Nao,23,4,2,0,10,4,3,5,3,0,3,Alto,Baixo,Medio,Medio,Bom,Excecional,Doutoramento,8.133881,36-45,3k-6k,Medio (6-10),3-5 anos,3407.0,0.0,0.5,2.0,0,96.1,Alto
34,0,Viaja Raramente,419,Investigacao e Desenvolvimento,7,4,Ciencias da Vida,1,Feminino,53,3,3,Director de Investigacao,2,Solteiro(a),11994,21293,0,Nao,11,3,3,0,13,4,3,12,6,2,11,Baixo,Medio,Alto,Alto,Bom,Excelente,Doutoramento,9.392245,26-35,10k-15k,Medio (6-10),11-20 anos,3998.0,0.05882353,0.9230769,2.0,0,11.1,Medio
21,0,Viaja Raramente,391,Investigacao e Desenvolvimento,15,2,Ciencias da Vida,3,Masculino,96,3,1,Investigador,4,Solteiro(a),1232,19281,1,Nao,14,3,4,0,0,6,3,0,0,0,0,Alto,Muito Alto,Alto,Muito Alto,Bom,Excelente,Licenciatura,7.1172056,18-25,Ate 3k,Longe (11-20),0-2 anos,1232.0,0.0,0.0,3.6666667,0,34.3,Alto
34,1,Viaja Raramente,699,Investigacao e Desenvolvimento,6,1,Medicina,2,Masculino,83,3,1,Investigador,1,Solteiro(a),2960,17102,2,Nao,11,3,3,0,8,2,3,4,2,1,3,Medio,Baixo,Alto,Alto,Bom,Excelente,Abaixo da Licenciatura,7.9932823,26-35,Ate 3k,Medio (6-10),3-5 anos,2960.0,0.029411765,0.5,2.0,0,90.9,Alto
53,0,Viaja Raramente,1282,Investigacao e Desenvolvimento,5,3,Outro,3,Feminino,58,3,5,Gestor,3,Divorciado(a),19094,10735,4,Nao,11,3,4,1,26,3,2,14,13,4,8,Alto,Alto,Alto,Muito Alto,Regular,Excelente,Mestrado,9.857182,46-55,Acima 15k,Perto (0-5),11-20 anos,3818.8,0.0754717,0.53846157,3.3333333,0,3.1,Medio
32,1,Viaja Frequentemente,1125,Investigacao e Desenvolvimento,16,1,Ciencias da Vida,2,Feminino,72,1,1,Investigador,1,Solteiro(a),3919,4681,1,Sim,22,4,2,0,10,5,3,10,2,6,7,Medio,Baixo,Baixo,Medio,Bom,Excecional,Abaixo da Licenciatura,8.273847,26-35,3k-6k,Longe (11-20),6-10 anos,3919.0,0.1875,1.0,1.6666666,2,99.7,Alto
42,0,Viaja Raramente,691,Vendas,8,4,Marketing,3,Masculino,48,3,2,Executivo de Vendas,2,Casado(a),6825,21173,0,Nao,11,3,4,1,10,2,3,9,7,4,2,Alto,Medio,Alto,Muito Alto,Bom,Excelente,Doutoramento,8.828494,36-45,6k-10k,Medio (6-10),6-10 anos,3412.5,0.0952381,0.9,3.0,0,3.1,Medio
44,0,Viaja Raramente,477,Investigacao e Desenvolvimento,7,4,Medicina,1,Feminino,42,2,3,Representante de Saude,4,Casado(a),10248,2094,3,Nao,14,3,4,1,24,4,3,22,6,5,17,Baixo,Muito Alto,Medio,Muito Alto,Bom,Excelente,Doutoramento,9.234936,36-45,10k-15k,Medio (6-10),20+ anos,3416.0,0.11363637,0.9166667,3.0,0,19.9,Alto
46,0,Viaja Raramente,705,Vendas,2,4,Marketing,2,Feminino,83,3,5,Gestor,1,Solteiro(a),18947,22822,3,Nao,12,3,4,0,22,2,2,2,2,2,1,Medio,Baixo,Alto,Muito Alto,Regular,Excelente,Doutoramento,9.849454,46-55,Acima 15k,Perto (0-5),0-2 anos,3789.4,0.04347826,0.09090909,2.3333333,0,0.8,Baixo
33,0,Viaja Raramente,924,Investigacao e Desenvolvimento,2,3,Medicina,3,Masculino,78,3,1,Tecnico de Laboratorio,4,Solteiro(a),2496,6670,4,Nao,11,3,4,0,7,3,3,1,1,0,0,Alto,Muito Alto,Alto,Muito Alto,Bom,Excelente,Mestrado,7.8228455,26-35,Ate 3k,Perto (0-5),0-2 anos,2496.0,0.0,0.14285715,3.6666667,0,5.3,Medio
44,0,Viaja Raramente,1459,Investigacao e Desenvolvimento,10,4,Outro,4,Masculino,41,3,2,Representante de Saude,4,Casado(a),6465,19121,2,Sim,13,3,4,0,9,5,4,4,2,1,3,Muito Alto,Muito Alto,Alto,Muito Alto,Excelente,Excelente,Doutoramento,8.774313,36-45,6k-10k,Medio (6-10),3-5 anos,3232.5,0.022727273,0.44444445,4.0,1,1.2,Baixo
30,0,Viaja Raramente,125,Investigacao e Desenvolvimento,9,2,Medicina,4,Masculino,83,2,1,Tecnico de Laboratorio,3,Solteiro(a),2206,16117,1,Nao,13,3,1,0,10,5,3,10,0,1,8,Muito Alto,Alto,Medio,Baixo,Bom,Excelente,Licenciatura,7.6993895,26-35,Ate 3k,Medio (6-10),6-10 anos,2206.0,0.033333335,1.0,2.6666667,0,4.4,Medio
39,1,Viaja Raramente,895,Vendas,5,3,Curso Tecnico,4,Masculino,56,3,2,Representante de Vendas,4,Casado(a),2086,3335,3,Nao,14,3,3,1,19,6,4,1,0,0,0,Muito Alto,Muito Alto,Alto,Alto,Excelente,Excelente,Mestrado,7.6434827,36-45,Ate 3k,Perto (0-5),0-2 anos,1043.0,0.0,0.05263158,3.6666667,0,71.8,Alto
24,1,Viaja Raramente,813,Investigacao e Desenvolvimento,1,3,Medicina,2,Masculino,61,3,1,Investigador,4,Casado(a),2293,3020,2,Sim,16,3,1,1,6,2,2,2,0,2,0,Medio,Muito Alto,Alto,Baixo,Regular,Excelente,Mestrado,7.7380524,18-25,Ate 3k,Perto (0-5),0-2 anos,2293.0,0.083333336,0.33333334,2.3333333,3,94.8,Alto
43,0,Viaja Raramente,1273,Investigacao e Desenvolvimento,2,2,Medicina,4,Feminino,72,4,1,Investigador,3,Divorciado(a),2645,21923,1,Nao,12,3,4,2,6,3,2,5,3,1,4,Muito Alto,Alto,Muito Alto,Muito Alto,Regular,Excelente,Licenciatura,7.8808045,36-45,Ate 3k,Perto (0-5),3-5 anos,2645.0,0.023255814,0.8333333,3.6666667,0,1.2,Baixo
50,1,Viaja Raramente,869,Vendas,3,2,Marketing,1,Masculino,86,2,1,Representante de Vendas,3,Casado(a),2683,3810,1,Sim,14,3,3,0,3,2,3,3,2,0,2,Baixo,Alto,Medio,Alto,Bom,Excelente,Licenciatura,7.8950634,46-55,Ate 3k,Perto (0-5),3-5 anos,2683.0,0.0,1.0,2.3333333,2,97.1,Alto
35,0,Viaja Raramente,890,Vendas,2,3,Marketing,4,Feminino,97,3,1,Representante de Vendas,4,Casado(a),2014,9687,1,Nao,13,3,1,0,2,3,3,2,2,2,2,Muito Alto,Muito Alto,Alto,Baixo,Bom,Excelente,Mestrado,7.6083746,26-35,Ate 3k,Perto (0-5),0-2 anos,2014.0,0.057142857,1.0,3.0,0,8.7,Medio
36,0,Viaja Raramente,852,Investigacao e Desenvolvimento,5,4,Ciencias da Vida,2,Feminino,82,2,1,Investigador,1,Casado(a),3419,13072,9,Sim,14,3,4,1,6,3,4,1,1,0,0,Medio,Baixo,Medio,Muito Alto,Excelente,Excelente,Doutoramento,8.137396,36-45,3k-6k,Perto (0-5),0-2 anos,3419.0,0.0,0.16666667,2.3333333,1,23.8,Alto
33,0,Viaja Frequentemente,1141,Vendas,1,3,Ciencias da Vida,3,Feminino,42,4,2,Executivo de Vendas,1,Casado(a),5376,3193,2,Nao,19,3,1,2,10,3,3,5,3,1,3,Alto,Baixo,Muito Alto,Baixo,Bom,Excelente,Mestrado,8.589886,26-35,3k-6k,Perto (0-5),3-5 anos,2688.0,0.030303031,0.5,1.6666666,0,6.7,Medio
35,0,Viaja Raramente,464,Investigacao e Desenvolvimento,4,2,Outro,3,Masculino,75,3,1,Tecnico de Laboratorio,4,Divorciado(a),1951,10910,1,Nao,12,3,3,1,1,3,3,1,0,0,0,Alto,Muito Alto,Alto,Alto,Bom,Excelente,Licenciatura,7.5766096,26-35,Ate 3k,Perto (0-5),0-2 anos,1951.0,0.0,1.0,3.3333333,0,18.8,Medio
27,0,Viaja Raramente,1240,Investigacao e Desenvolvimento,2,4,Ciencias da Vida,4,Feminino,33,3,1,Tecnico de Laboratorio,1,Divorciado(a),2341,19715,1,Nao,13,3,4,1,1,6,3,1,0,0,0,Muito Alto,Baixo,Alto,Muito Alto,Bom,Excelente,Doutoramento,7.7587605,26-35,Ate 3k,Perto (0-5),0-2 anos,2341.0,0.0,1.0,3.0,0,25.5,Alto
26,1,Viaja Raramente,1357,Investigacao e Desenvolvimento,25,3,Ciencias da Vida,1,Masculino,48,1,1,Tecnico de Laboratorio,3,Solteiro(a),2293,10558,1,Nao,12,3,3,0,1,2,2,1,0,0,1,Baixo,Alto,Baixo,Alto,Regular,Excelente,Mestrado,7.7380524,26-35,Ate 3k,Muito Longe (21+),0-2 anos,2293.0,0.0,1.0,2.3333333,0,99.3,Alto
27,0,Viaja Frequentemente,994,Vendas,8,3,Ciencias da Vida,4,Masculino,37,3,3,Executivo de Vendas,3,Solteiro(a),8726,2975,1,Nao,15,3,4,0,9,0,3,9,8,1,7,Muito Alto,Alto,Alto,Muito Alto,Bom,Excelente,Mestrado,9.074177,26-35,6k-10k,Medio (6-10),6-10 anos,2908.6667,0.037037037,1.0,3.6666667,0,5.7,Medio
30,0,Viaja Frequentemente,721,Investigacao e Desenvolvimento,1,2,Medicina,3,Feminino,58,3,2,Tecnico de Laboratorio,4,Solteiro(a),4011,10781,1,Nao,23,4,4,0,12,2,3,12,8,3,7,Alto,Muito Alto,Alto,Muito Alto,Bom,Excecional,Licenciatura,8.297045,26-35,3k-6k,Perto (0-5),11-20 anos,2005.5,0.1,1.0,3.6666667,0,1.8,Baixo
41,1,Viaja Raramente,1360,Investigacao e Desenvolvimento,12,3,Curso Tecnico,2,Feminino,49,3,5,Director de Investigacao,3,Casado(a),19545,16280,1,Nao,12,3,4,0,23,0,3,22,15,15,8,Medio,Alto,Alto,Muito Alto,Bom,Excelente,Mestrado,9.880526,36-45,Acima 15k,Longe (11-20),20+ anos,3909.0,0.36585367,0.95652175,3.0,0,94.7,Alto
34,0,Sem Viagem,1065,Vendas,23,4,Marketing,2,Masculino,72,3,2,Executivo de Vendas,3,Solteiro(a),4568,10034,0,Nao,20,4,3,0,10,2,3,9,5,8,7,Medio,Alto,Alto,Alto,Bom,Excecional,Doutoramento,8.42705,26-35,3k-6k,Muito Longe (21+),6-10 anos,2284.0,0.23529412,0.9,2.6666667,0,9.9,Medio
37,0,Viaja Raramente,408,Investigacao e Desenvolvimento,19,2,Ciencias da Vida,2,Masculino,73,3,1,Investigador,2,Casado(a),3022,10227,4,Nao,21,4,1,0,8,1,3,1,0,0,0,Medio,Medio,Alto,Baixo,Bom,Excecional,Licenciatura,8.014005,36-45,3k-6k,Longe (11-20),0-2 anos,3022.0,0.0,0.125,1.6666666,0,44.2,Alto
46,0,Viaja Frequentemente,1211,Vendas,5,4,Marketing,1,Masculino,98,3,2,Executivo de Vendas,4,Solteiro(a),5772,20445,4,Sim,21,4,3,0,14,4,3,9,6,0,8,Baixo,Muito Alto,Alto,Alto,Bom,Excecional,Doutoramento,8.660947,46-55,3k-6k,Perto (0-5),6-10 anos,2886.0,0.0,0.64285713,2.6666667,2,46.0,Alto
35,0,Viaja Raramente,1229,Investigacao e Desenvolvimento,8,1,Ciencias da Vida,4,Masculino,36,4,1,Tecnico de Laboratorio,4,Casado(a),2269,4892,1,Nao,19,3,4,0,1,2,3,1,0,0,1,Muito Alto,Muito Alto,Muito Alto,Muito Alto,Bom,Excelente,Abaixo da Licenciatura,7.7275352,26-35,Ate 3k,Medio (6-10),0-2 anos,2269.0,0.0,1.0,4.0,0,0.6,Baixo
48,1,Viaja Raramente,626,Investigacao e Desenvolvimento,1,2,Ciencias da Vida,1,Masculino,98,2,3,Tecnico de Laboratorio,3,Solteiro(a),5381,19294,9,Sim,13,3,4,0,23,2,3,1,0,0,0,Baixo,Alto,Medio,Muito Alto,Bom,Excelente,Licenciatura,8.590816,46-55,3k-6k,Perto (0-5),0-2 anos,1793.6666,0.0,0.04347826,2.6666667,2,90.6,Alto
28,1,Viaja Raramente,1434,Investigacao e Desenvolvimento,5,4,Curso Tecnico,3,Masculino,50,3,1,Tecnico de Laboratorio,3,Solteiro(a),3441,11179,1,Sim,13,3,3,0,2,3,2,2,2,2,2,Alto,Alto,Alto,Alto,Regular,Excelente,Doutoramento,8.143808,26-35,3k-6k,Perto (0-5),0-2 anos,3441.0,0.071428575,1.0,3.0,3,97.9,Alto
44,0,Viaja Raramente,1488,Vendas,1,5,Marketing,2,Feminino,75,3,2,Executivo de Vendas,1,Divorciado(a),5454,4009,5,Sim,21,4,3,1,9,2,2,4,3,1,3,Medio,Baixo,Alto,Alto,Regular,Excecional,Pos-Doc,8.604288,36-45,3k-6k,Perto (0-5),3-5 anos,2727.0,0.022727273,0.44444445,2.0,3,14.6,Medio
35,0,Sem Viagem,1097,Investigacao e Desenvolvimento,11,2,Medicina,3,Masculino,79,2,3,Representante de Saude,1,Casado(a),9884,8302,2,Sim,13,3,3,1,10,3,3,4,0,2,3,Alto,Baixo,Medio,Alto,Bom,Excelente,Licenciatura,9.198773,26-35,6k-10k,Longe (11-20),3-5 anos,3294.6667,0.057142857,0.4,2.3333333,2,41.5,Alto
26,0,Viaja Raramente,1443,Vendas,23,3,Marketing,3,Feminino,47,2,2,Executivo de Vendas,4,Casado(a),4157,21436,7,Sim,19,3,3,1,5,2,2,2,2,0,0,Alto,Muito Alto,Medio,Alto,Regular,Excelente,Mestrado,8.332789,26-35,3k-6k,Muito Longe (21+),0-2 anos,2078.5,0.0,0.4,3.3333333,3,39.9,Alto
33,0,Viaja Frequentemente,515,Investigacao e Desenvolvimento,1,2,Ciencias da Vida,1,Feminino,98,3,3,Director de Investigacao,4,Solteiro(a),13458,15146,1,Sim,12,3,3,0,15,1,3,15,14,8,12,Baixo,Muito Alto,Alto,Alto,Bom,Excelente,Licenciatura,9.507403,26-35,10k-15k,Perto (0-5),11-20 anos,4486.0,0.24242425,1.0,2.6666667,2,22.5,Alto
35,0,Viaja Frequentemente,853,Vendas,18,5,Ciencias da Vida,2,Masculino,71,3,3,Executivo de Vendas,1,Casado(a),9069,11031,1,Nao,22,4,4,1,9,3,2,9,8,1,8,Medio,Baixo,Alto,Muito Alto,Regular,Excecional,Pos-Doc,9.112727,26-35,6k-10k,Longe (11-20),6-10 anos,3023.0,0.028571429,1.0,2.3333333,0,8.3,Medio
35,0,Viaja Raramente,1142,Investigacao e Desenvolvimento,23,4,Medicina,3,Feminino,30,3,1,Tecnico de Laboratorio,1,Casado(a),4014,16002,3,Sim,15,3,3,1,4,3,3,2,2,2,2,Alto,Baixo,Alto,Alto,Bom,Excelente,Doutoramento,8.297792,26-35,3k-6k,Muito Longe (21+),0-2 anos,4014.0,0.057142857,0.5,2.3333333,2,32.1,Alto
31,0,Viaja Raramente,655,Investigacao e Desenvolvimento,7,4,Ciencias da Vida,4,Masculino,48,3,2,Tecnico de Laboratorio,4,Divorciado(a),5915,9528,3,Nao,22,4,4,1,10,3,2,7,7,1,7,Muito Alto,Muito Alto,Alto,Muito Alto,Regular,Excecional,Doutoramento,8.685416,26-35,3k-6k,Medio (6-10),6-10 anos,2957.5,0.032258064,0.7,4.0,0,0.7,Baixo
37,0,Viaja Raramente,1115,Investigacao e Desenvolvimento,1,4,Ciencias da Vida,1,Masculino,51,2,2,Director de Producao,3,Divorciado(a),5993,2689,1,Nao,18,3,3,1,7,2,4,7,5,0,7,Baixo,Alto,Medio,Alto,Excelente,Excelente,Doutoramento,8.698514,36-45,3k-6k,Perto (0-5),6-10 anos,2996.5,0.0,1.0,2.3333333,0,0.1,Baixo
32,0,Viaja Raramente,427,Investigacao e Desenvolvimento,1,3,Medicina,1,Masculino,33,3,2,Director de Producao,4,Casado(a),6162,10877,1,Sim,22,4,2,1,9,3,3,9,8,7,8,Baixo,Muito Alto,Alto,Medio,Bom,Excecional,Mestrado,8.726319,26-35,6k-10k,Perto (0-5),6-10 anos,3081.0,0.21875,1.0,2.3333333,2,1.3,Baixo
38,0,Viaja Frequentemente,653,Investigacao e Desenvolvimento,29,5,Ciencias da Vida,4,Feminino,50,3,2,Tecnico de Laboratorio,4,Solteiro(a),2406,5456,1,Nao,11,3,4,0,10,2,3,10,3,9,9,Muito Alto,Muito Alto,Alto,Muito Alto,Bom,Excelente,Pos-Doc,7.7861366,36-45,Ate 3k,Muito Longe (21+),6-10 anos,1203.0,0.23684211,1.0,4.0,0,6.0,Medio
50,0,Viaja Raramente,989,Investigacao e Desenvolvimento,7,2,Medicina,2,Feminino,43,2,5,Director de Investigacao,3,Divorciado(a),18740,16701,5,Sim,12,3,4,1,29,2,2,27,3,13,8,Medio,Alto,Medio,Muito Alto,Regular,Excelente,Licenciatura,9.838469,46-55,Acima 15k,Medio (6-10),20+ anos,3748.0,0.26,0.9310345,3.0,3,67.1,Alto
59,0,Viaja Raramente,1435,Vendas,25,3,Ciencias da Vida,1,Feminino,99,3,3,Executivo de Vendas,1,Solteiro(a),7637,2354,7,Nao,11,3,4,0,28,3,2,21,16,7,9,Baixo,Baixo,Alto,Muito Alto,Regular,Excelente,Mestrado,8.940891,56-65,6k-10k,Muito Longe (21+),20+ anos,2545.6667,0.118644066,0.75,2.0,0,39.6,Alto
36,0,Viaja Raramente,1223,Investigacao e Desenvolvimento,8,3,Curso Tecnico,3,Feminino,59,3,3,Representante de Saude,3,Divorciado(a),10096,8202,1,Nao,13,3,2,3,17,2,3,17,14,12,8,Alto,Alto,Alto,Medio,Bom,Excelente,Mestrado,9.219994,36-45,10k-15k,Medio (6-10),11-20 anos,3365.3333,0.33333334,1.0,2.6666667,0,3.9,Medio
55,0,Viaja Raramente,836,Investigacao e Desenvolvimento,8,3,Medicina,4,Feminino,33,3,4,Gestor,3,Divorciado(a),14756,19730,2,Sim,14,3,3,3,21,2,3,5,0,0,2,Muito Alto,Alto,Alto,Alto,Bom,Excelente,Mestrado,9.599473,46-55,10k-15k,Medio (6-10),3-5 anos,3689.0,0.0,0.23809524,3.3333333,2,0.7,Baixo
36,0,Viaja Frequentemente,1195,Investigacao e Desenvolvimento,11,3,Ciencias da Vida,2,Masculino,95,2,2,Director de Producao,2,Solteiro(a),6499,22656,1,Nao,13,3,3,0,6,3,3,6,5,0,3,Medio,Medio,Medio,Alto,Bom,Excelente,Mestrado,8.779557,36-45,6k-10k,Longe (11-20),6-10 anos,3249.5,0.0,1.0,2.3333333,0,20.9,Alto
45,0,Viaja Raramente,1339,Investigacao e Desenvolvimento,7,3,Ciencias da Vida,2,Masculino,59,3,3,Investigador,1,Divorciado(a),9724,18787,2,Nao,17,3,3,1,25,2,3,1,0,0,0,Medio,Baixo,Alto,Alto,Bom,Excelente,Mestrado,9.182455,36-45,6k-10k,Medio (6-10),0-2 anos,3241.3333,0.0,0.04,2.0,0,8.9,Medio
35,0,Viaja Frequentemente,664,Investigacao e Desenvolvimento,1,3,Medicina,2,Masculino,79,3,1,Investigador,1,Casado(a),2194,5868,4,Nao,13,3,4,1,5,2,2,3,2,1,2,Medio,Baixo,Alto,Muito Alto,Regular,Excelente,Mestrado,7.6939373,26-35,Ate 3k,Perto (0-5),3-5 anos,2194.0,0.028571429,0.6,2.3333333,0,3.1,Medio
36,1,Viaja Raramente,318,Investigacao e Desenvolvimento,9,3,Medicina,4,Masculino,79,2,1,Investigador,3,Casado(a),3388,21777,0,Sim,17,3,1,1,2,0,2,1,0,0,0,Muito Alto,Alto,Medio,Baixo,Regular,Excelente,Mestrado,8.12829,36-45,3k-6k,Medio (6-10),0-2 anos,3388.0,0.0,0.5,2.6666667,3,95.6,Alto
59,0,Viaja Frequentemente,1225,Vendas,1,1,Ciencias da Vida,1,Feminino,57,2,2,Executivo de Vendas,3,Solteiro(a),5473,24668,7,Nao,11,3,4,0,20,2,2,4,3,1,3,Baixo,Alto,Medio,Muito Alto,Regular,Excelente,Abaixo da Licenciatura,8.607765,56-65,3k-6k,Perto (0-5),3-5 anos,2736.5,0.016949153,0.2,2.6666667,0,65.2,Alto
29,0,Viaja Raramente,1328,Investigacao e Desenvolvimento,2,3,Ciencias da Vida,3,Masculino,76,3,1,Investigador,2,Casado(a),2703,4956,0,Nao,23,4,4,1,6,3,3,5,4,0,4,Alto,Medio,Alto,Muito Alto,Bom,Excecional,Mestrado,7.9024873,26-35,Ate 3k,Perto (0-5),3-5 anos,2703.0,0.0,0.8333333,3.0,0,0.1,Baixo
31,0,Viaja Raramente,1082,Investigacao e Desenvolvimento,1,4,Medicina,3,Masculino,87,3,1,Investigador,2,Solteiro(a),2501,18775,1,Nao,17,3,2,0,1,4,3,1,1,1,0,Alto,Medio,Alto,Medio,Bom,Excelente,Doutoramento,7.824846,26-35,Ate 3k,Perto (0-5),0-2 anos,2501.0,0.032258064,1.0,2.3333333,0,25.6,Alto
32,0,Viaja Raramente,548,Investigacao e Desenvolvimento,1,3,Ciencias da Vida,2,Masculino,66,3,2,Investigador,2,Casado(a),6220,7346,1,Nao,17,3,2,2,10,3,3,10,4,0,9,Medio,Medio,Alto,Medio,Bom,Excelente,Mestrado,8.735686,26-35,6k-10k,Perto (0-5),6-10 anos,3110.0,0.0,1.0,2.0,0,0.2,Baixo
36,0,Viaja Raramente,132,Investigacao e Desenvolvimento,6,3,Ciencias da Vida,2,Feminino,55,4,1,Tecnico de Laboratorio,4,Casado(a),3038,22002,3,Nao,12,3,2,0,5,3,3,1,0,0,0,Medio,Muito Alto,Muito Alto,Medio,Bom,Excelente,Mestrado,8.019284,36-45,3k-6k,Medio (6-10),0-2 anos,3038.0,0.0,0.2,2.6666667,0,1.2,Baixo
31,0,Viaja Raramente,746,Investigacao e Desenvolvimento,8,4,Ciencias da Vida,3,Feminino,61,3,2,Director de Producao,4,Solteiro(a),4424,20682,1,Nao,23,4,4,0,11,2,3,11,7,1,8,Alto,Muito Alto,Alto,Muito Alto,Bom,Excecional,Doutoramento,8.395025,26-35,3k-6k,Medio (6-10),11-20 anos,2212.0,0.032258064,1.0,3.6666667,0,0.3,Baixo
35,0,Viaja Raramente,776,Vendas,1,4,Marketing,3,Masculino,32,2,2,Executivo de Vendas,1,Solteiro(a),4312,23016,0,Nao,14,3,2,0,16,2,3,15,13,2,8,Alto,Baixo,Medio,Medio,Bom,Excelente,Doutoramento,8.369389,26-35,3k-6k,Perto (0-5),11-20 anos,2156.0,0.057142857,0.9375,2.0,0,16.9,Medio
45,0,Viaja Raramente,193,Investigacao e Desenvolvimento,6,4,Outro,4,Masculino,52,3,3,Director de Investigacao,1,Casado(a),13245,15067,4,Sim,14,3,2,0,17,3,4,0,0,0,0,Muito Alto,Baixo,Alto,Medio,Excelente,Excelente,Doutoramento,9.491451,36-45,10k-15k,Medio (6-10),0-2 anos,4415.0,0.0,0.0,2.3333333,1,26.3,Alto
37,0,Viaja Raramente,397,Investigacao e Desenvolvimento,7,4,Medicina,1,Masculino,30,3,3,Director de Investigacao,3,Solteiro(a),13664,25258,4,Nao,13,3,1,0,16,3,4,5,2,0,2,Baixo,Alto,Alto,Baixo,Excelente,Excelente,Doutoramento,9.5225935,36-45,10k-15k,Medio (6-10),3-5 anos,4554.6665,0.0,0.3125,1.6666666,0,2.3,Baixo
46,0,Viaja Raramente,945,Recursos Humanos,5,2,Medicina,2,Masculino,80,3,2,Recursos Humanos,2,Divorciado(a),5021,10425,8,Sim,22,4,4,1,16,2,3,4,2,0,2,Medio,Medio,Alto,Muito Alto,Bom,Excecional,Licenciatura,8.521584,46-55,3k-6k,Perto (0-5),3-5 anos,2510.5,0.0,0.25,2.6666667,2,13.6,Medio
30,0,Viaja Raramente,852,Investigacao e Desenvolvimento,1,1,Ciencias da Vida,4,Masculino,55,2,2,Tecnico de Laboratorio,4,Casado(a),5126,15998,1,Sim,12,3,3,2,10,1,2,10,8,3,0,Muito Alto,Muito Alto,Medio,Alto,Regular,Excelente,Abaixo da Licenciatura,8.542276,26-35,3k-6k,Perto (0-5),6-10 anos,2563.0,0.1,1.0,3.6666667,3,15.8,Medio
35,0,Viaja Raramente,1214,Investigacao e Desenvolvimento,1,3,Medicina,2,Masculino,30,2,1,Investigador,3,Solteiro(a),2859,26278,1,Nao,18,3,1,0,6,3,3,6,4,0,4,Medio,Alto,Medio,Baixo,Bom,Excelente,Mestrado,7.9585767,26-35,Ate 3k,Perto (0-5),6-10 anos,2859.0,0.0,1.0,2.0,0,1.3,Baixo
55,0,Viaja Raramente,111,Vendas,1,2,Ciencias da Vida,1,Masculino,70,3,3,Executivo de Vendas,4,Casado(a),10239,18092,3,Nao,14,3,4,1,24,4,3,1,0,1,0,Baixo,Muito Alto,Alto,Muito Alto,Bom,Excelente,Licenciatura,9.234056,46-55,10k-15k,Perto (0-5),0-2 anos,3413.0,0.018181818,0.041666668,3.0,0,18.1,Medio
38,0,Sem Viagem,573,Investigacao e Desenvolvimento,6,3,Medicina,2,Feminino,79,1,2,Investigador,4,Divorciado(a),5329,15717,7,Sim,12,3,4,3,17,3,3,13,11,1,9,Medio,Muito Alto,Baixo,Muito Alto,Bom,Excelente,Mestrado,8.581106,36-45,3k-6k,Medio (6-10),11-20 anos,2664.5,0.02631579,0.7647059,3.3333333,2,2.0,Baixo
34,0,Viaja Raramente,1153,Investigacao e Desenvolvimento,1,2,Medicina,1,Masculino,94,3,2,Director de Producao,2,Casado(a),4325,17736,1,Nao,15,3,3,0,5,2,3,5,2,1,3,Baixo,Medio,Alto,Alto,Bom,Excelente,Licenciatura,8.372398,26-35,3k-6k,Perto (0-5),3-5 anos,2162.5,0.029411765,1.0,2.0,0,2.6,Baixo
56,0,Viaja Raramente,1400,Investigacao e Desenvolvimento,7,3,Ciencias da Vida,4,Masculino,49,1,3,Director de Producao,4,Solteiro(a),7260,21698,4,Nao,11,3,1,0,37,3,2,6,4,0,2,Muito Alto,Muito Alto,Baixo,Baixo,Regular,Excelente,Mestrado,8.890273,56-65,6k-10k,Medio (6-10),6-10 anos,2420.0,0.0,0.16216215,3.0,0,20.4,Alto
23,0,Viaja Raramente,541,Vendas,2,1,Curso Tecnico,3,Masculino,62,3,1,Representante de Vendas,1,Divorciado(a),2322,9518,3,Nao,13,3,3,1,3,3,3,0,0,0,0,Alto,Baixo,Alto,Alto,Bom,Excelente,Abaixo da Licenciatura,7.7506146,18-25,Ate 3k,Perto (0-5),0-2 anos,2322.0,0.0,0.0,2.3333333,0,62.9,Alto
51,0,Viaja Raramente,432,Investigacao e Desenvolvimento,9,4,Ciencias da Vida,4,Masculino,96,3,1,Tecnico de Laboratorio,4,Casado(a),2075,18725,3,Nao,23,4,2,2,10,4,3,4,2,0,3,Muito Alto,Muito Alto,Alto,Medio,Bom,Excecional,Doutoramento,7.6381984,46-55,Ate 3k,Medio (6-10),3-5 anos,2075.0,0.0,0.4,3.3333333,0,1.1,Baixo
30,0,Viaja Raramente,288,Investigacao e Desenvolvimento,2,3,Ciencias da Vida,3,Masculino,99,2,2,Representante de Saude,4,Casado(a),4152,15830,1,Nao,19,3,1,3,11,3,3,11,10,10,8,Alto,Muito Alto,Medio,Baixo,Bom,Excelente,Mestrado,8.331586,26-35,3k-6k,Perto (0-5),11-20 anos,2076.0,0.33333334,1.0,2.6666667,0,0.3,Baixo
46,1,Viaja Raramente,669,Vendas,9,2,Medicina,3,Masculino,64,2,3,Executivo de Vendas,4,Solteiro(a),9619,13596,1,Nao,16,3,4,0,9,3,3,9,8,4,7,Alto,Muito Alto,Medio,Muito Alto,Bom,Excelente,Licenciatura,9.171599,46-55,6k-10k,Medio (6-10),6-10 anos,3206.3333,0.08695652,1.0,3.6666667,0,84.9,Alto
40,0,Viaja Frequentemente,530,Investigacao e Desenvolvimento,1,4,Ciencias da Vida,3,Masculino,78,2,4,Representante de Saude,2,Casado(a),13503,14115,1,Nao,22,4,4,1,22,3,2,22,3,11,11,Alto,Medio,Medio,Muito Alto,Regular,Excecional,Doutoramento,9.510741,36-45,10k-15k,Perto (0-5),20+ anos,3375.75,0.275,1.0,3.0,0,1.2,Baixo
51,0,Viaja Raramente,632,Vendas,21,4,Marketing,3,Masculino,71,3,2,Executivo de Vendas,4,Solteiro(a),5441,8423,0,Sim,22,4,4,0,11,2,1,10,7,1,0,Alto,Muito Alto,Alto,Muito Alto,Mau,Excecional,Doutoramento,8.601902,46-55,3k-6k,Muito Longe (21+),6-10 anos,2720.5,0.019607844,0.90909094,3.6666667,4,29.4,Alto
30,0,Viaja Raramente,1334,Vendas,4,2,Medicina,3,Feminino,63,2,2,Executivo de Vendas,2,Divorciado(a),5209,19760,1,Sim,12,3,2,3,11,4,2,11,8,2,7,Alto,Medio,Medio,Medio,Regular,Excelente,Licenciatura,8.558335,26-35,3k-6k,Perto (0-5),11-20 anos,2604.5,0.06666667,1.0,2.3333333,3,11.0,Medio
46,0,Viaja Frequentemente,638,Investigacao e Desenvolvimento,1,3,Medicina,3,Masculino,40,2,3,Representante de Saude,1,Casado(a),10673,3142,2,Sim,13,3,3,1,21,5,2,10,9,9,5,Alto,Baixo,Medio,Alto,Regular,Excelente,Mestrado,9.275566,46-55,10k-15k,Perto (0-5),6-10 anos,3557.6667,0.19565217,0.47619048,2.3333333,3,14.0,Medio
32,0,Viaja Raramente,1093,Vendas,6,4,Medicina,2,Masculino,87,3,2,Executivo de Vendas,3,Solteiro(a),5010,24301,1,Nao,16,3,1,0,12,0,3,11,8,5,7,Medio,Alto,Alto,Baixo,Bom,Excelente,Doutoramento,8.519391,26-35,3k-6k,Medio (6-10),11-20 anos,2505.0,0.15625,0.9166667,2.0,0,44.3,Alto
54,0,Viaja Raramente,1217,Investigacao e Desenvolvimento,2,4,Curso Tecnico,1,Feminino,60,3,3,Director de Investigacao,3,Casado(a),13549,24001,9,Nao,12,3,1,1,16,5,1,4,3,0,3,Baixo,Alto,Alto,Baixo,Mau,Excelente,Doutoramento,9.514142,46-55,10k-15k,Perto (0-5),3-5 anos,4516.3335,0.0,0.25,1.6666666,0,4.7,Medio
24,0,Viaja Raramente,1353,Vendas,3,2,Outro,1,Feminino,33,3,2,Executivo de Vendas,3,Casado(a),4999,17519,0,Nao,21,4,1,1,4,2,2,3,2,0,2,Baixo,Alto,Alto,Baixo,Regular,Excecional,Licenciatura,8.517193,18-25,3k-6k,Perto (0-5),3-5 anos,2499.5,0.0,0.75,1.6666666,0,12.0,Medio
28,0,Sem Viagem,120,Vendas,4,3,Medicina,2,Masculino,43,3,2,Executivo de Vendas,3,Casado(a),4221,8863,1,Nao,15,3,2,0,5,3,4,5,4,0,4,Medio,Alto,Alto,Medio,Excelente,Excelente,Mestrado,8.348064,26-35,3k-6k,Perto (0-5),3-5 anos,2110.5,0.0,1.0,2.3333333,0,0.3,Baixo
58,0,Viaja Raramente,682,Vendas,10,4,Medicina,4,Masculino,37,3,4,Executivo de Vendas,3,Solteiro(a),13872,24409,0,Nao,13,3,3,0,38,1,2,37,10,1,8,Muito Alto,Alto,Alto,Alto,Regular,Excelente,Doutoramento,9.5377,56-65,10k-15k,Medio (6-10),20+ anos,3468.0,0.01724138,0.9736842,3.3333333,0,17.3,Medio
44,0,Sem Viagem,489,Investigacao e Desenvolvimento,23,3,Medicina,2,Masculino,67,3,2,Tecnico de Laboratorio,2,Casado(a),2042,25043,4,Nao,12,3,3,1,17,3,4,3,2,1,2,Medio,Medio,Alto,Alto,Excelente,Excelente,Mestrado,7.6221747,36-45,Ate 3k,Muito Longe (21+),3-5 anos,1021.0,0.022727273,0.1764706,2.3333333,0,5.7,Medio
37,1,Viaja Raramente,807,Recursos Humanos,6,4,Recursos Humanos,3,Masculino,63,3,1,Recursos Humanos,1,Divorciado(a),2073,23648,4,Sim,22,4,4,0,7,3,3,3,2,0,2,Alto,Baixo,Alto,Muito Alto,Bom,Excecional,Doutoramento,7.637234,36-45,Ate 3k,Medio (6-10),3-5 anos,2073.0,0.0,0.42857143,2.6666667,2,95.1,Alto
32,0,Viaja Raramente,827,Investigacao e Desenvolvimento,1,1,Ciencias da Vida,4,Masculino,71,3,1,Investigador,1,Solteiro(a),2956,15178,1,Nao,13,3,4,0,1,2,3,1,0,0,0,Muito Alto,Baixo,Alto,Muito Alto,Bom,Excelente,Abaixo da Licenciatura,7.9919305,26-35,Ate 3k,Perto (0-5),0-2 anos,2956.0,0.0,1.0,3.0,0,1.9,Baixo
20,1,Viaja Frequentemente,871,Investigacao e Desenvolvimento,6,3,Ciencias da Vida,4,Feminino,66,2,1,Tecnico de Laboratorio,4,Solteiro(a),2926,19783,1,Sim,18,3,2,0,1,5,3,1,0,1,0,Muito Alto,Muito Alto,Medio,Medio,Bom,Excelente,Mestrado,7.9817333,18-25,Ate 3k,Medio (6-10),0-2 anos,2926.0,0.05,1.0,3.3333333,2,96.0,Alto
34,0,Viaja Raramente,665,Investigacao e Desenvolvimento,6,4,Outro,1,Feminino,41,3,2,Investigador,3,Solteiro(a),4809,12482,1,Nao,14,3,3,0,16,3,3,16,13,2,10,Baixo,Alto,Alto,Alto,Bom,Excelente,Doutoramento,8.478453,26-35,3k-6k,Medio (6-10),11-20 anos,2404.5,0.05882353,1.0,2.3333333,0,1.0,Baixo
37,0,Sem Viagem,1040,Investigacao e Desenvolvimento,2,2,Ciencias da Vida,3,Masculino,100,2,2,Representante de Saude,4,Divorciado(a),5163,15850,5,Nao,14,3,4,1,17,2,4,1,0,0,0,Alto,Muito Alto,Medio,Muito Alto,Excelente,Excelente,Licenciatura,8.549467,36-45,3k-6k,Perto (0-5),0-2 anos,2581.5,0.0,0.05882353,3.6666667,0,0.8,Baixo
59,0,Sem Viagem,1420,Recursos Humanos,2,4,Recursos Humanos,3,Feminino,32,2,5,Gestor,4,Casado(a),18844,21922,9,Nao,21,4,4,1,30,3,3,3,2,2,2,Alto,Muito Alto,Medio,Muito Alto,Bom,Excecional,Doutoramento,9.844003,56-65,Acima 15k,Perto (0-5),3-5 anos,3768.8,0.033898305,0.1,3.6666667,0,0.3,Baixo
50,0,Viaja Frequentemente,1115,Investigacao e Desenvolvimento,1,3,Ciencias da Vida,1,Feminino,73,3,5,Director de Investigacao,2,Casado(a),18172,9755,3,Sim,19,3,1,0,28,1,2,8,3,0,7,Baixo,Medio,Alto,Baixo,Regular,Excelente,Mestrado,9.807693,46-55,Acima 15k,Perto (0-5),6-10 anos,3634.4,0.0,0.2857143,1.3333334,3,39.8,Alto
25,1,Viaja Raramente,240,Vendas,5,3,Marketing,3,Masculino,46,2,2,Executivo de Vendas,3,Solteiro(a),5744,26959,1,Sim,11,3,4,0,6,1,3,6,4,0,3,Alto,Alto,Medio,Muito Alto,Bom,Excelente,Mestrado,8.656085,18-25,3k-6k,Perto (0-5),6-10 anos,2872.0,0.0,1.0,3.3333333,2,92.9,Alto
25,0,Viaja Raramente,1280,Investigacao e Desenvolvimento,7,1,Medicina,4,Masculino,64,2,1,Investigador,4,Casado(a),2889,26897,1,Nao,11,3,3,2,2,2,3,2,2,2,1,Muito Alto,Muito Alto,Medio,Alto,Bom,Excelente,Abaixo da Licenciatura,7.969012,18-25,Ate 3k,Medio (6-10),0-2 anos,2889.0,0.08,1.0,3.6666667,0,1.9,Baixo
22,0,Viaja Raramente,534,Investigacao e Desenvolvimento,15,3,Medicina,2,Feminino,59,3,1,Tecnico de Laboratorio,4,Solteiro(a),2871,23785,1,Nao,15,3,3,0,1,5,3,0,0,0,0,Medio,Muito Alto,Alto,Alto,Bom,Excelente,Mestrado,7.962764,18-25,Ate 3k,Longe (11-20),0-2 anos,2871.0,0.0,0.0,3.0,0,37.2,Alto
51,0,Viaja Frequentemente,1456,Investigacao e Desenvolvimento,1,4,Medicina,1,Feminino,30,2,3,Representante de Saude,1,Solteiro(a),7484,25796,3,Nao,20,4,3,0,23,1,2,13,12,12,8,Baixo,Baixo,Medio,Alto,Regular,Excecional,Doutoramento,8.920656,46-55,6k-10k,Perto (0-5),11-20 anos,2494.6667,0.23529412,0.5652174,1.6666666,0,42.3,Alto
34,1,Viaja Frequentemente,658,Investigacao e Desenvolvimento,7,3,Ciencias da Vida,1,Masculino,66,1,2,Tecnico de Laboratorio,3,Solteiro(a),6074,22887,1,Sim,24,4,4,0,9,3,3,9,7,0,6,Baixo,Alto,Baixo,Muito Alto,Bom,Excecional,Mestrado,8.711937,26-35,6k-10k,Medio (6-10),6-10 anos,3037.0,0.0,1.0,2.6666667,2,94.8,Alto
54,0,Sem Viagem,142,Recursos Humanos,26,3,Recursos Humanos,4,Feminino,30,4,4,Gestor,4,Solteiro(a),17328,13871,2,Sim,12,3,3,0,23,3,3,5,3,4,4,Muito Alto,Muito Alto,Muito Alto,Alto,Bom,Excelente,Mestrado,9.760137,46-55,Acima 15k,Muito Longe (21+),3-5 anos,4332.0,0.074074075,0.2173913,3.6666667,2,9.6,Medio
24,0,Viaja Raramente,1127,Investigacao e Desenvolvimento,18,1,Ciencias da Vida,2,Masculino,52,3,1,Tecnico de Laboratorio,3,Casado(a),2774,13257,0,Nao,12,3,3,1,6,2,3,5,3,1,2,Medio,Alto,Alto,Alto,Bom,Excelente,Abaixo da Licenciatura,7.9284062,18-25,Ate 3k,Longe (11-20),3-5 anos,2774.0,0.041666668,0.8333333,2.6666667,0,2.9,Baixo
34,0,Viaja Raramente,1031,Investigacao e Desenvolvimento,6,4,Ciencias da Vida,3,Feminino,45,2,2,Investigador,2,Divorciado(a),4505,15000,6,Nao,15,3,3,1,12,3,3,1,0,0,0,Alto,Medio,Medio,Alto,Bom,Excelente,Doutoramento,8.413165,26-35,3k-6k,Medio (6-10),0-2 anos,2252.5,0.0,0.083333336,2.6666667,0,2.0,Baixo
37,0,Viaja Raramente,1189,Vendas,3,3,Ciencias da Vida,3,Masculino,87,3,3,Executivo de Vendas,4,Solteiro(a),7428,14506,2,Nao,12,3,1,0,12,3,3,5,3,1,3,Alto,Muito Alto,Alto,Baixo,Bom,Excelente,Mestrado,8.913147,36-45,6k-10k,Perto (0-5),3-5 anos,2476.0,0.027027028,0.41666666,2.6666667,0,0.6,Baixo
34,0,Viaja Raramente,1354,Investigacao e Desenvolvimento,5,3,Medicina,3,Feminino,45,2,3,Gestor,1,Solteiro(a),11631,5615,2,Nao,12,3,4,0,14,6,3,11,10,5,8,Alto,Baixo,Medio,Muito Alto,Bom,Excelente,Mestrado,9.361515,26-35,10k-15k,Perto (0-5),11-20 anos,3877.0,0.14705883,0.78571427,2.6666667,0,1.3,Baixo
36,0,Viaja Frequentemente,1467,Vendas,11,2,Curso Tecnico,2,Feminino,92,3,3,Executivo de Vendas,4,Casado(a),9738,22952,0,Nao,14,3,3,1,10,6,3,9,7,2,8,Medio,Muito Alto,Alto,Alto,Bom,Excelente,Licenciatura,9.183894,36-45,6k-10k,Longe (11-20),6-10 anos,3246.0,0.055555556,0.9,3.0,0,11.1,Medio
36,0,Viaja Raramente,922,Investigacao e Desenvolvimento,3,2,Ciencias da Vida,1,Feminino,39,3,1,Tecnico de Laboratorio,4,Divorciado(a),2835,2561,5,Nao,22,4,1,1,7,2,3,1,0,0,0,Baixo,Muito Alto,Alto,Baixo,Bom,Excecional,Licenciatura,7.95015,36-45,Ate 3k,Perto (0-5),0-2 anos,2835.0,0.0,0.14285715,2.0,0,16.5,Medio
43,0,Viaja Frequentemente,394,Vendas,26,2,Ciencias da Vida,3,Masculino,92,3,4,Gestor,4,Casado(a),16959,19494,1,Sim,12,3,4,2,25,3,4,25,12,4,12,Alto,Muito Alto,Alto,Muito Alto,Excelente,Excelente,Licenciatura,9.738613,36-45,Acima 15k,Muito Longe (21+),20+ anos,4239.75,0.093023255,1.0,3.6666667,1,6.9,Medio
30,0,Viaja Frequentemente,1312,Investigacao e Desenvolvimento,23,3,Ciencias da Vida,1,Masculino,96,1,1,Investigador,3,Divorciado(a),2613,22310,1,Nao,25,4,3,3,10,2,2,10,7,0,9,Baixo,Alto,Baixo,Alto,Regular,Excecional,Mestrado,7.868637,26-35,Ate 3k,Muito Longe (21+),6-10 anos,2613.0,0.0,1.0,2.3333333,0,20.8,Alto
33,0,Sem Viagem,750,Vendas,22,2,Marketing,3,Masculino,95,3,2,Executivo de Vendas,2,Casado(a),6146,15480,0,Nao,13,3,1,1,8,2,4,7,7,0,7,Alto,Medio,Alto,Baixo,Excelente,Excelente,Licenciatura,8.72372,26-35,6k-10k,Muito Longe (21+),6-10 anos,3073.0,0.0,0.875,2.0,0,2.5,Baixo
56,1,Viaja Raramente,441,Investigacao e Desenvolvimento,14,4,Ciencias da Vida,2,Feminino,72,3,1,Investigador,2,Casado(a),4963,4510,9,Sim,18,3,1,3,7,2,3,5,4,4,3,Medio,Medio,Alto,Baixo,Bom,Excelente,Doutoramento,8.509967,56-65,3k-6k,Longe (11-20),3-5 anos,4963.0,0.071428575,0.71428573,1.6666666,2,97.6,Alto
51,0,Viaja Raramente,684,Investigacao e Desenvolvimento,6,3,Ciencias da Vida,1,Masculino,51,3,5,Director de Investigacao,3,Solteiro(a),19537,6462,7,Nao,13,3,3,0,23,5,3,20,18,15,15,Baixo,Alto,Alto,Alto,Bom,Excelente,Mestrado,9.880116,46-55,Acima 15k,Medio (6-10),11-20 anos,3907.4,0.29411766,0.8695652,2.3333333,0,4.5,Medio
31,1,Viaja Raramente,249,Vendas,6,4,Ciencias da Vida,2,Masculino,76,1,2,Executivo de Vendas,3,Casado(a),6172,20739,4,Sim,18,3,2,0,12,3,2,7,7,7,7,Medio,Alto,Baixo,Medio,Regular,Excelente,Doutoramento,8.727941,26-35,6k-10k,Medio (6-10),6-10 anos,3086.0,0.22580644,0.5833333,2.3333333,3,98.9,Alto
26,0,Viaja Raramente,841,Investigacao e Desenvolvimento,6,3,Outro,3,Feminino,46,2,1,Investigador,2,Casado(a),2368,23300,1,Nao,19,3,3,0,5,3,2,5,4,4,3,Alto,Medio,Medio,Alto,Regular,Excelente,Mestrado,7.770223,26-35,Ate 3k,Medio (6-10),3-5 anos,2368.0,0.15384616,1.0,2.6666667,0,43.1,Alto
58,1,Viaja Raramente,147,Investigacao e Desenvolvimento,23,4,Medicina,4,Feminino,94,3,3,Representante de Saude,4,Casado(a),10312,3465,1,Nao,12,3,4,1,40,3,2,40,10,15,6,Muito Alto,Muito Alto,Alto,Muito Alto,Regular,Excelente,Doutoramento,9.24116,56-65,10k-15k,Muito Longe (21+),20+ anos,3437.3333,0.25862068,1.0,4.0,0,92.9,Alto
19,1,Viaja Raramente,528,Vendas,22,1,Marketing,4,Masculino,50,3,1,Representante de Vendas,3,Solteiro(a),1675,26820,1,Sim,19,3,4,0,0,2,2,0,0,0,0,Muito Alto,Alto,Alto,Muito Alto,Regular,Excelente,Abaixo da Licenciatura,7.4241652,18-25,Ate 3k,Muito Longe (21+),0-2 anos,1675.0,0.0,0.0,3.6666667,3,99.9,Alto
22,0,Viaja Raramente,594,Investigacao e Desenvolvimento,2,1,Curso Tecnico,3,Masculino,100,3,1,Tecnico de Laboratorio,4,Casado(a),2523,19299,0,Nao,14,3,3,1,3,2,3,2,1,2,1,Alto,Muito Alto,Alto,Alto,Bom,Excelente,Abaixo da Licenciatura,7.8336,18-25,Ate 3k,Perto (0-5),0-2 anos,2523.0,0.09090909,0.6666667,3.3333333,0,19.9,Alto
49,0,Viaja Raramente,470,Investigacao e Desenvolvimento,20,4,Medicina,3,Feminino,96,3,2,Director de Producao,1,Casado(a),6567,5549,1,Nao,14,3,3,0,16,2,2,15,11,5,11,Alto,Baixo,Alto,Alto,Regular,Excelente,Doutoramento,8.789965,46-55,6k-10k,Longe (11-20),11-20 anos,3283.5,0.10204082,0.9375,2.3333333,0,10.6,Medio
43,0,Viaja Frequentemente,957,Investigacao e Desenvolvimento,28,3,Medicina,2,Feminino,72,4,1,Investigador,3,Solteiro(a),4739,16090,4,Nao,12,3,4,0,18,2,3,3,2,1,2,Medio,Alto,Muito Alto,Muito Alto,Bom,Excelente,Mestrado,8.463793,36-45,3k-6k,Muito Longe (21+),3-5 anos,4739.0,0.023255814,0.16666667,3.0,0,7.9,Medio
50,0,Viaja Frequentemente,809,Vendas,12,3,Marketing,3,Feminino,77,3,3,Executivo de Vendas,4,Solteiro(a),9208,6645,4,Nao,11,3,4,0,16,3,3,2,2,2,1,Alto,Muito Alto,Alto,Muito Alto,Bom,Excelente,Mestrado,9.127936,46-55,6k-10k,Longe (11-20),0-2 anos,3069.3333,0.04,0.125,3.6666667,0,17.5,Medio
31,1,Viaja Raramente,542,Vendas,20,3,Ciencias da Vida,2,Feminino,71,1,2,Executivo de Vendas,3,Casado(a),4559,24788,3,Sim,11,3,3,1,4,2,3,2,2,2,2,Medio,Alto,Baixo,Alto,Bom,Excelente,Mestrado,8.425077,26-35,3k-6k,Longe (11-20),0-2 anos,2279.5,0.06451613,0.5,2.6666667,2,98.2,Alto
41,0,Viaja Raramente,802,Vendas,9,1,Ciencias da Vida,3,Masculino,96,3,3,Executivo de Vendas,3,Divorciado(a),8189,21196,3,Sim,13,3,3,1,12,2,3,9,7,0,7,Alto,Alto,Alto,Alto,Bom,Excelente,Abaixo da Licenciatura,9.010669,36-45,6k-10k,Medio (6-10),6-10 anos,2729.6667,0.0,0.75,3.0,2,7.3,Medio
26,0,Viaja Raramente,1355,Recursos Humanos,25,1,Ciencias da Vida,3,Feminino,61,3,1,Recursos Humanos,3,Casado(a),2942,8916,1,Nao,23,4,4,1,8,3,3,8,7,5,7,Alto,Alto,Alto,Muito Alto,Bom,Excecional,Abaixo da Licenciatura,7.9871845,26-35,Ate 3k,Muito Longe (21+),6-10 anos,2942.0,0.1923077,1.0,3.3333333,0,7.7,Medio
36,0,Viaja Raramente,216,Investigacao e Desenvolvimento,6,2,Medicina,2,Masculino,84,3,2,Director de Producao,2,Divorciado(a),4941,2819,6,Nao,20,4,4,2,7,0,3,3,2,0,1,Medio,Medio,Alto,Muito Alto,Bom,Excecional,Licenciatura,8.505526,36-45,3k-6k,Medio (6-10),3-5 anos,2470.5,0.0,0.42857143,2.6666667,0,3.8,Medio
51,1,Viaja Frequentemente,1150,Investigacao e Desenvolvimento,8,4,Ciencias da Vida,1,Masculino,53,1,3,Director de Producao,4,Solteiro(a),10650,25150,2,Nao,15,3,4,0,18,2,3,4,2,0,3,Baixo,Muito Alto,Baixo,Muito Alto,Bom,Excelente,Doutoramento,9.273409,46-55,10k-15k,Medio (6-10),3-5 anos,3550.0,0.0,0.22222222,3.0,0,88.0,Alto
39,0,Viaja Raramente,1329,Vendas,4,4,Ciencias da Vida,4,Feminino,47,2,2,Executivo de Vendas,3,Casado(a),5902,14590,4,Nao,14,3,3,1,17,1,4,15,11,5,9,Muito Alto,Alto,Medio,Alto,Excelente,Excelente,Doutoramento,8.683216,36-45,3k-6k,Perto (0-5),11-20 anos,2951.0,0.12820514,0.88235295,3.3333333,0,0.9,Baixo
25,0,Viaja Raramente,959,Vendas,28,3,Ciencias da Vida,1,Masculino,41,2,2,Executivo de Vendas,3,Casado(a),8639,24835,2,Nao,18,3,4,0,6,3,3,2,2,2,2,Baixo,Alto,Medio,Muito Alto,Bom,Excelente,Mestrado,9.0641575,18-25,6k-10k,Muito Longe (21+),0-2 anos,4319.5,0.08,0.33333334,2.6666667,0,25.3,Alto
30,0,Viaja Raramente,1240,Recursos Humanos,9,3,Recursos Humanos,3,Masculino,48,3,2,Recursos Humanos,4,Casado(a),6347,13982,0,Sim,19,3,4,0,12,2,1,11,9,4,7,Alto,Muito Alto,Alto,Muito Alto,Mau,Excelente,Mestrado,8.755895,26-35,6k-10k,Medio (6-10),11-20 anos,3173.5,0.13333334,0.9166667,3.6666667,4,22.1,Alto
32,1,Viaja Raramente,1033,Investigacao e Desenvolvimento,9,3,Medicina,1,Feminino,41,3,1,Tecnico de Laboratorio,1,Solteiro(a),4200,10224,7,Nao,22,4,1,0,10,2,4,5,4,0,4,Baixo,Baixo,Alto,Baixo,Excelente,Excecional,Mestrado,8.343078,26-35,3k-6k,Medio (6-10),3-5 anos,4200.0,0.0,0.5,1.0,0,97.3,Alto
45,0,Viaja Raramente,1316,Investigacao e Desenvolvimento,29,3,Medicina,3,Masculino,83,3,1,Investigador,4,Solteiro(a),3452,9752,5,Nao,13,3,2,0,9,2,2,6,5,0,3,Alto,Muito Alto,Alto,Medio,Regular,Excelente,Mestrado,8.146998,36-45,3k-6k,Muito Longe (21+),6-10 anos,3452.0,0.0,0.6666667,3.0,0,15.6,Medio
38,0,Viaja Raramente,364,Investigacao e Desenvolvimento,3,5,Curso Tecnico,4,Feminino,32,3,2,Investigador,3,Solteiro(a),4317,2302,3,Sim,20,4,2,0,19,2,3,3,2,2,2,Muito Alto,Alto,Alto,Medio,Bom,Excecional,Pos-Doc,8.370547,36-45,3k-6k,Perto (0-5),3-5 anos,2158.5,0.05263158,0.15789473,3.0,2,4.7,Medio
30,0,Viaja Raramente,438,Investigacao e Desenvolvimento,18,3,Ciencias da Vida,1,Feminino,75,3,1,Investigador,3,Solteiro(a),2632,23910,1,Nao,14,3,3,0,5,4,2,5,4,0,4,Baixo,Alto,Alto,Alto,Regular,Excelente,Mestrado,7.8758793,26-35,Ate 3k,Longe (11-20),3-5 anos,2632.0,0.0,1.0,2.3333333,0,26.7,Alto
32,0,Viaja Frequentemente,689,Vendas,9,2,Medicina,4,Masculino,35,1,2,Executivo de Vendas,4,Divorciado(a),4668,22812,0,Nao,17,3,4,3,9,2,4,8,7,0,7,Muito Alto,Muito Alto,Baixo,Muito Alto,Excelente,Excelente,Licenciatura,8.4487,26-35,3k-6k,Medio (6-10),6-10 anos,2334.0,0.0,0.8888889,4.0,0,2.7,Baixo
30,0,Viaja Raramente,201,Investigacao e Desenvolvimento,5,3,Curso Tecnico,4,Feminino,84,3,1,Investigador,1,Divorciado(a),3204,10415,5,Nao,14,3,4,1,8,3,3,3,2,2,2,Muito Alto,Baixo,Alto,Muito Alto,Bom,Excelente,Mestrado,8.072468,26-35,3k-6k,Perto (0-5),3-5 anos,3204.0,0.06666667,0.375,3.0,0,1.1,Baixo
30,0,Viaja Raramente,1427,Investigacao e Desenvolvimento,2,1,Medicina,2,Masculino,35,2,1,Tecnico de Laboratorio,4,Solteiro(a),2720,11162,0,Nao,13,3,4,0,6,3,3,5,3,1,2,Medio,Muito Alto,Medio,Muito Alto,Bom,Excelente,Abaixo da Licenciatura,7.908755,26-35,Ate 3k,Perto (0-5),3-5 anos,2720.0,0.033333335,0.8333333,3.3333333,0,1.6,Baixo
41,0,Viaja Frequentemente,857,Investigacao e Desenvolvimento,10,3,Ciencias da Vida,4,Masculino,91,2,4,Gestor,1,Divorciado(a),17181,12888,4,Nao,13,3,2,1,21,2,2,7,6,7,7,Muito Alto,Baixo,Medio,Medio,Regular,Excelente,Mestrado,9.751617,36-45,Acima 15k,Medio (6-10),6-10 anos,4295.25,0.17073171,0.33333334,2.3333333,0,5.3,Medio
41,0,Viaja Raramente,933,Investigacao e Desenvolvimento,9,4,Ciencias da Vida,3,Masculino,94,3,1,Tecnico de Laboratorio,1,Casado(a),2238,6961,2,Nao,21,4,4,1,7,2,3,5,0,1,4,Alto,Baixo,Alto,Muito Alto,Bom,Excecional,Doutoramento,7.7137847,36-45,Ate 3k,Medio (6-10),3-5 anos,2238.0,0.024390243,0.71428573,2.6666667,0,5.1,Medio
19,0,Viaja Raramente,1181,Investigacao e Desenvolvimento,3,1,Medicina,2,Feminino,79,3,1,Tecnico de Laboratorio,2,Solteiro(a),1483,16102,1,Nao,14,3,4,0,1,3,3,1,0,0,0,Medio,Medio,Alto,Muito Alto,Bom,Excelente,Abaixo da Licenciatura,7.3024964,18-25,Ate 3k,Perto (0-5),0-2 anos,1483.0,0.0,1.0,2.6666667,0,43.5,Alto
40,0,Viaja Frequentemente,1395,Investigacao e Desenvolvimento,26,3,Medicina,2,Feminino,54,3,2,Investigador,2,Divorciado(a),5605,8504,1,Nao,11,3,1,1,20,2,3,20,7,2,13,Medio,Medio,Alto,Baixo,Bom,Excelente,Mestrado,8.631593,36-45,3k-6k,Muito Longe (21+),11-20 anos,2802.5,0.05,1.0,1.6666666,0,3.2,Medio
35,0,Viaja Raramente,662,Vendas,1,5,Marketing,3,Masculino,94,3,3,Executivo de Vendas,2,Casado(a),7295,11439,1,Nao,13,3,1,2,10,3,3,10,8,0,6,Alto,Medio,Alto,Baixo,Bom,Excelente,Pos-Doc,8.8950815,26-35,6k-10k,Perto (0-5),6-10 anos,2431.6667,0.0,1.0,2.0,0,6.4,Medio
53,0,Viaja Raramente,1436,Vendas,6,2,Marketing,2,Masculino,34,3,2,Representante de Vendas,3,Casado(a),2306,16047,2,Sim,20,4,4,1,13,3,1,7,7,4,5,Medio,Alto,Alto,Muito Alto,Mau,Excecional,Licenciatura,7.7437034,46-55,Ate 3k,Medio (6-10),6-10 anos,1153.0,0.0754717,0.53846157,3.0,4,58.0,Alto
45,0,Viaja Raramente,194,Investigacao e Desenvolvimento,9,3,Ciencias da Vida,2,Masculino,60,3,2,Tecnico de Laboratorio,2,Divorciado(a),2348,10901,8,Nao,18,3,3,1,20,2,1,17,9,0,15,Medio,Medio,Alto,Alto,Mau,Excelente,Mestrado,7.761745,36-45,Ate 3k,Medio (6-10),11-20 anos,1174.0,0.0,0.85,2.3333333,0,4.6,Medio
32,0,Viaja Frequentemente,967,Vendas,8,3,Marketing,2,Feminino,43,3,3,Executivo de Vendas,4,Solteiro(a),8998,15589,1,Nao,14,3,4,0,9,2,3,9,8,3,7,Medio,Muito Alto,Alto,Muito Alto,Bom,Excelente,Mestrado,9.104869,26-35,6k-10k,Medio (6-10),6-10 anos,2999.3333,0.09375,1.0,3.3333333,0,45.4,Alto
29,0,Sem Viagem,1496,Investigacao e Desenvolvimento,1,1,Curso Tecnico,4,Masculino,41,3,2,Director de Producao,3,Casado(a),4319,26283,1,Nao,13,3,1,1,10,1,3,10,7,0,9,Muito Alto,Alto,Alto,Baixo,Bom,Excelente,Abaixo da Licenciatura,8.371011,26-35,3k-6k,Perto (0-5),6-10 anos,2159.5,0.0,1.0,2.6666667,0,0.2,Baixo
51,0,Viaja Raramente,1169,Investigacao e Desenvolvimento,7,4,Medicina,2,Masculino,34,2,2,Director de Producao,3,Casado(a),6132,13983,2,Nao,17,3,3,0,10,2,3,1,0,0,0,Medio,Alto,Medio,Alto,Bom,Excelente,Doutoramento,8.721439,46-55,6k-10k,Medio (6-10),0-2 anos,3066.0,0.0,0.1,2.6666667,0,2.6,Baixo
58,0,Viaja Raramente,1145,Investigacao e Desenvolvimento,9,3,Medicina,2,Feminino,75,2,1,Investigador,2,Casado(a),3346,11873,4,Sim,20,4,2,1,9,3,2,1,0,0,0,Medio,Medio,Medio,Medio,Regular,Excecional,Mestrado,8.11582,56-65,3k-6k,Medio (6-10),0-2 anos,3346.0,0.0,0.11111111,2.0,3,23.4,Alto
40,0,Viaja Raramente,630,Vendas,4,4,Marketing,3,Masculino,67,2,3,Executivo de Vendas,4,Casado(a),10855,8552,7,Nao,11,3,1,1,15,2,2,12,11,2,11,Alto,Muito Alto,Medio,Baixo,Regular,Excelente,Doutoramento,9.292473,36-45,10k-15k,Perto (0-5),11-20 anos,3618.3333,0.05,0.8,2.6666667,0,2.6,Baixo
34,0,Viaja Frequentemente,303,Vendas,2,4,Marketing,3,Feminino,75,3,1,Representante de Vendas,3,Casado(a),2231,11314,6,Nao,18,3,4,1,6,3,3,4,3,1,2,Alto,Alto,Alto,Muito Alto,Bom,Excelente,Doutoramento,7.7106533,26-35,Ate 3k,Perto (0-5),3-5 anos,2231.0,0.029411765,0.6666667,3.3333333,0,9.2,Medio
22,0,Viaja Raramente,1256,Investigacao e Desenvolvimento,19,1,Medicina,3,Masculino,80,3,1,Investigador,4,Casado(a),2323,11992,1,Nao,24,4,1,2,2,6,3,2,2,2,2,Alto,Muito Alto,Alto,Baixo,Bom,Excecional,Abaixo da Licenciatura,7.751045,18-25,Ate 3k,Longe (11-20),0-2 anos,2323.0,0.09090909,1.0,2.6666667,0,5.6,Medio
27,0,Sem Viagem,691,Investigacao e Desenvolvimento,9,3,Medicina,4,Masculino,57,3,1,Investigador,2,Divorciado(a),2024,5970,6,Nao,18,3,4,1,6,1,1,2,2,2,2,Muito Alto,Medio,Alto,Muito Alto,Mau,Excelente,Mestrado,7.613325,26-35,Ate 3k,Medio (6-10),0-2 anos,2024.0,0.074074075,0.33333334,3.3333333,0,19.4,Medio
28,0,Viaja Raramente,440,Investigacao e Desenvolvimento,21,3,Medicina,3,Masculino,42,3,1,Investigador,4,Casado(a),2713,6672,1,Nao,11,3,3,1,5,2,1,5,2,0,2,Alto,Muito Alto,Alto,Alto,Mau,Excelente,Mestrado,7.906179,26-35,Ate 3k,Muito Longe (21+),3-5 anos,2713.0,0.0,1.0,3.3333333,0,2.5,Baixo
57,0,Viaja Raramente,334,Investigacao e Desenvolvimento,24,2,Ciencias da Vida,3,Masculino,83,4,3,Representante de Saude,4,Divorciado(a),9439,23402,3,Sim,16,3,2,1,12,2,1,5,3,1,4,Alto,Muito Alto,Muito Alto,Medio,Mau,Excelente,Licenciatura,9.152711,56-65,6k-10k,Muito Longe (21+),3-5 anos,3146.3333,0.01754386,0.41666666,3.0,4,0.9,Baixo
27,0,Sem Viagem,1450,Investigacao e Desenvolvimento,3,3,Medicina,3,Masculino,79,2,1,Investigador,3,Divorciado(a),2566,25326,1,Sim,15,3,4,1,1,2,2,1,1,0,1,Alto,Alto,Medio,Muito Alto,Regular,Excelente,Mestrado,7.850493,26-35,Ate 3k,Perto (0-5),0-2 anos,2566.0,0.0,1.0,3.3333333,3,12.5,Medio
50,0,Viaja Raramente,1452,Investigacao e Desenvolvimento,11,3,Ciencias da Vida,3,Feminino,53,3,5,Gestor,2,Solteiro(a),19926,17053,3,Nao,15,3,2,0,21,5,3,5,4,4,4,Alto,Medio,Alto,Medio,Bom,Excelente,Mestrado,9.899831,46-55,Acima 15k,Longe (11-20),3-5 anos,3985.2,0.08,0.23809524,2.3333333,0,1.0,Baixo
41,0,Viaja Raramente,465,Investigacao e Desenvolvimento,14,3,Ciencias da Vida,1,Masculino,56,3,1,Investigador,3,Divorciado(a),2451,4609,4,Nao,12,3,1,1,13,2,3,9,8,1,8,Baixo,Alto,Alto,Baixo,Bom,Excelente,Mestrado,7.8046594,36-45,Ate 3k,Longe (11-20),6-10 anos,2451.0,0.024390243,0.6923077,1.6666666,0,16.4,Medio
30,0,Viaja Raramente,1339,Vendas,5,3,Ciencias da Vida,2,Feminino,41,3,3,Executivo de Vendas,4,Casado(a),9419,8053,2,Nao,12,3,3,1,12,2,3,10,9,7,4,Medio,Muito Alto,Alto,Alto,Bom,Excelente,Mestrado,9.15059,26-35,6k-10k,Perto (0-5),6-10 anos,3139.6667,0.23333333,0.8333333,3.0,0,31.3,Alto
38,0,Viaja Raramente,702,Vendas,1,4,Ciencias da Vida,1,Feminino,59,2,2,Executivo de Vendas,4,Solteiro(a),8686,12930,4,Nao,22,4,3,0,12,2,4,8,3,0,7,Baixo,Muito Alto,Medio,Alto,Excelente,Excecional,Doutoramento,9.069583,36-45,6k-10k,Perto (0-5),6-10 anos,4343.0,0.0,0.6666667,2.6666667,0,3.9,Medio
32,0,Viaja Raramente,120,Investigacao e Desenvolvimento,6,5,Ciencias da Vida,3,Masculino,43,3,1,Investigador,3,Solteiro(a),3038,12430,3,Nao,20,4,1,0,8,2,3,5,4,1,4,Alto,Alto,Alto,Baixo,Bom,Excecional,Pos-Doc,8.019284,26-35,3k-6k,Medio (6-10),3-5 anos,3038.0,0.03125,0.625,2.3333333,0,8.4,Medio
27,0,Viaja Raramente,1157,Investigacao e Desenvolvimento,17,3,Curso Tecnico,3,Masculino,51,3,1,Investigador,2,Casado(a),3058,13364,0,Sim,16,3,4,1,6,3,2,5,2,1,1,Alto,Medio,Alto,Muito Alto,Regular,Excelente,Mestrado,8.025844,26-35,3k-6k,Longe (11-20),3-5 anos,3058.0,0.037037037,0.8333333,3.0,3,35.8,Alto
19,1,Viaja Frequentemente,602,Vendas,1,1,Curso Tecnico,3,Feminino,100,1,1,Representante de Vendas,1,Solteiro(a),2325,20989,0,Nao,21,4,1,0,1,5,4,0,0,0,0,Alto,Baixo,Baixo,Baixo,Excelente,Excecional,Abaixo da Licenciatura,7.7519054,18-25,Ate 3k,Perto (0-5),0-2 anos,2325.0,0.0,0.0,1.6666666,0,96.3,Alto
36,0,Viaja Frequentemente,1480,Investigacao e Desenvolvimento,3,2,Medicina,4,Masculino,30,3,1,Tecnico de Laboratorio,2,Solteiro(a),2088,15062,4,Nao,12,3,3,0,13,3,2,8,7,7,2,Muito Alto,Medio,Alto,Alto,Regular,Excelente,Licenciatura,7.6444407,36-45,Ate 3k,Perto (0-5),6-10 anos,2088.0,0.19444445,0.61538464,3.0,0,55.1,Alto
30,0,Sem Viagem,111,Investigacao e Desenvolvimento,9,3,Medicina,3,Masculino,66,3,2,Tecnico de Laboratorio,1,Divorciado(a),3072,11012,1,Nao,11,3,3,2,12,4,3,12,9,6,10,Alto,Baixo,Alto,Alto,Bom,Excelente,Mestrado,8.03041,26-35,3k-6k,Medio (6-10),11-20 anos,1536.0,0.2,1.0,2.3333333,0,0.4,Baixo
45,0,Viaja Raramente,1268,Vendas,4,2,Ciencias da Vida,3,Feminino,30,3,2,Executivo de Vendas,1,Divorciado(a),5006,6319,4,Sim,11,3,1,1,9,3,4,5,4,0,3,Alto,Baixo,Alto,Baixo,Excelente,Excelente,Licenciatura,8.518592,36-45,3k-6k,Perto (0-5),3-5 anos,2503.0,0.0,0.5555556,1.6666666,1,22.1,Alto
56,0,Viaja Raramente,713,Investigacao e Desenvolvimento,8,3,Ciencias da Vida,3,Feminino,67,3,1,Investigador,1,Divorciado(a),4257,13939,4,Sim,18,3,3,1,19,3,3,2,2,2,2,Alto,Baixo,Alto,Alto,Bom,Excelente,Mestrado,8.356555,56-65,3k-6k,Medio (6-10),0-2 anos,4257.0,0.035714287,0.10526316,2.3333333,2,6.3,Medio
33,0,Viaja Raramente,134,Investigacao e Desenvolvimento,2,3,Ciencias da Vida,3,Masculino,90,3,1,Investigador,4,Solteiro(a),2500,10515,0,Nao,14,3,1,0,4,2,4,3,1,0,2,Alto,Muito Alto,Alto,Baixo,Excelente,Excelente,Mestrado,7.8244457,26-35,Ate 3k,Perto (0-5),3-5 anos,2500.0,0.0,0.75,2.6666667,0,4.9,Medio
19,1,Viaja Raramente,303,Investigacao e Desenvolvimento,2,3,Ciencias da Vida,2,Masculino,47,2,1,Tecnico de Laboratorio,4,Solteiro(a),1102,9241,1,Nao,22,4,3,0,1,3,2,1,0,1,0,Medio,Muito Alto,Medio,Alto,Regular,Excecional,Mestrado,7.005789,18-25,Ate 3k,Perto (0-5),0-2 anos,1102.0,0.05263158,1.0,3.0,0,96.8,Alto
46,0,Viaja Raramente,526,Vendas,1,2,Marketing,2,Feminino,92,3,3,Executivo de Vendas,1,Divorciado(a),10453,2137,1,Nao,25,4,3,3,24,2,3,24,13,15,7,Medio,Baixo,Alto,Alto,Bom,Excecional,Licenciatura,9.25474,46-55,10k-15k,Perto (0-5),20+ anos,3484.3333,0.32608697,1.0,2.0,0,4.5,Medio
38,0,Viaja Raramente,1380,Investigacao e Desenvolvimento,9,2,Ciencias da Vida,3,Feminino,75,3,1,Tecnico de Laboratorio,4,Solteiro(a),2288,6319,1,Nao,12,3,3,0,2,3,3,2,2,2,1,Alto,Muito Alto,Alto,Alto,Bom,Excelente,Licenciatura,7.7358704,36-45,Ate 3k,Medio (6-10),0-2 anos,2288.0,0.05263158,1.0,3.3333333,0,4.3,Medio
31,0,Viaja Raramente,140,Investigacao e Desenvolvimento,12,1,Medicina,3,Feminino,95,3,1,Investigador,4,Casado(a),3929,6984,8,Sim,23,4,3,1,7,0,3,4,2,0,2,Alto,Muito Alto,Alto,Alto,Bom,Excecional,Abaixo da Licenciatura,8.276395,26-35,3k-6k,Longe (11-20),3-5 anos,3929.0,0.0,0.5714286,3.3333333,2,3.4,Medio
34,0,Viaja Raramente,629,Investigacao e Desenvolvimento,27,2,Medicina,4,Feminino,95,3,1,Investigador,2,Solteiro(a),2311,5711,2,Nao,15,3,4,0,9,3,3,3,2,1,2,Muito Alto,Medio,Alto,Muito Alto,Bom,Excelente,Licenciatura,7.745868,26-35,Ate 3k,Muito Longe (21+),3-5 anos,2311.0,0.029411765,0.33333334,3.3333333,0,1.8,Baixo
41,1,Viaja Raramente,1356,Vendas,20,2,Marketing,2,Feminino,70,3,1,Representante de Vendas,2,Solteiro(a),3140,21728,1,Sim,22,4,4,0,4,5,2,4,3,0,2,Medio,Medio,Alto,Muito Alto,Regular,Excecional,Licenciatura,8.052297,36-45,3k-6k,Longe (11-20),3-5 anos,3140.0,0.0,1.0,2.6666667,3,97.1,Alto
50,0,Viaja Raramente,328,Investigacao e Desenvolvimento,1,3,Medicina,3,Masculino,86,2,1,Tecnico de Laboratorio,3,Casado(a),3690,3425,2,Nao,15,3,4,1,5,2,2,3,2,0,2,Alto,Alto,Medio,Muito Alto,Regular,Excelente,Mestrado,8.213653,46-55,3k-6k,Perto (0-5),3-5 anos,3690.0,0.0,0.6,3.3333333,0,20.9,Alto
53,0,Viaja Raramente,1084,Investigacao e Desenvolvimento,13,2,Medicina,4,Feminino,57,4,2,Director de Producao,1,Divorciado(a),4450,26250,1,Nao,11,3,3,2,5,3,3,4,2,1,3,Muito Alto,Baixo,Muito Alto,Alto,Bom,Excelente,Licenciatura,8.400884,46-55,3k-6k,Longe (11-20),3-5 anos,2225.0,0.018867925,0.8,2.6666667,0,0.2,Baixo
33,0,Viaja Raramente,931,Investigacao e Desenvolvimento,14,3,Medicina,4,Feminino,72,3,1,Investigador,2,Casado(a),2756,4673,1,Nao,13,3,4,1,8,5,3,8,7,1,6,Muito Alto,Medio,Alto,Muito Alto,Bom,Excelente,Mestrado,7.9218984,26-35,Ate 3k,Longe (11-20),6-10 anos,2756.0,0.030303031,1.0,3.3333333,0,0.1,Baixo
40,0,Viaja Raramente,989,Investigacao e Desenvolvimento,4,1,Medicina,4,Feminino,46,3,5,Gestor,3,Casado(a),19033,6499,1,Nao,14,3,2,1,21,2,3,20,8,9,9,Muito Alto,Alto,Alto,Medio,Bom,Excelente,Abaixo da Licenciatura,9.853982,36-45,Acima 15k,Perto (0-5),11-20 anos,3806.6,0.225,0.95238096,3.0,0,0.7,Baixo
55,0,Viaja Raramente,692,Investigacao e Desenvolvimento,14,4,Medicina,3,Masculino,61,4,5,Director de Investigacao,2,Solteiro(a),18722,13339,8,Nao,11,3,4,0,36,3,3,24,15,2,15,Alto,Medio,Muito Alto,Muito Alto,Bom,Excelente,Doutoramento,9.837508,46-55,Acima 15k,Longe (11-20),20+ anos,3744.4,0.036363635,0.6666667,3.0,0,1.2,Baixo
34,0,Viaja Frequentemente,1069,Investigacao e Desenvolvimento,2,1,Ciencias da Vida,4,Masculino,45,2,2,Director de Producao,3,Casado(a),9547,14074,1,Nao,17,3,3,0,10,2,2,10,9,1,9,Muito Alto,Alto,Medio,Alto,Regular,Excelente,Abaixo da Licenciatura,9.164087,26-35,6k-10k,Perto (0-5),6-10 anos,4773.5,0.029411765,1.0,3.3333333,0,14.9,Medio
51,0,Viaja Raramente,313,Investigacao e Desenvolvimento,3,3,Medicina,4,Feminino,98,3,4,Representante de Saude,2,Solteiro(a),13734,7192,3,Nao,18,3,3,0,21,6,3,7,7,1,0,Muito Alto,Medio,Alto,Alto,Bom,Excelente,Mestrado,9.527702,46-55,10k-15k,Perto (0-5),6-10 anos,3433.5,0.019607844,0.33333334,3.0,0,1.1,Baixo
52,0,Viaja Raramente,699,Investigacao e Desenvolvimento,1,4,Ciencias da Vida,3,Masculino,65,2,5,Gestor,3,Casado(a),19999,5678,0,Nao,14,3,1,1,34,5,3,33,18,11,9,Alto,Alto,Medio,Baixo,Bom,Excelente,Doutoramento,9.903487,46-55,Acima 15k,Perto (0-5),20+ anos,3999.8,0.21153846,0.9705882,2.3333333,0,0.7,Baixo
27,0,Viaja Raramente,894,Investigacao e Desenvolvimento,9,3,Medicina,4,Feminino,99,3,1,Investigador,2,Solteiro(a),2279,11781,1,Nao,16,3,4,0,7,2,2,7,7,0,3,Muito Alto,Medio,Alto,Muito Alto,Regular,Excelente,Mestrado,7.7319307,26-35,Ate 3k,Medio (6-10),6-10 anos,2279.0,0.0,1.0,3.3333333,0,1.1,Baixo
35,1,Viaja Raramente,556,Investigacao e Desenvolvimento,23,2,Ciencias da Vida,2,Masculino,50,2,2,Director de Producao,3,Casado(a),5916,15497,3,Sim,13,3,1,0,8,1,3,1,0,0,1,Medio,Alto,Medio,Baixo,Bom,Excelente,Licenciatura,8.685585,26-35,3k-6k,Muito Longe (21+),0-2 anos,2958.0,0.0,0.125,2.0,2,98.7,Alto
43,0,Sem Viagem,1344,Investigacao e Desenvolvimento,7,3,Medicina,4,Masculino,37,4,1,Investigador,4,Divorciado(a),2089,5228,4,Nao,14,3,4,3,7,3,4,5,4,2,2,Muito Alto,Muito Alto,Muito Alto,Muito Alto,Excelente,Excelente,Mestrado,7.6449194,36-45,Ate 3k,Medio (6-10),3-5 anos,2089.0,0.046511628,0.71428573,4.0,0,0.4,Baixo
45,0,Sem Viagem,1195,Investigacao e Desenvolvimento,2,2,Medicina,1,Masculino,65,2,4,Gestor,4,Casado(a),16792,20462,9,Nao,23,4,4,1,22,1,3,20,8,11,8,Baixo,Muito Alto,Medio,Muito Alto,Bom,Excecional,Licenciatura,9.728718,36-45,Acima 15k,Perto (0-5),11-20 anos,4198.0,0.24444444,0.90909094,3.0,0,1.8,Baixo
37,0,Viaja Raramente,290,Investigacao e Desenvolvimento,21,3,Ciencias da Vida,2,Masculino,65,4,1,Investigador,1,Casado(a),3564,22977,1,Sim,12,3,1,1,8,3,2,8,7,1,7,Medio,Baixo,Muito Alto,Baixo,Regular,Excelente,Mestrado,8.17892,36-45,3k-6k,Muito Longe (21+),6-10 anos,3564.0,0.027027028,1.0,1.3333334,3,8.3,Medio
35,0,Viaja Frequentemente,138,Investigacao e Desenvolvimento,2,3,Medicina,2,Feminino,37,3,2,Tecnico de Laboratorio,2,Solteiro(a),4425,15986,5,Nao,11,3,4,0,10,5,3,6,2,1,2,Medio,Medio,Alto,Muito Alto,Bom,Excelente,Mestrado,8.395251,26-35,3k-6k,Perto (0-5),6-10 anos,2212.5,0.028571429,0.6,2.6666667,0,0.3,Baixo
42,0,Sem Viagem,926,Investigacao e Desenvolvimento,21,2,Medicina,3,Feminino,36,3,2,Director de Producao,3,Divorciado(a),5265,16439,2,Nao,16,3,2,1,11,5,3,5,3,0,2,Alto,Alto,Alto,Medio,Bom,Excelente,Licenciatura,8.569026,36-45,3k-6k,Muito Longe (21+),3-5 anos,2632.5,0.0,0.45454547,2.6666667,0,0.2,Baixo
38,0,Viaja Raramente,1261,Investigacao e Desenvolvimento,2,4,Ciencias da Vida,4,Masculino,88,3,2,Director de Producao,3,Casado(a),6553,7259,9,Nao,14,3,2,0,14,3,3,1,0,0,0,Muito Alto,Alto,Alto,Medio,Bom,Excelente,Doutoramento,8.78783,36-45,6k-10k,Perto (0-5),0-2 anos,3276.5,0.0,0.071428575,3.0,0,0.8,Baixo
38,0,Viaja Raramente,1084,Investigacao e Desenvolvimento,29,3,Curso Tecnico,4,Masculino,54,3,2,Director de Producao,4,Casado(a),6261,4185,3,Nao,18,3,1,1,9,3,1,7,7,1,7,Muito Alto,Muito Alto,Alto,Baixo,Mau,Excelente,Mestrado,8.742255,36-45,6k-10k,Muito Longe (21+),6-10 anos,3130.5,0.02631579,0.7777778,3.0,0,4.0,Medio
27,0,Viaja Frequentemente,472,Investigacao e Desenvolvimento,1,1,Curso Tecnico,3,Masculino,60,2,2,Director de Producao,1,Casado(a),4298,9679,5,Nao,19,3,3,1,6,1,3,2,2,2,0,Alto,Baixo,Medio,Alto,Bom,Excelente,Abaixo da Licenciatura,8.3661375,26-35,3k-6k,Perto (0-5),0-2 anos,2149.0,0.074074075,0.33333334,2.3333333,0,48.1,Alto
49,0,Sem Viagem,1002,Investigacao e Desenvolvimento,18,4,Ciencias da Vida,4,Masculino,92,3,2,Director de Producao,4,Divorciado(a),6804,23793,1,Sim,15,3,1,2,7,0,3,7,7,1,7,Muito Alto,Muito Alto,Alto,Baixo,Bom,Excelente,Doutoramento,8.825413,46-55,6k-10k,Longe (11-20),6-10 anos,3402.0,0.020408163,1.0,3.0,2,4.8,Medio
34,0,Viaja Frequentemente,878,Investigacao e Desenvolvimento,10,4,Medicina,4,Masculino,43,3,1,Investigador,3,Divorciado(a),3815,5972,1,Sim,17,3,4,1,5,4,4,5,3,2,0,Muito Alto,Alto,Alto,Muito Alto,Excelente,Excelente,Doutoramento,8.246958,26-35,3k-6k,Medio (6-10),3-5 anos,3815.0,0.05882353,1.0,3.6666667,1,11.4,Medio
40,0,Viaja Raramente,905,Investigacao e Desenvolvimento,19,2,Medicina,3,Masculino,99,3,2,Tecnico de Laboratorio,4,Casado(a),2741,16523,8,Sim,15,3,3,1,15,2,4,7,2,3,7,Alto,Muito Alto,Alto,Alto,Excelente,Excelente,Licenciatura,7.916443,36-45,Ate 3k,Longe (11-20),6-10 anos,1370.5,0.075,0.46666667,3.3333333,1,30.2,Alto
38,1,Viaja Raramente,1180,Investigacao e Desenvolvimento,29,1,Medicina,2,Masculino,70,3,2,Representante de Saude,1,Casado(a),6673,11354,7,Sim,19,3,2,0,17,2,3,1,0,0,0,Medio,Baixo,Alto,Medio,Bom,Excelente,Abaixo da Licenciatura,8.805975,36-45,6k-10k,Muito Longe (21+),0-2 anos,3336.5,0.0,0.05882353,1.6666666,2,97.3,Alto
29,1,Viaja Raramente,121,Vendas,27,3,Marketing,2,Feminino,35,3,3,Executivo de Vendas,4,Casado(a),7639,24525,1,Nao,22,4,4,3,10,3,2,10,4,1,9,Medio,Muito Alto,Alto,Muito Alto,Regular,Excecional,Mestrado,8.941153,26-35,6k-10k,Muito Longe (21+),6-10 anos,2546.3333,0.03448276,1.0,3.3333333,0,88.8,Alto
22,0,Viaja Raramente,1136,Investigacao e Desenvolvimento,5,3,Ciencias da Vida,4,Masculino,60,4,1,Investigador,2,Divorciado(a),2328,12392,1,Sim,16,3,1,1,4,2,2,4,2,2,2,Muito Alto,Medio,Muito Alto,Baixo,Regular,Excelente,Mestrado,7.7531943,18-25,Ate 3k,Perto (0-5),3-5 anos,2328.0,0.09090909,1.0,2.3333333,3,34.8,Alto
36,0,Viaja Frequentemente,635,Investigacao e Desenvolvimento,18,1,Medicina,2,Feminino,73,3,1,Tecnico de Laboratorio,4,Solteiro(a),2153,7703,1,Nao,13,3,1,0,8,2,3,8,1,1,7,Medio,Muito Alto,Alto,Baixo,Bom,Excelente,Abaixo da Licenciatura,7.6750817,36-45,Ate 3k,Longe (11-20),6-10 anos,2153.0,0.027777778,1.0,2.3333333,0,12.5,Medio
40,0,Sem Viagem,1151,Investigacao e Desenvolvimento,9,5,Ciencias da Vida,4,Masculino,63,2,2,Representante de Saude,4,Casado(a),4876,14242,9,Nao,14,3,4,1,5,5,1,3,2,0,2,Muito Alto,Muito Alto,Medio,Muito Alto,Mau,Excelente,Pos-Doc,8.492286,36-45,3k-6k,Medio (6-10),3-5 anos,2438.0,0.0,0.6,4.0,0,1.7,Baixo
46,0,Viaja Raramente,644,Investigacao e Desenvolvimento,1,4,Medicina,4,Masculino,97,3,3,Representante de Saude,1,Divorciado(a),9396,12368,7,Nao,16,3,3,1,17,3,3,4,2,0,3,Muito Alto,Baixo,Alto,Alto,Bom,Excelente,Doutoramento,9.148146,46-55,6k-10k,Perto (0-5),3-5 anos,3132.0,0.0,0.23529412,2.6666667,0,0.8,Baixo
32,1,Viaja Raramente,1045,Vendas,4,4,Medicina,4,Masculino,32,1,3,Executivo de Vendas,4,Casado(a),10400,25812,1,Nao,11,3,3,0,14,2,2,14,8,9,8,Muito Alto,Muito Alto,Baixo,Alto,Regular,Excelente,Doutoramento,9.249658,26-35,10k-15k,Perto (0-5),11-20 anos,3466.6667,0.28125,1.0,3.6666667,0,96.1,Alto
30,0,Sem Viagem,829,Investigacao e Desenvolvimento,1,1,Ciencias da Vida,3,Masculino,88,2,3,Director de Producao,3,Solteiro(a),8474,20925,1,Nao,22,4,3,0,12,2,3,11,8,5,8,Alto,Alto,Medio,Alto,Bom,Excecional,Abaixo da Licenciatura,9.044876,26-35,6k-10k,Perto (0-5),11-20 anos,2824.6667,0.16666667,0.9166667,3.0,0,5.8,Medio
27,0,Viaja Frequentemente,1242,Vendas,20,3,Ciencias da Vida,4,Feminino,90,3,2,Executivo de Vendas,3,Solteiro(a),9981,12916,1,Nao,14,3,4,0,7,2,3,7,7,0,7,Muito Alto,Alto,Alto,Muito Alto,Bom,Excelente,Mestrado,9.208539,26-35,6k-10k,Longe (11-20),6-10 anos,4990.5,0.0,1.0,3.6666667,0,2.9,Baixo
51,0,Viaja Raramente,1469,Investigacao e Desenvolvimento,8,4,Ciencias da Vida,2,Masculino,81,2,3,Director de Investigacao,2,Casado(a),12490,15736,5,Nao,16,3,4,2,16,5,1,10,9,4,7,Medio,Medio,Medio,Muito Alto,Mau,Excelente,Doutoramento,9.432764,46-55,10k-15k,Medio (6-10),6-10 anos,4163.3335,0.078431375,0.625,2.6666667,0,20.3,Alto
30,1,Viaja Raramente,1005,Investigacao e Desenvolvimento,3,3,Curso Tecnico,4,Feminino,88,3,1,Investigador,1,Solteiro(a),2657,8556,5,Sim,11,3,3,0,8,5,3,5,2,0,4,Muito Alto,Baixo,Alto,Alto,Bom,Excelente,Mestrado,7.8853292,26-35,Ate 3k,Perto (0-5),3-5 anos,2657.0,0.0,0.625,2.6666667,2,95.9,Alto
41,0,Viaja Raramente,896,Vendas,6,3,Ciencias da Vida,4,Feminino,75,3,3,Gestor,4,Solteiro(a),13591,14674,3,Sim,18,3,3,0,16,3,3,1,0,0,0,Muito Alto,Muito Alto,Alto,Alto,Bom,Excelente,Mestrado,9.517237,36-45,10k-15k,Medio (6-10),0-2 anos,4530.3335,0.0,0.0625,3.6666667,2,0.8,Baixo
30,1,Viaja Frequentemente,334,Vendas,26,4,Marketing,3,Feminino,52,2,2,Executivo de Vendas,1,Solteiro(a),6696,22967,5,Nao,15,3,3,0,9,5,2,6,3,0,1,Alto,Baixo,Medio,Alto,Regular,Excelente,Doutoramento,8.809415,26-35,6k-10k,Muito Longe (21+),6-10 anos,3348.0,0.0,0.6666667,2.3333333,0,97.8,Alto
29,1,Viaja Raramente,992,Investigacao e Desenvolvimento,1,3,Curso Tecnico,3,Masculino,85,3,1,Investigador,3,Solteiro(a),2058,19757,0,Nao,14,3,4,0,7,1,2,6,2,1,5,Alto,Alto,Alto,Muito Alto,Regular,Excelente,Mestrado,7.629976,26-35,Ate 3k,Perto (0-5),6-10 anos,2058.0,0.03448276,0.85714287,3.3333333,0,87.9,Alto
45,0,Sem Viagem,1052,Vendas,6,3,Medicina,4,Feminino,57,2,3,Executivo de Vendas,4,Solteiro(a),8865,16840,6,Nao,12,3,4,0,23,2,3,19,7,12,8,Muito Alto,Muito Alto,Medio,Muito Alto,Bom,Excelente,Mestrado,9.089979,36-45,6k-10k,Medio (6-10),11-20 anos,2955.0,0.26666668,0.82608694,4.0,0,4.1,Medio
54,0,Viaja Raramente,1147,Vendas,3,3,Marketing,4,Feminino,52,3,2,Executivo de Vendas,1,Casado(a),5940,17011,2,Nao,14,3,4,1,16,4,3,6,2,0,5,Muito Alto,Baixo,Alto,Muito Alto,Bom,Excelente,Mestrado,8.689632,46-55,3k-6k,Perto (0-5),6-10 anos,2970.0,0.0,0.375,3.0,0,1.8,Baixo
36,0,Viaja Raramente,1396,Investigacao e Desenvolvimento,5,2,Ciencias da Vida,4,Masculino,62,3,2,Tecnico de Laboratorio,2,Solteiro(a),5914,9945,8,Nao,16,3,4,0,16,3,4,13,11,3,7,Muito Alto,Medio,Alto,Muito Alto,Excelente,Excelente,Licenciatura,8.685246,36-45,3k-6k,Perto (0-5),11-20 anos,2957.0,0.083333336,0.8125,3.3333333,0,1.0,Baixo
33,0,Viaja Raramente,147,Investigacao e Desenvolvimento,4,4,Medicina,3,Feminino,47,2,1,Investigador,2,Casado(a),2622,13248,6,Nao,21,4,4,0,7,3,3,3,2,1,1,Alto,Medio,Medio,Muito Alto,Bom,Excecional,Doutoramento,7.872074,26-35,Ate 3k,Perto (0-5),3-5 anos,2622.0,0.030303031,0.42857143,3.0,0,5.0,Medio
37,0,Viaja Frequentemente,663,Investigacao e Desenvolvimento,11,3,Outro,2,Masculino,47,3,3,Director de Investigacao,4,Divorciado(a),12185,10056,1,Sim,14,3,3,3,10,1,3,10,8,0,7,Medio,Muito Alto,Alto,Alto,Bom,Excelente,Mestrado,9.408043,36-45,10k-15k,Longe (11-20),6-10 anos,4061.6667,0.0,1.0,3.0,2,2.1,Baixo
38,0,Viaja Raramente,119,Vendas,3,3,Ciencias da Vida,1,Masculino,76,3,3,Executivo de Vendas,3,Divorciado(a),10609,9647,0,Nao,12,3,3,2,17,6,2,16,10,5,13,Baixo,Alto,Alto,Alto,Regular,Excelente,Mestrado,9.269552,36-45,10k-15k,Perto (0-5),11-20 anos,3536.3333,0.13157895,0.9411765,2.3333333,0,1.7,Baixo
31,0,Sem Viagem,979,Investigacao e Desenvolvimento,1,4,Medicina,3,Masculino,90,1,2,Director de Producao,3,Casado(a),4345,4381,0,Nao,12,3,4,1,6,2,3,5,4,1,4,Alto,Alto,Baixo,Muito Alto,Bom,Excelente,Doutoramento,8.377011,26-35,3k-6k,Perto (0-5),3-5 anos,2172.5,0.032258064,0.8333333,3.3333333,0,1.8,Baixo
59,0,Viaja Raramente,142,Investigacao e Desenvolvimento,3,3,Ciencias da Vida,3,Masculino,70,2,1,Investigador,4,Casado(a),2177,8456,3,Nao,17,3,1,1,7,6,3,1,0,0,0,Alto,Muito Alto,Medio,Baixo,Bom,Excelente,Mestrado,7.6861625,56-65,Ate 3k,Perto (0-5),0-2 anos,2177.0,0.0,0.14285715,2.6666667,0,16.5,Medio
37,0,Viaja Frequentemente,319,Vendas,4,4,Marketing,1,Masculino,41,3,1,Representante de Vendas,4,Divorciado(a),2793,2539,4,Nao,17,3,3,1,13,2,3,9,8,5,8,Baixo,Muito Alto,Alto,Alto,Bom,Excelente,Doutoramento,7.9352293,36-45,Ate 3k,Perto (0-5),6-10 anos,2793.0,0.13513513,0.6923077,2.6666667,0,23.2,Alto
29,0,Viaja Frequentemente,1413,Vendas,1,1,Medicina,2,Feminino,42,3,3,Executivo de Vendas,4,Casado(a),7918,6599,1,Nao,14,3,4,1,11,5,3,11,10,4,1,Medio,Muito Alto,Alto,Muito Alto,Bom,Excelente,Abaixo da Licenciatura,8.97702,26-35,6k-10k,Perto (0-5),11-20 anos,2639.3333,0.13793103,1.0,3.3333333,0,5.7,Medio
35,0,Viaja Frequentemente,944,Vendas,1,3,Marketing,3,Feminino,92,3,3,Executivo de Vendas,3,Solteiro(a),8789,9096,1,Nao,14,3,1,0,10,3,4,10,7,0,8,Alto,Alto,Alto,Baixo,Excelente,Excelente,Mestrado,9.08137,26-35,6k-10k,Perto (0-5),6-10 anos,2929.6667,0.0,1.0,2.3333333,0,22.2,Alto
29,1,Viaja Raramente,896,Investigacao e Desenvolvimento,18,1,Medicina,3,Masculino,86,2,1,Investigador,4,Solteiro(a),2389,14961,1,Sim,13,3,3,0,4,3,2,4,3,0,1,Alto,Muito Alto,Medio,Alto,Regular,Excelente,Abaixo da Licenciatura,7.7790484,26-35,Ate 3k,Longe (11-20),3-5 anos,2389.0,0.0,1.0,3.3333333,3,97.2,Alto
52,0,Viaja Raramente,1323,Investigacao e Desenvolvimento,2,3,Ciencias da Vida,3,Feminino,89,2,1,Tecnico de Laboratorio,4,Solteiro(a),3212,3300,7,Nao,15,3,2,0,6,3,2,2,2,2,2,Alto,Muito Alto,Medio,Medio,Regular,Excelente,Mestrado,8.074961,46-55,3k-6k,Perto (0-5),0-2 anos,3212.0,0.03846154,0.33333334,3.0,0,16.2,Medio
42,0,Viaja Raramente,532,Investigacao e Desenvolvimento,4,2,Curso Tecnico,3,Masculino,58,3,5,Gestor,4,Casado(a),19232,4933,1,Nao,11,3,4,0,22,3,3,22,17,11,15,Alto,Muito Alto,Alto,Muito Alto,Bom,Excelente,Licenciatura,9.864383,36-45,Acima 15k,Perto (0-5),20+ anos,3846.4,0.26190478,1.0,3.6666667,0,12.0,Medio
59,0,Viaja Raramente,818,Recursos Humanos,6,2,Medicina,2,Masculino,52,3,1,Recursos Humanos,3,Casado(a),2267,25657,8,Nao,17,3,4,0,7,2,2,2,2,2,2,Medio,Alto,Alto,Muito Alto,Regular,Excelente,Licenciatura,7.7266536,56-65,Ate 3k,Medio (6-10),0-2 anos,2267.0,0.033898305,0.2857143,3.0,0,32.3,Alto
50,0,Viaja Raramente,854,Vendas,1,4,Medicina,4,Feminino,68,3,5,Gestor,4,Divorciado(a),19517,24118,3,Nao,11,3,3,1,32,3,2,7,0,0,6,Muito Alto,Muito Alto,Alto,Alto,Regular,Excelente,Doutoramento,9.879092,46-55,Acima 15k,Perto (0-5),6-10 anos,3903.4,0.0,0.21875,3.6666667,0,0.4,Baixo
33,1,Viaja Raramente,813,Investigacao e Desenvolvimento,14,3,Medicina,3,Masculino,58,3,1,Tecnico de Laboratorio,4,Casado(a),2436,22149,5,Sim,13,3,3,1,8,2,1,5,4,0,4,Alto,Muito Alto,Alto,Alto,Mau,Excelente,Mestrado,7.798523,26-35,Ate 3k,Longe (11-20),3-5 anos,2436.0,0.0,0.625,3.3333333,4,97.5,Alto
43,0,Viaja Raramente,1034,Vendas,16,3,Marketing,4,Feminino,80,3,4,Gestor,4,Casado(a),16064,7744,5,Sim,22,4,3,1,22,3,3,17,13,1,9,Muito Alto,Muito Alto,Alto,Alto,Bom,Excecional,Mestrado,9.684399,36-45,Acima 15k,Longe (11-20),11-20 anos,4016.0,0.023255814,0.77272725,3.6666667,2,1.0,Baixo
33,1,Viaja Raramente,465,Investigacao e Desenvolvimento,2,2,Ciencias da Vida,1,Feminino,39,3,1,Tecnico de Laboratorio,1,Casado(a),2707,21509,7,Nao,20,4,1,0,13,3,4,9,7,1,7,Baixo,Baixo,Alto,Baixo,Excelente,Excecional,Licenciatura,7.9039655,26-35,Ate 3k,Perto (0-5),6-10 anos,2707.0,0.030303031,0.6923077,1.0,0,94.1,Alto
52,0,Sem Viagem,771,Vendas,2,4,Ciencias da Vida,1,Masculino,79,2,5,Gestor,3,Solteiro(a),19068,21030,1,Sim,18,3,4,0,33,2,4,33,7,15,12,Baixo,Alto,Medio,Muito Alto,Excelente,Excelente,Doutoramento,9.85582,46-55,Acima 15k,Perto (0-5),20+ anos,3813.6,0.28846154,1.0,2.6666667,1,14.3,Medio
32,0,Viaja Raramente,1401,Vendas,4,2,Ciencias da Vida,3,Feminino,56,3,1,Representante de Vendas,2,Casado(a),3931,20990,2,Nao,11,3,1,1,6,5,3,4,3,1,2,Alto,Medio,Alto,Baixo,Bom,Excelente,Licenciatura,8.276903,26-35,3k-6k,Perto (0-5),3-5 anos,3931.0,0.03125,0.6666667,2.0,0,10.7,Medio
32,1,Viaja Raramente,515,Investigacao e Desenvolvimento,1,3,Ciencias da Vida,4,Masculino,62,2,1,Tecnico de Laboratorio,3,Solteiro(a),3730,9571,0,Sim,14,3,4,0,4,2,1,3,2,1,2,Muito Alto,Alto,Medio,Muito Alto,Mau,Excelente,Mestrado,8.224432,26-35,3k-6k,Perto (0-5),3-5 anos,3730.0,0.03125,0.75,3.6666667,4,96.2,Alto
39,0,Viaja Raramente,1431,Investigacao e Desenvolvimento,1,4,Medicina,3,Feminino,96,3,1,Tecnico de Laboratorio,3,Divorciado(a),2232,15417,7,Nao,14,3,3,3,7,1,3,3,2,1,2,Alto,Alto,Alto,Alto,Bom,Excelente,Doutoramento,7.711101,36-45,Ate 3k,Perto (0-5),3-5 anos,2232.0,0.025641026,0.42857143,3.0,0,1.0,Baixo
32,0,Sem Viagem,976,Vendas,26,4,Marketing,3,Masculino,100,3,2,Executivo de Vendas,4,Casado(a),4465,12069,0,Nao,18,3,1,0,4,2,3,3,2,2,2,Alto,Muito Alto,Alto,Baixo,Bom,Excelente,Doutoramento,8.404248,26-35,3k-6k,Muito Longe (21+),3-5 anos,2232.5,0.0625,0.75,2.6666667,0,5.2,Medio
41,0,Viaja Raramente,1411,Investigacao e Desenvolvimento,19,2,Ciencias da Vida,3,Masculino,36,3,2,Investigador,1,Divorciado(a),3072,19877,2,Nao,16,3,1,2,17,2,2,1,0,0,0,Alto,Baixo,Alto,Baixo,Regular,Excelente,Licenciatura,8.03041,36-45,3k-6k,Longe (11-20),0-2 anos,1536.0,0.0,0.05882353,1.6666666,0,19.8,Alto
40,0,Viaja Raramente,1300,Investigacao e Desenvolvimento,24,2,Curso Tecnico,1,Masculino,62,3,2,Investigador,4,Divorciado(a),3319,24447,1,Nao,17,3,1,2,9,3,3,9,8,4,7,Baixo,Muito Alto,Alto,Baixo,Bom,Excelente,Licenciatura,8.10772,36-45,3k-6k,Muito Longe (21+),6-10 anos,1659.5,0.1,1.0,2.0,0,8.7,Medio
45,0,Viaja Raramente,252,Investigacao e Desenvolvimento,1,3,Outro,3,Masculino,70,4,5,Gestor,4,Casado(a),19202,15970,0,Nao,11,3,3,1,25,2,3,24,0,1,7,Alto,Muito Alto,Muito Alto,Alto,Bom,Excelente,Mestrado,9.862822,36-45,Acima 15k,Perto (0-5),20+ anos,3840.4,0.022222223,0.96,3.3333333,0,1.0,Baixo
31,0,Viaja Frequentemente,1327,Investigacao e Desenvolvimento,3,4,Medicina,2,Masculino,73,3,3,Director de Investigacao,3,Divorciado(a),13675,13523,9,Nao,12,3,1,1,9,3,3,2,2,2,2,Medio,Alto,Alto,Baixo,Bom,Excelente,Doutoramento,9.523397,26-35,10k-15k,Perto (0-5),0-2 anos,4558.3335,0.06451613,0.22222222,2.0,0,17.2,Medio
33,0,Viaja Raramente,832,Investigacao e Desenvolvimento,5,4,Ciencias da Vida,3,Feminino,63,2,1,Investigador,4,Casado(a),2911,14776,1,Nao,13,3,3,1,2,2,2,2,2,0,2,Alto,Muito Alto,Medio,Alto,Regular,Excelente,Doutoramento,7.9765954,26-35,Ate 3k,Perto (0-5),0-2 anos,2911.0,0.0,1.0,3.3333333,0,0.3,Baixo
34,0,Viaja Raramente,470,Investigacao e Desenvolvimento,2,4,Ciencias da Vida,4,Masculino,84,2,2,Director de Producao,1,Casado(a),5957,23687,6,Nao,13,3,2,1,13,3,3,11,9,5,9,Muito Alto,Baixo,Medio,Medio,Bom,Excelente,Doutoramento,8.692491,26-35,3k-6k,Perto (0-5),11-20 anos,2978.5,0.14705883,0.84615386,2.3333333,0,0.5,Baixo
37,0,Viaja Raramente,1017,Investigacao e Desenvolvimento,1,2,Medicina,3,Feminino,83,2,1,Investigador,1,Casado(a),3920,18697,2,Nao,14,3,1,1,17,2,2,3,1,0,2,Alto,Baixo,Medio,Baixo,Regular,Excelente,Licenciatura,8.274102,36-45,3k-6k,Perto (0-5),3-5 anos,3920.0,0.0,0.1764706,1.6666666,0,4.3,Medio
45,0,Viaja Frequentemente,1199,Investigacao e Desenvolvimento,7,4,Ciencias da Vida,1,Masculino,77,4,2,Director de Producao,3,Casado(a),6434,5118,4,Nao,17,3,4,1,9,1,3,3,2,0,2,Baixo,Alto,Muito Alto,Muito Alto,Bom,Excelente,Doutoramento,8.769507,36-45,6k-10k,Medio (6-10),3-5 anos,3217.0,0.0,0.33333334,2.6666667,0,2.4,Baixo
37,1,Viaja Frequentemente,504,Investigacao e Desenvolvimento,10,3,Medicina,1,Masculino,61,3,3,Director de Producao,3,Divorciado(a),10048,22573,6,Nao,11,3,2,2,17,5,3,1,0,0,0,Baixo,Alto,Alto,Medio,Bom,Excelente,Mestrado,9.215228,36-45,10k-15k,Medio (6-10),0-2 anos,3349.3333,0.0,0.05882353,2.0,0,93.9,Alto
39,0,Viaja Frequentemente,505,Investigacao e Desenvolvimento,2,4,Curso Tecnico,3,Feminino,64,3,3,Representante de Saude,3,Solteiro(a),10938,6420,0,Nao,25,4,4,0,20,1,3,19,6,11,8,Alto,Alto,Alto,Muito Alto,Bom,Excecional,Doutoramento,9.30009,36-45,10k-15k,Perto (0-5),11-20 anos,3646.0,0.2820513,0.95,3.3333333,0,16.6,Medio
29,0,Viaja Raramente,665,Investigacao e Desenvolvimento,15,3,Ciencias da Vida,3,Masculino,60,3,1,Investigador,4,Solteiro(a),2340,22673,1,Nao,19,3,1,0,6,1,3,6,5,1,5,Alto,Muito Alto,Alto,Baixo,Bom,Excelente,Mestrado,7.7583337,26-35,Ate 3k,Longe (11-20),6-10 anos,2340.0,0.03448276,1.0,2.6666667,0,7.8,Medio
42,0,Viaja Raramente,916,Investigacao e Desenvolvimento,17,2,Ciencias da Vida,4,Feminino,82,4,2,Investigador,1,Solteiro(a),6545,23016,3,Sim,13,3,3,0,10,1,3,3,2,0,2,Muito Alto,Baixo,Muito Alto,Alto,Bom,Excelente,Licenciatura,8.78661,36-45,6k-10k,Longe (11-20),3-5 anos,3272.5,0.0,0.3,2.6666667,2,38.5,Alto
29,0,Viaja Raramente,1247,Vendas,20,2,Marketing,4,Masculino,45,3,2,Executivo de Vendas,4,Divorciado(a),6931,10732,2,Nao,14,3,4,1,10,2,3,3,2,0,2,Muito Alto,Muito Alto,Alto,Muito Alto,Bom,Excelente,Licenciatura,8.843904,26-35,6k-10k,Longe (11-20),3-5 anos,3465.5,0.0,0.3,4.0,0,0.1,Baixo
25,0,Viaja Raramente,685,Investigacao e Desenvolvimento,1,3,Ciencias da Vida,1,Feminino,62,3,2,Director de Producao,3,Casado(a),4898,7505,0,Nao,12,3,4,2,5,3,3,4,2,1,2,Baixo,Alto,Alto,Muito Alto,Bom,Excelente,Mestrado,8.496786,18-25,3k-6k,Perto (0-5),3-5 anos,2449.0,0.04,0.8,2.6666667,0,4.3,Medio
42,0,Viaja Raramente,269,Investigacao e Desenvolvimento,2,3,Medicina,4,Feminino,56,2,1,Tecnico de Laboratorio,1,Divorciado(a),2593,8007,0,Sim,11,3,3,1,10,4,3,9,6,7,8,Muito Alto,Baixo,Medio,Alto,Bom,Excelente,Mestrado,7.860956,36-45,Ate 3k,Perto (0-5),6-10 anos,2593.0,0.16666667,0.9,2.6666667,2,14.1,Medio
40,0,Viaja Raramente,1416,Investigacao e Desenvolvimento,2,2,Medicina,1,Masculino,49,3,5,Director de Investigacao,3,Divorciado(a),19436,5949,0,Nao,19,3,4,1,22,5,3,21,7,3,9,Baixo,Alto,Alto,Muito Alto,Bom,Excelente,Licenciatura,9.874934,36-45,Acima 15k,Perto (0-5),20+ anos,3887.2,0.075,0.95454544,2.6666667,0,0.2,Baixo
51,0,Viaja Raramente,833,Investigacao e Desenvolvimento,1,3,Ciencias da Vida,3,Masculino,96,3,1,Investigador,4,Casado(a),2723,23231,1,Nao,11,3,2,0,1,0,2,1,0,0,0,Alto,Muito Alto,Alto,Medio,Regular,Excelente,Mestrado,7.909857,46-55,Ate 3k,Perto (0-5),0-2 anos,2723.0,0.0,1.0,3.0,0,41.8,Alto
31,1,Viaja Frequentemente,307,Investigacao e Desenvolvimento,29,2,Medicina,3,Masculino,71,2,1,Tecnico de Laboratorio,2,Solteiro(a),3479,11652,0,Nao,11,3,2,0,6,2,4,5,4,1,4,Alto,Medio,Medio,Medio,Excelente,Excelente,Licenciatura,8.154788,26-35,3k-6k,Muito Longe (21+),3-5 anos,3479.0,0.032258064,0.8333333,2.3333333,0,94.6,Alto
32,0,Viaja Frequentemente,1311,Investigacao e Desenvolvimento,7,3,Ciencias da Vida,2,Masculino,100,4,1,Tecnico de Laboratorio,2,Casado(a),2794,26062,1,Nao,20,4,3,0,5,3,1,5,1,0,3,Medio,Medio,Muito Alto,Alto,Mau,Excecional,Mestrado,7.9355874,26-35,Ate 3k,Medio (6-10),3-5 anos,2794.0,0.0,1.0,2.3333333,0,22.2,Alto
38,0,Sem Viagem,1327,Vendas,2,2,Ciencias da Vida,4,Masculino,39,2,2,Executivo de Vendas,4,Casado(a),5249,19682,3,Nao,18,3,4,1,13,0,3,8,7,7,5,Muito Alto,Muito Alto,Medio,Muito Alto,Bom,Excelente,Licenciatura,8.565984,36-45,3k-6k,Perto (0-5),6-10 anos,2624.5,0.18421052,0.61538464,4.0,0,3.2,Medio
32,0,Viaja Raramente,128,Investigacao e Desenvolvimento,2,1,Curso Tecnico,4,Masculino,84,2,2,Tecnico de Laboratorio,1,Solteiro(a),2176,19737,4,Nao,13,3,4,0,9,5,3,6,2,0,4,Muito Alto,Baixo,Medio,Muito Alto,Bom,Excelente,Abaixo da Licenciatura,7.6857033,26-35,Ate 3k,Perto (0-5),6-10 anos,1088.0,0.0,0.6666667,3.0,0,8.1,Medio
46,0,Viaja Raramente,488,Vendas,2,3,Curso Tecnico,3,Feminino,75,1,4,Gestor,2,Casado(a),16872,14977,3,Sim,12,3,2,1,28,2,2,7,7,7,7,Alto,Medio,Baixo,Medio,Regular,Excelente,Mestrado,9.73347,46-55,Acima 15k,Perto (0-5),6-10 anos,4218.0,0.1521739,0.25,2.3333333,3,34.6,Alto
28,1,Viaja Raramente,529,Investigacao e Desenvolvimento,2,4,Ciencias da Vida,1,Masculino,79,3,1,Tecnico de Laboratorio,3,Solteiro(a),3485,14935,2,Nao,11,3,3,0,5,5,1,0,0,0,0,Baixo,Alto,Alto,Alto,Mau,Excelente,Doutoramento,8.15651,26-35,3k-6k,Perto (0-5),0-2 anos,3485.0,0.0,0.0,2.3333333,0,87.7,Alto
29,0,Viaja Raramente,1210,Vendas,2,3,Medicina,1,Masculino,78,2,2,Executivo de Vendas,2,Casado(a),6644,3687,2,Nao,19,3,2,2,10,2,3,0,0,0,0,Baixo,Medio,Medio,Medio,Bom,Excelente,Mestrado,8.80162,26-35,6k-10k,Perto (0-5),0-2 anos,3322.0,0.0,0.0,1.6666666,0,15.6,Medio
31,0,Viaja Raramente,1463,Investigacao e Desenvolvimento,23,3,Medicina,2,Masculino,64,2,2,Representante de Saude,4,Casado(a),5582,14408,0,Nao,21,4,2,1,10,2,3,9,0,7,8,Medio,Muito Alto,Medio,Medio,Bom,Excecional,Mestrado,8.627481,26-35,3k-6k,Muito Longe (21+),6-10 anos,2791.0,0.22580644,0.9,2.6666667,0,0.7,Baixo
25,0,Sem Viagem,675,Investigacao e Desenvolvimento,5,2,Ciencias da Vida,2,Masculino,85,4,2,Representante de Saude,1,Divorciado(a),4000,18384,1,Nao,12,3,4,2,6,2,3,6,3,1,5,Medio,Baixo,Muito Alto,Muito Alto,Bom,Excelente,Licenciatura,8.2943,18-25,3k-6k,Perto (0-5),6-10 anos,2000.0,0.04,1.0,2.3333333,0,0.3,Baixo
45,0,Viaja Raramente,1385,Investigacao e Desenvolvimento,20,2,Medicina,3,Masculino,79,3,4,Representante de Saude,4,Casado(a),13496,7501,0,Sim,14,3,2,0,21,2,3,20,7,4,10,Alto,Muito Alto,Alto,Medio,Bom,Excelente,Licenciatura,9.510222,36-45,10k-15k,Longe (11-20),11-20 anos,3374.0,0.08888889,0.95238096,3.0,2,7.1,Medio
36,0,Viaja Raramente,1403,Investigacao e Desenvolvimento,6,3,Ciencias da Vida,4,Masculino,47,3,1,Tecnico de Laboratorio,4,Casado(a),3210,20251,0,Nao,11,3,3,1,16,4,3,15,13,10,11,Muito Alto,Muito Alto,Alto,Alto,Bom,Excelente,Mestrado,8.074338,36-45,3k-6k,Medio (6-10),11-20 anos,3210.0,0.2777778,0.9375,3.6666667,0,0.6,Baixo
55,0,Viaja Raramente,452,Investigacao e Desenvolvimento,1,3,Medicina,4,Masculino,81,3,5,Gestor,1,Solteiro(a),19045,18938,0,Sim,14,3,3,0,37,2,3,36,10,4,13,Muito Alto,Baixo,Alto,Alto,Bom,Excelente,Mestrado,9.854612,46-55,Acima 15k,Perto (0-5),20+ anos,3809.0,0.07272727,0.972973,2.6666667,2,7.7,Medio
47,1,Sem Viagem,666,Investigacao e Desenvolvimento,29,4,Ciencias da Vida,1,Masculino,88,3,3,Gestor,2,Casado(a),11849,10268,1,Sim,12,3,4,1,10,2,2,10,7,9,9,Baixo,Medio,Alto,Muito Alto,Regular,Excelente,Doutoramento,9.380083,46-55,10k-15k,Muito Longe (21+),6-10 anos,3949.6667,0.19148937,1.0,2.3333333,3,90.2,Alto
28,0,Viaja Raramente,1158,Investigacao e Desenvolvimento,9,3,Medicina,4,Masculino,94,3,1,Investigador,4,Casado(a),2070,2613,1,Nao,23,4,4,1,5,3,2,5,2,0,4,Muito Alto,Muito Alto,Alto,Muito Alto,Regular,Excecional,Mestrado,7.635787,26-35,Ate 3k,Medio (6-10),3-5 anos,2070.0,0.0,1.0,4.0,0,1.2,Baixo
37,0,Viaja Raramente,228,Vendas,6,4,Medicina,3,Masculino,98,3,2,Executivo de Vendas,4,Casado(a),6502,22825,4,Nao,14,3,2,1,7,5,4,5,4,0,1,Alto,Muito Alto,Alto,Medio,Excelente,Excelente,Doutoramento,8.780019,36-45,6k-10k,Medio (6-10),3-5 anos,3251.0,0.0,0.71428573,3.0,0,0.2,Baixo
21,0,Viaja Raramente,996,Investigacao e Desenvolvimento,3,2,Medicina,4,Masculino,100,2,1,Investigador,3,Solteiro(a),3230,10531,1,Nao,17,3,1,0,3,4,4,3,2,1,0,Muito Alto,Alto,Medio,Baixo,Excelente,Excelente,Licenciatura,8.080547,18-25,3k-6k,Perto (0-5),3-5 anos,3230.0,0.04761905,1.0,2.6666667,0,25.1,Alto
37,0,Sem Viagem,728,Investigacao e Desenvolvimento,1,4,Medicina,1,Feminino,80,3,3,Director de Investigacao,4,Divorciado(a),13603,11677,2,Sim,18,3,1,2,15,2,3,5,2,0,2,Baixo,Muito Alto,Alto,Baixo,Bom,Excelente,Doutoramento,9.518119,36-45,10k-15k,Perto (0-5),3-5 anos,4534.3335,0.0,0.33333334,2.0,2,1.2,Baixo
35,0,Viaja Raramente,1315,Investigacao e Desenvolvimento,22,3,Ciencias da Vida,2,Feminino,71,4,3,Gestor,2,Divorciado(a),11996,19100,7,Nao,18,3,2,1,10,6,2,7,7,6,2,Medio,Medio,Muito Alto,Medio,Regular,Excelente,Mestrado,9.392412,26-35,10k-15k,Muito Longe (21+),6-10 anos,3998.6667,0.17142858,0.7,2.0,0,2.9,Baixo
38,0,Viaja Raramente,322,Vendas,7,2,Medicina,1,Feminino,44,4,2,Executivo de Vendas,1,Divorciado(a),5605,19191,1,Sim,24,4,3,1,8,3,3,8,0,7,7,Baixo,Baixo,Muito Alto,Alto,Bom,Excecional,Licenciatura,8.631593,36-45,3k-6k,Medio (6-10),6-10 anos,2802.5,0.18421052,1.0,1.6666666,2,7.1,Medio
26,0,Viaja Frequentemente,1479,Investigacao e Desenvolvimento,1,3,Ciencias da Vida,3,Feminino,84,3,2,Director de Producao,2,Divorciado(a),6397,26767,1,Nao,20,4,1,1,6,6,1,6,5,1,4,Alto,Medio,Alto,Baixo,Mau,Excecional,Mestrado,8.763741,26-35,6k-10k,Perto (0-5),6-10 anos,3198.5,0.03846154,1.0,2.0,0,0.4,Baixo
50,0,Viaja Raramente,797,Investigacao e Desenvolvimento,4,1,Ciencias da Vida,1,Masculino,96,3,5,Director de Investigacao,2,Divorciado(a),19144,15815,3,Nao,14,3,1,2,28,4,2,10,4,1,6,Baixo,Medio,Alto,Baixo,Regular,Excelente,Abaixo da Licenciatura,9.859797,46-55,Acima 15k,Perto (0-5),6-10 anos,3828.8,0.02,0.35714287,1.3333334,0,1.8,Baixo
53,0,Viaja Raramente,1070,Investigacao e Desenvolvimento,3,4,Medicina,3,Masculino,45,3,4,Director de Investigacao,3,Casado(a),17584,21016,3,Sim,16,3,4,3,21,5,2,5,3,1,3,Alto,Alto,Alto,Muito Alto,Regular,Excelente,Doutoramento,9.774801,46-55,Acima 15k,Perto (0-5),3-5 anos,4396.0,0.018867925,0.23809524,3.3333333,3,2.0,Baixo
42,0,Viaja Raramente,635,Vendas,1,1,Ciencias da Vida,2,Masculino,99,3,2,Executivo de Vendas,3,Casado(a),4907,24532,1,Nao,25,4,3,0,20,3,3,20,16,11,6,Medio,Alto,Alto,Alto,Bom,Excecional,Abaixo da Licenciatura,8.498622,36-45,3k-6k,Perto (0-5),11-20 anos,2453.5,0.26190478,1.0,2.6666667,0,3.4,Medio
29,0,Viaja Frequentemente,442,Vendas,2,2,Ciencias da Vida,2,Masculino,44,3,2,Executivo de Vendas,4,Solteiro(a),4554,20260,1,Nao,18,3,1,0,10,3,2,10,7,0,9,Medio,Muito Alto,Alto,Baixo,Regular,Excelente,Licenciatura,8.423981,26-35,3k-6k,Perto (0-5),6-10 anos,2277.0,0.0,1.0,2.3333333,0,6.2,Medio
55,0,Viaja Raramente,147,Investigacao e Desenvolvimento,20,2,Curso Tecnico,2,Masculino,37,3,2,Tecnico de Laboratorio,4,Casado(a),5415,15972,3,Sim,19,3,4,1,12,4,3,10,7,0,8,Medio,Muito Alto,Alto,Muito Alto,Bom,Excelente,Licenciatura,8.597113,46-55,3k-6k,Longe (11-20),6-10 anos,2707.5,0.0,0.8333333,3.3333333,2,7.8,Medio
26,0,Viaja Frequentemente,496,Investigacao e Desenvolvimento,11,2,Medicina,1,Masculino,60,3,2,Representante de Saude,1,Casado(a),4741,22722,1,Sim,13,3,3,1,5,3,3,5,3,3,3,Baixo,Baixo,Alto,Alto,Bom,Excelente,Licenciatura,8.464214,26-35,3k-6k,Longe (11-20),3-5 anos,2370.5,0.115384616,1.0,1.6666666,2,42.4,Alto
37,0,Viaja Raramente,1372,Investigacao e Desenvolvimento,1,3,Ciencias da Vida,4,Feminino,42,3,1,Investigador,4,Solteiro(a),2115,15881,1,Nao,12,3,2,0,17,3,3,17,12,5,7,Muito Alto,Muito Alto,Alto,Medio,Bom,Excelente,Mestrado,7.657283,36-45,Ate 3k,Perto (0-5),11-20 anos,2115.0,0.13513513,1.0,3.3333333,0,0.9,Baixo
44,1,Viaja Frequentemente,920,Investigacao e Desenvolvimento,24,3,Ciencias da Vida,4,Masculino,43,3,1,Tecnico de Laboratorio,3,Divorciado(a),3161,19920,3,Sim,22,4,4,1,19,0,1,1,0,0,0,Muito Alto,Alto,Alto,Muito Alto,Mau,Excecional,Mestrado,8.05896,36-45,3k-6k,Muito Longe (21+),0-2 anos,3161.0,0.0,0.05263158,3.6666667,4,95.4,Alto
38,0,Viaja Raramente,688,Investigacao e Desenvolvimento,23,4,Ciencias da Vida,4,Masculino,82,3,2,Representante de Saude,4,Divorciado(a),5745,18899,9,Nao,14,3,2,1,10,2,3,2,2,1,2,Muito Alto,Muito Alto,Alto,Medio,Bom,Excelente,Doutoramento,8.65626,36-45,3k-6k,Muito Longe (21+),0-2 anos,2872.5,0.02631579,0.2,3.3333333,0,0.0,Baixo
26,1,Viaja Raramente,1449,Investigacao e Desenvolvimento,16,4,Medicina,1,Masculino,45,3,1,Tecnico de Laboratorio,2,Divorciado(a),2373,14180,2,Sim,13,3,4,1,5,2,3,3,2,0,2,Baixo,Medio,Alto,Muito Alto,Bom,Excelente,Doutoramento,7.7723317,26-35,Ate 3k,Longe (11-20),3-5 anos,2373.0,0.0,0.6,2.3333333,2,98.0,Alto
28,0,Viaja Raramente,1117,Investigacao e Desenvolvimento,8,2,Ciencias da Vida,4,Feminino,66,3,1,Investigador,4,Solteiro(a),3310,4488,1,Nao,21,4,4,0,5,3,3,5,3,0,2,Muito Alto,Muito Alto,Alto,Muito Alto,Bom,Excecional,Licenciatura,8.105005,26-35,3k-6k,Medio (6-10),3-5 anos,3310.0,0.0,1.0,4.0,0,0.0,Baixo
49,0,Viaja Frequentemente,636,Investigacao e Desenvolvimento,10,4,Ciencias da Vida,3,Feminino,35,3,5,Director de Investigacao,1,Solteiro(a),18665,25594,9,Sim,11,3,4,0,22,4,3,3,2,1,2,Alto,Baixo,Alto,Muito Alto,Bom,Excelente,Doutoramento,9.834459,46-55,Acima 15k,Medio (6-10),3-5 anos,3733.0,0.020408163,0.13636364,2.6666667,2,20.0,Alto
36,0,Viaja Raramente,506,Investigacao e Desenvolvimento,3,3,Curso Tecnico,3,Masculino,30,3,2,Investigador,2,Solteiro(a),4485,26285,4,Nao,12,3,4,0,10,2,3,8,0,7,7,Alto,Medio,Alto,Muito Alto,Bom,Excelente,Mestrado,8.408717,36-45,3k-6k,Perto (0-5),6-10 anos,2242.5,0.19444445,0.8,3.0,0,2.7,Baixo
31,0,Viaja Frequentemente,444,Vendas,5,3,Marketing,4,Feminino,84,3,1,Representante de Vendas,2,Divorciado(a),2789,3909,1,Nao,11,3,3,1,2,5,2,2,2,2,2,Muito Alto,Medio,Alto,Alto,Regular,Excelente,Mestrado,7.933797,26-35,Ate 3k,Perto (0-5),0-2 anos,2789.0,0.06451613,1.0,3.0,0,9.2,Medio
26,1,Viaja Raramente,950,Vendas,4,4,Marketing,4,Masculino,48,2,2,Executivo de Vendas,4,Solteiro(a),5828,8450,1,Sim,12,3,2,0,8,0,3,8,7,7,4,Muito Alto,Muito Alto,Medio,Medio,Bom,Excelente,Doutoramento,8.670601,26-35,3k-6k,Perto (0-5),6-10 anos,2914.0,0.26923078,1.0,3.3333333,2,95.1,Alto
37,0,Viaja Frequentemente,889,Investigacao e Desenvolvimento,9,3,Medicina,2,Masculino,53,3,1,Investigador,4,Casado(a),2326,11411,1,Sim,12,3,3,3,4,3,2,4,2,1,2,Medio,Muito Alto,Alto,Alto,Regular,Excelente,Mestrado,7.752335,36-45,Ate 3k,Medio (6-10),3-5 anos,2326.0,0.027027028,1.0,3.0,3,14.3,Medio
42,0,Viaja Frequentemente,555,Vendas,26,3,Marketing,3,Feminino,77,3,4,Executivo de Vendas,2,Casado(a),13525,14864,5,Nao,14,3,4,1,23,2,4,20,4,4,8,Alto,Medio,Alto,Muito Alto,Excelente,Excelente,Mestrado,9.512369,36-45,10k-15k,Muito Longe (21+),11-20 anos,3381.25,0.0952381,0.8695652,3.0,0,6.5,Medio
18,1,Viaja Raramente,230,Investigacao e Desenvolvimento,3,3,Ciencias da Vida,3,Masculino,54,3,1,Tecnico de Laboratorio,3,Solteiro(a),1420,25233,1,Nao,13,3,3,0,0,2,3,0,0,0,0,Alto,Alto,Alto,Alto,Bom,Excelente,Mestrado,7.259116,18-25,Ate 3k,Perto (0-5),0-2 anos,1420.0,0.0,0.0,3.0,0,97.6,Alto
35,0,Viaja Raramente,1232,Vendas,16,3,Marketing,3,Masculino,96,3,3,Executivo de Vendas,2,Casado(a),8020,5100,0,Nao,15,3,3,2,12,3,2,11,9,6,9,Alto,Medio,Alto,Alto,Regular,Excelente,Mestrado,8.989819,26-35,6k-10k,Longe (11-20),11-20 anos,2673.3333,0.17142858,0.9166667,2.6666667,0,21.5,Alto
36,0,Viaja Frequentemente,566,Investigacao e Desenvolvimento,18,4,Ciencias da Vida,3,Masculino,81,4,1,Tecnico de Laboratorio,4,Casado(a),3688,7122,4,Nao,18,3,4,2,4,2,3,1,0,0,0,Alto,Muito Alto,Muito Alto,Muito Alto,Bom,Excelente,Doutoramento,8.213111,36-45,3k-6k,Longe (11-20),0-2 anos,3688.0,0.0,0.25,3.6666667,0,2.5,Baixo
51,0,Viaja Raramente,1302,Investigacao e Desenvolvimento,2,3,Medicina,4,Masculino,84,1,2,Director de Producao,2,Divorciado(a),5482,16321,5,Nao,18,3,4,1,13,3,3,4,1,1,2,Muito Alto,Medio,Baixo,Muito Alto,Bom,Excelente,Mestrado,8.609407,46-55,3k-6k,Perto (0-5),3-5 anos,2741.0,0.019607844,0.30769232,3.3333333,0,1.6,Baixo
41,0,Viaja Raramente,334,Vendas,2,4,Ciencias da Vida,4,Masculino,88,3,4,Gestor,2,Solteiro(a),16015,15896,1,Nao,19,3,2,0,22,2,3,22,10,0,4,Muito Alto,Medio,Alto,Medio,Bom,Excelente,Doutoramento,9.681343,36-45,Acima 15k,Perto (0-5),20+ anos,4003.75,0.0,1.0,2.6666667,0,0.4,Baixo
18,0,Viaja Raramente,812,Vendas,10,3,Medicina,4,Feminino,69,2,1,Representante de Vendas,3,Solteiro(a),1200,9724,1,Nao,12,3,1,0,0,2,3,0,0,0,0,Muito Alto,Alto,Medio,Baixo,Bom,Excelente,Mestrado,7.09091,18-25,Ate 3k,Medio (6-10),0-2 anos,1200.0,0.0,0.0,2.6666667,0,85.4,Alto
28,0,Viaja Raramente,1476,Investigacao e Desenvolvimento,16,2,Medicina,2,Masculino,68,4,2,Representante de Saude,1,Solteiro(a),5661,4824,0,Nao,19,3,3,0,9,2,3,8,3,0,7,Medio,Baixo,Muito Alto,Alto,Bom,Excelente,Licenciatura,8.641533,26-35,3k-6k,Longe (11-20),6-10 anos,2830.5,0.0,0.8888889,2.0,0,10.6,Medio
31,0,Viaja Raramente,218,Vendas,7,3,Curso Tecnico,2,Masculino,100,4,2,Executivo de Vendas,4,Casado(a),6929,12241,4,Nao,11,3,2,1,10,3,2,8,7,7,7,Medio,Muito Alto,Muito Alto,Medio,Regular,Excelente,Mestrado,8.843616,26-35,6k-10k,Medio (6-10),6-10 anos,3464.5,0.22580644,0.8,2.6666667,0,12.4,Medio
39,0,Viaja Raramente,1132,Investigacao e Desenvolvimento,1,3,Medicina,3,Masculino,48,4,3,Representante de Saude,4,Divorciado(a),9613,10942,0,Nao,17,3,1,3,19,5,2,18,10,3,7,Alto,Muito Alto,Muito Alto,Baixo,Regular,Excelente,Mestrado,9.170976,36-45,6k-10k,Perto (0-5),11-20 anos,3204.3333,0.07692308,0.94736844,2.6666667,0,0.4,Baixo
36,0,Sem Viagem,1105,Investigacao e Desenvolvimento,24,4,Ciencias da Vida,2,Feminino,47,3,2,Tecnico de Laboratorio,2,Casado(a),5674,6927,7,Nao,15,3,3,1,11,3,3,9,8,0,8,Medio,Medio,Alto,Alto,Bom,Excelente,Doutoramento,8.643826,36-45,3k-6k,Muito Longe (21+),6-10 anos,2837.0,0.0,0.8181818,2.3333333,0,0.3,Baixo
32,0,Viaja Raramente,906,Vendas,7,3,Ciencias da Vida,4,Masculino,91,2,2,Executivo de Vendas,3,Casado(a),5484,16985,1,Nao,14,3,3,1,13,3,2,13,8,4,8,Muito Alto,Alto,Medio,Alto,Regular,Excelente,Mestrado,8.609773,26-35,3k-6k,Medio (6-10),11-20 anos,2742.0,0.125,1.0,3.3333333,0,8.8,Medio
38,0,Viaja Raramente,849,Investigacao e Desenvolvimento,25,2,Ciencias da Vida,1,Feminino,81,2,3,Director de Investigacao,2,Casado(a),12061,26707,3,Nao,17,3,3,1,19,2,3,10,8,0,1,Baixo,Medio,Medio,Alto,Bom,Excelente,Licenciatura,9.397816,36-45,10k-15k,Muito Longe (21+),6-10 anos,4020.3333,0.0,0.5263158,2.0,0,14.0,Medio
58,0,Sem Viagem,390,Investigacao e Desenvolvimento,1,4,Ciencias da Vida,4,Masculino,32,1,2,Representante de Saude,3,Divorciado(a),5660,17056,2,Sim,13,3,4,1,12,2,3,5,3,1,2,Muito Alto,Alto,Baixo,Muito Alto,Bom,Excelente,Doutoramento,8.6413555,56-65,3k-6k,Perto (0-5),3-5 anos,2830.0,0.01724138,0.41666666,3.6666667,2,1.3,Baixo
31,0,Viaja Raramente,691,Investigacao e Desenvolvimento,5,4,Curso Tecnico,3,Masculino,86,3,1,Investigador,4,Casado(a),4821,10077,0,Sim,12,3,3,1,6,4,3,5,2,0,3,Alto,Muito Alto,Alto,Alto,Bom,Excelente,Doutoramento,8.480944,26-35,3k-6k,Perto (0-5),3-5 anos,4821.0,0.0,0.8333333,3.3333333,2,1.7,Baixo
31,0,Viaja Raramente,106,Recursos Humanos,2,3,Recursos Humanos,1,Masculino,62,2,2,Recursos Humanos,1,Casado(a),6410,17822,3,Nao,12,3,4,0,9,1,3,2,2,1,0,Baixo,Baixo,Medio,Muito Alto,Bom,Excelente,Mestrado,8.765771,26-35,6k-10k,Perto (0-5),0-2 anos,3205.0,0.032258064,0.22222222,2.0,0,46.7,Alto
45,0,Viaja Frequentemente,1249,Investigacao e Desenvolvimento,7,3,Ciencias da Vida,1,Masculino,97,3,3,Tecnico de Laboratorio,1,Divorciado(a),5210,20308,1,Nao,18,3,1,1,24,2,3,24,9,9,11,Baixo,Baixo,Alto,Baixo,Bom,Excelente,Mestrado,8.558527,36-45,3k-6k,Medio (6-10),20+ anos,1736.6666,0.2,1.0,1.0,0,2.8,Baixo
31,0,Viaja Raramente,192,Investigacao e Desenvolvimento,2,4,Ciencias da Vida,3,Masculino,32,3,1,Investigador,4,Divorciado(a),2695,7747,0,Sim,18,3,2,1,3,2,1,2,2,2,2,Alto,Muito Alto,Alto,Medio,Mau,Excelente,Doutoramento,7.8995247,26-35,Ate 3k,Perto (0-5),0-2 anos,2695.0,0.06451613,0.6666667,3.0,4,32.3,Alto
33,0,Viaja Frequentemente,553,Investigacao e Desenvolvimento,5,4,Ciencias da Vida,4,Feminino,74,3,3,Gestor,2,Casado(a),11878,23364,6,Nao,11,3,2,2,12,2,3,10,6,8,8,Muito Alto,Medio,Alto,Medio,Bom,Excelente,Doutoramento,9.382527,26-35,10k-15k,Perto (0-5),6-10 anos,3959.3333,0.24242425,0.8333333,2.6666667,0,7.5,Medio
39,0,Viaja Raramente,117,Investigacao e Desenvolvimento,10,1,Medicina,3,Masculino,99,3,4,Gestor,1,Casado(a),17068,5355,1,Sim,14,3,4,0,21,3,3,21,9,11,10,Alto,Baixo,Alto,Muito Alto,Bom,Excelente,Abaixo da Licenciatura,9.745019,36-45,Acima 15k,Medio (6-10),20+ anos,4267.0,0.2820513,1.0,2.6666667,2,6.3,Medio
43,0,Viaja Frequentemente,185,Investigacao e Desenvolvimento,10,4,Ciencias da Vida,3,Feminino,33,3,1,Tecnico de Laboratorio,4,Solteiro(a),2455,10675,0,Nao,19,3,1,0,9,5,3,8,7,1,7,Alto,Muito Alto,Alto,Baixo,Bom,Excelente,Doutoramento,7.806289,36-45,Ate 3k,Medio (6-10),6-10 anos,2455.0,0.023255814,0.8888889,2.6666667,0,11.1,Medio
49,0,Viaja Raramente,1091,Investigacao e Desenvolvimento,1,2,Curso Tecnico,3,Feminino,90,2,4,Representante de Saude,3,Solteiro(a),13964,17810,7,Sim,12,3,4,0,25,2,3,7,1,0,7,Alto,Alto,Medio,Muito Alto,Bom,Excelente,Licenciatura,9.54431,46-55,10k-15k,Perto (0-5),6-10 anos,3491.0,0.0,0.28,3.3333333,2,33.6,Alto
52,1,Viaja Raramente,723,Investigacao e Desenvolvimento,8,4,Medicina,3,Masculino,85,2,2,Investigador,2,Casado(a),4941,17747,2,Nao,15,3,1,0,11,3,2,8,2,7,7,Alto,Medio,Medio,Baixo,Regular,Excelente,Doutoramento,8.505526,46-55,3k-6k,Medio (6-10),6-10 anos,2470.5,0.13461539,0.72727275,2.0,0,97.1,Alto
27,0,Viaja Raramente,1220,Investigacao e Desenvolvimento,5,3,Ciencias da Vida,3,Feminino,85,3,1,Investigador,2,Solteiro(a),2478,20938,1,Sim,12,3,2,0,4,2,2,4,3,1,2,Alto,Medio,Alto,Medio,Regular,Excelente,Mestrado,7.8156104,26-35,Ate 3k,Perto (0-5),3-5 anos,2478.0,0.037037037,1.0,2.3333333,3,62.2,Alto
32,0,Viaja Raramente,588,Vendas,8,2,Curso Tecnico,3,Feminino,65,2,2,Executivo de Vendas,2,Casado(a),5228,24624,1,Sim,11,3,4,0,13,2,3,13,12,11,9,Alto,Medio,Medio,Muito Alto,Bom,Excelente,Licenciatura,8.5619755,26-35,3k-6k,Medio (6-10),11-20 anos,2614.0,0.34375,1.0,3.0,2,44.6,Alto
27,0,Viaja Raramente,1377,Vendas,2,3,Ciencias da Vida,4,Masculino,74,3,2,Executivo de Vendas,3,Solteiro(a),4478,5242,1,Sim,11,3,1,0,5,3,3,5,4,0,4,Muito Alto,Alto,Alto,Baixo,Bom,Excelente,Mestrado,8.407155,26-35,3k-6k,Perto (0-5),3-5 anos,2239.0,0.0,1.0,2.6666667,2,21.2,Alto
31,0,Viaja Raramente,691,Vendas,7,3,Marketing,4,Masculino,73,3,2,Executivo de Vendas,4,Divorciado(a),7547,7143,4,Nao,12,3,4,3,13,3,3,7,7,1,7,Muito Alto,Muito Alto,Alto,Muito Alto,Bom,Excelente,Mestrado,8.929038,26-35,6k-10k,Medio (6-10),6-10 anos,3773.5,0.032258064,0.53846157,4.0,0,1.3,Baixo
32,0,Viaja Raramente,1018,Investigacao e Desenvolvimento,2,4,Medicina,1,Feminino,74,4,2,Investigador,4,Solteiro(a),5055,10557,7,Nao,16,3,3,0,10,0,2,7,7,0,7,Baixo,Muito Alto,Muito Alto,Alto,Regular,Excelente,Doutoramento,8.528331,26-35,3k-6k,Perto (0-5),6-10 anos,2527.5,0.0,0.7,2.6666667,0,2.3,Baixo
28,1,Viaja Raramente,1157,Investigacao e Desenvolvimento,2,4,Medicina,1,Masculino,84,1,1,Investigador,4,Casado(a),3464,24737,5,Sim,13,3,4,0,5,4,2,3,2,2,2,Baixo,Muito Alto,Baixo,Muito Alto,Regular,Excelente,Doutoramento,8.150468,26-35,3k-6k,Perto (0-5),3-5 anos,3464.0,0.071428575,0.6,3.0,3,98.3,Alto
30,0,Viaja Raramente,1275,Investigacao e Desenvolvimento,28,2,Medicina,4,Feminino,64,3,2,Investigador,4,Casado(a),5775,11934,1,Nao,13,3,4,2,11,2,3,10,8,1,9,Muito Alto,Muito Alto,Alto,Muito Alto,Bom,Excelente,Licenciatura,8.661467,26-35,3k-6k,Muito Longe (21+),6-10 anos,2887.5,0.033333335,0.90909094,4.0,0,0.1,Baixo
31,0,Viaja Frequentemente,798,Investigacao e Desenvolvimento,7,2,Ciencias da Vida,3,Feminino,48,2,3,Director de Producao,3,Casado(a),8943,14034,1,Nao,24,4,1,1,10,2,3,10,9,8,9,Alto,Alto,Medio,Baixo,Bom,Excecional,Licenciatura,9.098739,26-35,6k-10k,Medio (6-10),6-10 anos,2981.0,0.2580645,1.0,2.3333333,0,10.2,Medio
39,0,Viaja Frequentemente,672,Investigacao e Desenvolvimento,7,2,Medicina,3,Masculino,54,2,5,Gestor,4,Casado(a),19272,21141,1,Nao,15,3,1,1,21,2,3,21,9,13,3,Alto,Muito Alto,Medio,Baixo,Bom,Excelente,Licenciatura,9.866461,36-45,Acima 15k,Medio (6-10),20+ anos,3854.4,0.33333334,1.0,2.6666667,0,2.4,Baixo
39,1,Viaja Raramente,1162,Vendas,3,2,Medicina,4,Feminino,41,3,2,Executivo de Vendas,3,Casado(a),5238,17778,4,Sim,18,3,1,0,12,3,2,1,0,0,0,Muito Alto,Alto,Alto,Baixo,Regular,Excelente,Licenciatura,8.563886,36-45,3k-6k,Perto (0-5),0-2 anos,2619.0,0.0,0.083333336,2.6666667,3,92.5,Alto
33,0,Viaja Frequentemente,508,Vendas,10,3,Marketing,2,Masculino,46,2,2,Executivo de Vendas,4,Solteiro(a),4682,4317,3,Nao,14,3,3,0,9,6,2,7,7,0,1,Medio,Muito Alto,Medio,Alto,Regular,Excelente,Mestrado,8.4516945,26-35,3k-6k,Medio (6-10),6-10 anos,2341.0,0.0,0.7777778,3.0,0,21.4,Alto
47,0,Viaja Raramente,1482,Investigacao e Desenvolvimento,5,5,Ciencias da Vida,4,Masculino,42,3,5,Director de Investigacao,3,Casado(a),18300,16375,4,Nao,11,3,2,1,21,2,3,3,2,1,1,Muito Alto,Alto,Alto,Medio,Bom,Excelente,Pos-Doc,9.814711,46-55,Acima 15k,Perto (0-5),3-5 anos,3660.0,0.021276595,0.14285715,3.0,0,0.3,Baixo
43,0,Viaja Frequentemente,559,Investigacao e Desenvolvimento,10,4,Ciencias da Vida,3,Feminino,82,2,2,Tecnico de Laboratorio,3,Divorciado(a),5257,6227,1,Nao,11,3,2,1,9,3,4,9,7,0,0,Alto,Alto,Medio,Medio,Excelente,Excelente,Doutoramento,8.567506,36-45,3k-6k,Medio (6-10),6-10 anos,2628.5,0.0,1.0,2.6666667,0,7.1,Medio
27,0,Sem Viagem,210,Vendas,1,1,Marketing,3,Masculino,73,3,2,Executivo de Vendas,2,Casado(a),6349,22107,0,Sim,13,3,4,1,6,0,3,5,4,1,4,Alto,Medio,Alto,Muito Alto,Bom,Excelente,Abaixo da Licenciatura,8.75621,26-35,6k-10k,Perto (0-5),3-5 anos,3174.5,0.037037037,0.8333333,3.0,2,7.5,Medio
54,0,Viaja Frequentemente,928,Investigacao e Desenvolvimento,20,4,Ciencias da Vida,4,Feminino,31,3,2,Investigador,3,Solteiro(a),4869,16885,3,Nao,12,3,4,0,20,4,2,4,3,0,3,Muito Alto,Alto,Alto,Muito Alto,Regular,Excelente,Doutoramento,8.4908495,46-55,3k-6k,Longe (11-20),3-5 anos,2434.5,0.0,0.2,3.6666667,0,3.4,Medio
43,0,Viaja Raramente,1001,Investigacao e Desenvolvimento,7,3,Ciencias da Vida,3,Feminino,43,3,3,Representante de Saude,1,Casado(a),9985,9262,8,Nao,16,3,1,1,10,1,2,1,0,0,0,Alto,Baixo,Alto,Baixo,Regular,Excelente,Mestrado,9.20894,36-45,6k-10k,Medio (6-10),0-2 anos,3328.3333,0.0,0.1,1.6666666,0,7.0,Medio
45,0,Viaja Raramente,549,Investigacao e Desenvolvimento,8,4,Outro,4,Masculino,75,3,2,Investigador,4,Casado(a),3697,9278,9,Nao,14,3,1,2,12,3,3,10,9,9,8,Muito Alto,Muito Alto,Alto,Baixo,Bom,Excelente,Doutoramento,8.215548,36-45,3k-6k,Medio (6-10),6-10 anos,1848.5,0.2,0.8333333,3.0,0,3.3,Medio
40,0,Viaja Raramente,1124,Vendas,1,2,Medicina,2,Masculino,57,1,2,Executivo de Vendas,4,Casado(a),7457,13273,2,Sim,22,4,3,3,6,2,2,4,3,0,2,Medio,Muito Alto,Baixo,Alto,Regular,Excecional,Licenciatura,8.917043,36-45,6k-10k,Perto (0-5),3-5 anos,3728.5,0.0,0.6666667,3.0,3,9.0,Medio
29,1,Viaja Raramente,318,Investigacao e Desenvolvimento,8,4,Outro,2,Masculino,77,1,1,Tecnico de Laboratorio,1,Casado(a),2119,4759,1,Sim,11,3,4,0,7,4,2,7,7,0,7,Medio,Baixo,Baixo,Muito Alto,Regular,Excelente,Doutoramento,7.6591716,26-35,Ate 3k,Medio (6-10),6-10 anos,2119.0,0.0,1.0,2.3333333,3,96.8,Alto
29,0,Viaja Raramente,738,Investigacao e Desenvolvimento,9,5,Outro,2,Masculino,30,2,1,Tecnico de Laboratorio,4,Solteiro(a),3983,7621,0,Nao,17,3,3,0,4,2,3,3,2,2,2,Medio,Muito Alto,Medio,Alto,Bom,Excelente,Pos-Doc,8.290042,26-35,3k-6k,Medio (6-10),3-5 anos,3983.0,0.06896552,0.75,3.0,0,5.9,Medio
30,0,Viaja Raramente,570,Vendas,5,3,Marketing,4,Feminino,30,2,2,Executivo de Vendas,3,Divorciado(a),6118,5431,1,Nao,13,3,3,3,10,2,3,10,9,1,2,Muito Alto,Alto,Medio,Alto,Bom,Excelente,Mestrado,8.719154,26-35,6k-10k,Perto (0-5),6-10 anos,3059.0,0.033333335,1.0,3.3333333,0,0.5,Baixo
27,0,Viaja Raramente,1130,Vendas,8,4,Marketing,2,Feminino,56,3,2,Executivo de Vendas,2,Casado(a),6214,3415,1,Nao,18,3,1,1,8,3,3,8,7,0,7,Medio,Medio,Alto,Baixo,Bom,Excelente,Doutoramento,8.734721,26-35,6k-10k,Medio (6-10),6-10 anos,3107.0,0.0,1.0,1.6666666,0,0.5,Baixo
37,0,Viaja Raramente,1192,Investigacao e Desenvolvimento,5,2,Medicina,4,Masculino,61,3,2,Director de Producao,4,Divorciado(a),6347,23177,7,Nao,16,3,3,2,8,2,2,6,2,0,4,Muito Alto,Muito Alto,Alto,Alto,Regular,Excelente,Licenciatura,8.755895,36-45,6k-10k,Perto (0-5),6-10 anos,3173.5,0.0,0.75,3.6666667,0,0.6,Baixo
38,0,Viaja Raramente,343,Investigacao e Desenvolvimento,15,2,Ciencias da Vida,3,Masculino,92,2,3,Director de Investigacao,4,Divorciado(a),11510,15682,0,Sim,14,3,2,1,12,3,3,11,10,2,9,Alto,Muito Alto,Medio,Medio,Bom,Excelente,Licenciatura,9.351058,36-45,10k-15k,Longe (11-20),11-20 anos,3836.6667,0.05263158,0.9166667,3.0,2,0.9,Baixo
31,0,Viaja Raramente,1232,Investigacao e Desenvolvimento,7,4,Medicina,3,Feminino,39,3,3,Director de Producao,4,Solteiro(a),7143,25713,1,Sim,14,3,3,0,11,2,2,11,9,4,10,Alto,Muito Alto,Alto,Alto,Regular,Excelente,Doutoramento,8.874028,26-35,6k-10k,Medio (6-10),11-20 anos,2381.0,0.12903225,1.0,3.3333333,3,21.2,Alto
29,0,Viaja Raramente,144,Vendas,10,1,Marketing,4,Feminino,39,2,2,Executivo de Vendas,2,Divorciado(a),8268,11866,1,Sim,14,3,1,2,7,2,3,7,7,1,7,Muito Alto,Medio,Medio,Baixo,Bom,Excelente,Abaixo da Licenciatura,9.020268,26-35,6k-10k,Medio (6-10),6-10 anos,4134.0,0.03448276,1.0,2.3333333,2,27.7,Alto
35,0,Viaja Raramente,1296,Investigacao e Desenvolvimento,5,4,Curso Tecnico,3,Masculino,62,3,3,Director de Producao,2,Solteiro(a),8095,18264,0,Nao,13,3,4,0,17,5,3,16,6,0,13,Alto,Medio,Alto,Muito Alto,Bom,Excelente,Doutoramento,8.9991255,26-35,6k-10k,Perto (0-5),11-20 anos,2698.3333,0.0,0.9411765,3.0,0,0.3,Baixo
23,0,Viaja Raramente,1309,Investigacao e Desenvolvimento,26,1,Ciencias da Vida,3,Masculino,83,3,1,Investigador,4,Divorciado(a),2904,16092,1,Nao,12,3,3,2,4,2,2,4,2,0,2,Alto,Muito Alto,Alto,Alto,Regular,Excelente,Abaixo da Licenciatura,7.974189,18-25,Ate 3k,Muito Longe (21+),3-5 anos,2904.0,0.0,1.0,3.3333333,0,0.1,Baixo
41,0,Viaja Raramente,483,Investigacao e Desenvolvimento,6,3,Medicina,4,Masculino,95,2,2,Director de Producao,2,Solteiro(a),6032,10110,6,Sim,15,3,4,0,8,3,3,5,4,1,2,Muito Alto,Medio,Medio,Muito Alto,Bom,Excelente,Mestrado,8.705,36-45,6k-10k,Medio (6-10),3-5 anos,3016.0,0.024390243,0.625,3.3333333,2,10.1,Medio
47,0,Viaja Frequentemente,1309,Vendas,4,1,Medicina,2,Masculino,99,3,2,Representante de Vendas,3,Solteiro(a),2976,25751,3,Nao,19,3,1,0,5,3,3,0,0,0,0,Medio,Alto,Alto,Baixo,Bom,Excelente,Abaixo da Licenciatura,7.9986715,46-55,Ate 3k,Perto (0-5),0-2 anos,1488.0,0.0,0.0,2.0,0,50.9,Alto
42,0,Viaja Raramente,810,Investigacao e Desenvolvimento,23,5,Ciencias da Vida,1,Feminino,44,3,4,Director de Investigacao,4,Solteiro(a),15992,15901,2,Nao,14,3,2,0,16,2,3,1,0,0,0,Baixo,Muito Alto,Alto,Medio,Bom,Excelente,Pos-Doc,9.679907,36-45,Acima 15k,Muito Longe (21+),0-2 anos,3998.0,0.0,0.0625,2.3333333,0,0.6,Baixo
29,0,Sem Viagem,746,Vendas,2,3,Ciencias da Vida,4,Masculino,61,3,2,Executivo de Vendas,3,Casado(a),4649,16928,1,Nao,14,3,1,1,4,3,2,4,3,0,2,Muito Alto,Alto,Alto,Baixo,Regular,Excelente,Mestrado,8.444622,26-35,3k-6k,Perto (0-5),3-5 anos,2324.5,0.0,1.0,2.6666667,0,0.5,Baixo
42,0,Viaja Raramente,544,Recursos Humanos,2,1,Curso Tecnico,3,Masculino,52,3,1,Recursos Humanos,3,Divorciado(a),2696,24017,0,Sim,11,3,3,1,4,5,3,3,2,1,0,Alto,Alto,Alto,Alto,Bom,Excelente,Abaixo da Licenciatura,7.899895,36-45,Ate 3k,Perto (0-5),3-5 anos,2696.0,0.023809524,0.75,3.0,2,57.1,Alto
32,0,Viaja Raramente,1062,Investigacao e Desenvolvimento,2,3,Medicina,3,Feminino,75,3,1,Tecnico de Laboratorio,2,Casado(a),2370,3956,1,Nao,13,3,3,1,8,4,3,8,0,0,7,Alto,Medio,Alto,Alto,Bom,Excelente,Mestrado,7.771067,26-35,Ate 3k,Perto (0-5),6-10 anos,2370.0,0.0,1.0,2.6666667,0,0.6,Baixo
48,0,Viaja Raramente,530,Vendas,29,1,Medicina,1,Feminino,91,3,3,Gestor,3,Casado(a),12504,23978,3,Nao,21,4,2,1,15,3,1,0,0,0,0,Baixo,Alto,Alto,Medio,Mau,Excecional,Abaixo da Licenciatura,9.433884,46-55,10k-15k,Muito Longe (21+),0-2 anos,4168.0,0.0,0.0,2.0,0,9.2,Medio
37,0,Viaja Raramente,1319,Investigacao e Desenvolvimento,6,3,Medicina,3,Masculino,51,4,2,Investigador,1,Divorciado(a),5974,17001,4,Sim,13,3,1,2,13,2,3,7,7,6,7,Alto,Baixo,Muito Alto,Baixo,Bom,Excelente,Mestrado,8.695339,36-45,3k-6k,Medio (6-10),6-10 anos,2987.0,0.16216215,0.53846157,1.6666666,2,9.1,Medio
30,0,Sem Viagem,641,Vendas,25,2,Curso Tecnico,4,Feminino,85,3,2,Executivo de Vendas,3,Casado(a),4736,6069,7,Sim,12,3,2,1,4,2,4,2,2,2,2,Muito Alto,Alto,Alto,Medio,Excelente,Excelente,Licenciatura,8.46316,26-35,3k-6k,Muito Longe (21+),0-2 anos,2368.0,0.06666667,0.5,3.0,1,56.8,Alto
26,0,Viaja Raramente,933,Vendas,1,3,Ciencias da Vida,3,Masculino,57,3,2,Executivo de Vendas,3,Casado(a),5296,20156,1,Nao,17,3,2,1,8,3,3,8,7,7,7,Alto,Alto,Alto,Medio,Bom,Excelente,Mestrado,8.574896,26-35,3k-6k,Perto (0-5),6-10 anos,2648.0,0.26923078,1.0,2.6666667,0,2.0,Baixo
42,0,Viaja Raramente,1332,Investigacao e Desenvolvimento,2,4,Outro,1,Masculino,98,2,2,Representante de Saude,4,Solteiro(a),6781,17078,3,Nao,23,4,2,0,14,6,3,1,0,0,0,Baixo,Muito Alto,Medio,Medio,Bom,Excecional,Doutoramento,8.822027,36-45,6k-10k,Perto (0-5),0-2 anos,3390.5,0.0,0.071428575,2.3333333,0,0.8,Baixo
21,1,Viaja Frequentemente,756,Vendas,1,1,Curso Tecnico,1,Feminino,99,2,1,Representante de Vendas,2,Solteiro(a),2174,9150,1,Sim,11,3,3,0,3,3,3,3,2,1,2,Baixo,Medio,Medio,Alto,Bom,Excelente,Abaixo da Licenciatura,7.684784,18-25,Ate 3k,Perto (0-5),3-5 anos,2174.0,0.04761905,1.0,2.0,2,99.4,Alto
36,0,Sem Viagem,845,Vendas,1,5,Medicina,4,Feminino,45,3,2,Executivo de Vendas,4,Solteiro(a),6653,15276,4,Nao,15,3,2,0,7,6,3,1,0,0,0,Muito Alto,Muito Alto,Alto,Medio,Bom,Excelente,Pos-Doc,8.802974,36-45,6k-10k,Perto (0-5),0-2 anos,3326.5,0.0,0.14285715,3.3333333,0,0.4,Baixo
36,0,Viaja Frequentemente,541,Vendas,3,4,Medicina,1,Masculino,48,2,3,Executivo de Vendas,4,Casado(a),9699,7246,4,Nao,11,3,1,1,16,2,3,13,9,1,12,Baixo,Muito Alto,Medio,Baixo,Bom,Excelente,Doutoramento,9.179881,36-45,6k-10k,Perto (0-5),11-20 anos,3233.0,0.027777778,0.8125,2.0,0,25.9,Alto
57,0,Viaja Raramente,593,Investigacao e Desenvolvimento,1,4,Medicina,4,Masculino,88,3,2,Representante de Saude,3,Casado(a),6755,2967,2,Nao,11,3,3,0,15,2,3,3,2,1,2,Muito Alto,Alto,Alto,Alto,Bom,Excelente,Doutoramento,8.818186,56-65,6k-10k,Perto (0-5),3-5 anos,3377.5,0.01754386,0.2,3.3333333,0,1.9,Baixo
40,0,Viaja Raramente,1171,Investigacao e Desenvolvimento,10,4,Ciencias da Vida,4,Feminino,46,4,1,Tecnico de Laboratorio,3,Casado(a),2213,22495,3,Sim,13,3,3,1,10,3,3,7,7,1,7,Muito Alto,Alto,Muito Alto,Alto,Bom,Excelente,Doutoramento,7.702556,36-45,Ate 3k,Medio (6-10),6-10 anos,2213.0,0.025,0.7,3.3333333,2,2.3,Baixo
21,0,Sem Viagem,895,Vendas,9,2,Medicina,1,Masculino,39,3,1,Representante de Vendas,4,Solteiro(a),2610,2851,1,Nao,24,4,3,0,3,3,2,3,2,2,2,Baixo,Muito Alto,Alto,Alto,Regular,Excecional,Licenciatura,7.8674884,18-25,Ate 3k,Medio (6-10),3-5 anos,2610.0,0.0952381,1.0,2.6666667,0,18.0,Medio
33,1,Viaja Raramente,350,Vendas,5,3,Marketing,4,Feminino,34,3,1,Representante de Vendas,3,Solteiro(a),2851,9150,1,Sim,13,3,2,0,1,2,3,1,0,0,0,Muito Alto,Alto,Alto,Medio,Bom,Excelente,Mestrado,7.9557757,26-35,Ate 3k,Perto (0-5),0-2 anos,2851.0,0.0,1.0,3.0,2,97.7,Alto
37,0,Viaja Raramente,921,Investigacao e Desenvolvimento,10,3,Medicina,3,Feminino,98,3,1,Tecnico de Laboratorio,1,Casado(a),3452,17663,6,Nao,20,4,2,1,17,3,3,5,4,0,3,Alto,Baixo,Alto,Medio,Bom,Excecional,Mestrado,8.146998,36-45,3k-6k,Medio (6-10),3-5 anos,3452.0,0.0,0.29411766,2.0,0,2.9,Baixo
46,0,Sem Viagem,1144,Investigacao e Desenvolvimento,7,4,Medicina,3,Feminino,30,3,2,Director de Producao,3,Casado(a),5258,16044,2,Nao,14,3,3,0,7,2,4,1,0,0,0,Alto,Alto,Alto,Alto,Excelente,Excelente,Doutoramento,8.567697,46-55,3k-6k,Medio (6-10),0-2 anos,2629.0,0.0,0.14285715,3.0,0,13.0,Medio
41,1,Viaja Frequentemente,143,Vendas,4,3,Marketing,1,Masculino,56,3,2,Executivo de Vendas,2,Solteiro(a),9355,9558,1,Nao,18,3,3,0,8,5,3,8,7,7,7,Baixo,Medio,Alto,Alto,Bom,Excelente,Mestrado,9.143773,36-45,6k-10k,Perto (0-5),6-10 anos,4677.5,0.17073171,1.0,2.0,0,83.2,Alto
50,0,Viaja Raramente,1046,Investigacao e Desenvolvimento,10,3,Curso Tecnico,4,Masculino,100,2,3,Representante de Saude,4,Solteiro(a),10496,2755,6,Nao,15,3,4,0,20,2,3,4,3,1,3,Muito Alto,Muito Alto,Medio,Muito Alto,Bom,Excelente,Mestrado,9.258844,46-55,10k-15k,Medio (6-10),3-5 anos,3498.6667,0.02,0.2,4.0,0,4.4,Medio
40,1,Viaja Raramente,575,Vendas,22,2,Marketing,3,Masculino,68,2,2,Executivo de Vendas,3,Casado(a),6380,6110,2,Sim,12,3,1,2,8,6,3,6,4,1,0,Alto,Alto,Medio,Baixo,Bom,Excelente,Licenciatura,8.76108,36-45,6k-10k,Muito Longe (21+),6-10 anos,3190.0,0.025,0.75,2.3333333,2,93.8,Alto
31,0,Viaja Raramente,408,Investigacao e Desenvolvimento,9,4,Ciencias da Vida,3,Masculino,42,2,1,Investigador,2,Solteiro(a),2657,7551,0,Sim,16,3,4,0,3,5,3,2,2,2,2,Alto,Medio,Medio,Muito Alto,Bom,Excelente,Doutoramento,7.8853292,26-35,Ate 3k,Medio (6-10),0-2 anos,2657.0,0.06451613,0.6666667,3.0,2,50.4,Alto
21,1,Viaja Raramente,156,Vendas,12,3,Ciencias da Vida,3,Feminino,90,4,1,Representante de Vendas,2,Solteiro(a),2716,25422,1,Nao,15,3,4,0,1,0,3,1,0,0,0,Alto,Medio,Muito Alto,Muito Alto,Bom,Excelente,Mestrado,7.907284,18-25,Ate 3k,Longe (11-20),0-2 anos,2716.0,0.0,1.0,3.0,0,95.1,Alto
29,0,Viaja Raramente,1283,Investigacao e Desenvolvimento,23,3,Ciencias da Vida,4,Masculino,54,3,1,Investigador,4,Solteiro(a),2201,18168,9,Nao,16,3,4,0,6,4,3,3,2,1,2,Muito Alto,Muito Alto,Alto,Muito Alto,Bom,Excelente,Mestrado,7.697121,26-35,Ate 3k,Muito Longe (21+),3-5 anos,2201.0,0.03448276,0.5,4.0,0,2.4,Baixo
35,0,Viaja Raramente,755,Investigacao e Desenvolvimento,9,4,Ciencias da Vida,3,Masculino,97,2,2,Representante de Saude,2,Solteiro(a),6540,19394,9,Nao,19,3,3,0,10,5,3,1,1,0,0,Alto,Medio,Medio,Alto,Bom,Excelente,Doutoramento,8.785846,26-35,6k-10k,Medio (6-10),0-2 anos,3270.0,0.0,0.1,2.6666667,0,5.8,Medio
27,0,Viaja Raramente,1469,Investigacao e Desenvolvimento,1,2,Medicina,4,Masculino,82,3,1,Tecnico de Laboratorio,2,Divorciado(a),3816,17881,1,Nao,11,3,2,1,5,2,3,5,2,0,4,Muito Alto,Medio,Alto,Medio,Bom,Excelente,Licenciatura,8.24722,26-35,3k-6k,Perto (0-5),3-5 anos,3816.0,0.0,1.0,2.6666667,0,0.4,Baixo
28,0,Viaja Raramente,304,Vendas,9,4,Ciencias da Vida,2,Masculino,92,3,2,Executivo de Vendas,4,Solteiro(a),5253,20750,1,Nao,16,3,4,0,7,1,3,7,5,0,7,Medio,Muito Alto,Alto,Muito Alto,Bom,Excelente,Doutoramento,8.566745,26-35,3k-6k,Medio (6-10),6-10 anos,2626.5,0.0,1.0,3.3333333,0,3.1,Medio
49,0,Viaja Raramente,1261,Investigacao e Desenvolvimento,7,3,Outro,2,Masculino,31,2,3,Representante de Saude,3,Solteiro(a),10965,12066,8,Nao,24,4,3,0,26,2,3,5,2,0,0,Medio,Alto,Medio,Alto,Bom,Excecional,Mestrado,9.302555,46-55,10k-15k,Medio (6-10),3-5 anos,3655.0,0.0,0.1923077,2.6666667,0,9.1,Medio
51,0,Viaja Raramente,1178,Vendas,14,2,Ciencias da Vida,3,Feminino,87,3,2,Executivo de Vendas,4,Casado(a),4936,14862,4,Nao,11,3,3,1,18,2,2,7,7,0,7,Alto,Muito Alto,Alto,Alto,Regular,Excelente,Licenciatura,8.504513,46-55,3k-6k,Longe (11-20),6-10 anos,2468.0,0.0,0.3888889,3.3333333,0,2.4,Baixo
36,0,Viaja Raramente,329,Investigacao e Desenvolvimento,2,3,Ciencias da Vida,4,Feminino,96,3,1,Investigador,3,Casado(a),2543,11868,4,Nao,13,3,2,1,6,3,3,2,2,2,2,Muito Alto,Alto,Alto,Medio,Bom,Excelente,Mestrado,7.841493,36-45,Ate 3k,Perto (0-5),0-2 anos,2543.0,0.055555556,0.33333334,3.0,0,0.3,Baixo
34,1,Sem Viagem,1362,Vendas,19,3,Marketing,1,Masculino,67,4,2,Executivo de Vendas,4,Solteiro(a),5304,4652,8,Sim,13,3,2,0,9,3,2,5,2,0,4,Baixo,Muito Alto,Muito Alto,Medio,Regular,Excelente,Mestrado,8.576406,26-35,3k-6k,Longe (11-20),3-5 anos,2652.0,0.0,0.5555556,2.3333333,3,94.8,Alto
55,0,Viaja Raramente,1311,Investigacao e Desenvolvimento,2,3,Ciencias da Vida,3,Feminino,97,3,4,Gestor,4,Solteiro(a),16659,23258,2,Sim,13,3,3,0,30,2,3,5,4,1,2,Alto,Muito Alto,Alto,Alto,Bom,Excelente,Mestrado,9.720766,46-55,Acima 15k,Perto (0-5),3-5 anos,4164.75,0.018181818,0.16666667,3.3333333,2,0.7,Baixo
24,0,Viaja Raramente,1371,Vendas,10,4,Marketing,4,Feminino,77,3,2,Executivo de Vendas,3,Divorciado(a),4260,5915,1,Sim,12,3,4,1,5,2,4,5,2,0,3,Muito Alto,Alto,Alto,Muito Alto,Excelente,Excelente,Doutoramento,8.357259,18-25,3k-6k,Medio (6-10),3-5 anos,2130.0,0.0,1.0,3.6666667,1,1.3,Baixo
30,0,Viaja Raramente,202,Vendas,2,1,Curso Tecnico,3,Masculino,72,3,1,Representante de Vendas,2,Casado(a),2476,17434,1,Nao,18,3,1,1,1,3,3,1,0,0,0,Alto,Medio,Alto,Baixo,Bom,Excelente,Abaixo da Licenciatura,7.8148036,26-35,Ate 3k,Perto (0-5),0-2 anos,2476.0,0.0,1.0,2.0,0,66.7,Alto
26,1,Viaja Frequentemente,575,Investigacao e Desenvolvimento,3,1,Curso Tecnico,3,Masculino,73,3,1,Investigador,1,Solteiro(a),3102,6582,0,Nao,22,4,3,0,7,2,3,6,4,0,4,Alto,Baixo,Alto,Alto,Bom,Excecional,Abaixo da Licenciatura,8.040125,26-35,3k-6k,Perto (0-5),6-10 anos,3102.0,0.0,0.85714287,2.3333333,0,92.1,Alto
22,0,Viaja Raramente,253,Investigacao e Desenvolvimento,11,3,Medicina,1,Feminino,43,3,1,Investigador,2,Casado(a),2244,24440,1,Nao,13,3,4,1,2,1,3,2,1,1,2,Baixo,Medio,Alto,Muito Alto,Bom,Excelente,Mestrado,7.7164607,18-25,Ate 3k,Longe (11-20),0-2 anos,2244.0,0.045454547,1.0,2.3333333,0,4.1,Medio
36,0,Viaja Raramente,164,Vendas,2,2,Medicina,2,Masculino,61,2,3,Executivo de Vendas,3,Casado(a),7596,3809,1,Nao,13,3,2,2,10,2,3,10,9,9,0,Medio,Alto,Medio,Medio,Bom,Excelente,Licenciatura,8.935509,36-45,6k-10k,Perto (0-5),6-10 anos,2532.0,0.25,1.0,2.3333333,0,4.7,Medio
30,1,Viaja Frequentemente,464,Investigacao e Desenvolvimento,4,3,Curso Tecnico,3,Masculino,40,3,1,Investigador,4,Solteiro(a),2285,3427,9,Sim,23,4,3,0,3,4,3,1,0,0,0,Alto,Muito Alto,Alto,Alto,Bom,Excecional,Mestrado,7.734559,26-35,Ate 3k,Perto (0-5),0-2 anos,2285.0,0.0,0.33333334,3.3333333,2,98.3,Alto
37,0,Viaja Raramente,1107,Investigacao e Desenvolvimento,14,3,Ciencias da Vida,4,Feminino,95,3,1,Tecnico de Laboratorio,1,Divorciado(a),3034,26914,1,Nao,12,3,3,1,18,2,2,18,7,12,17,Muito Alto,Baixo,Alto,Alto,Regular,Excelente,Mestrado,8.017966,36-45,3k-6k,Longe (11-20),11-20 anos,3034.0,0.3243243,1.0,2.6666667,0,7.3,Medio
40,0,Viaja Raramente,759,Vendas,2,2,Marketing,4,Feminino,46,3,2,Executivo de Vendas,2,Divorciado(a),5715,22553,7,Nao,12,3,3,2,8,5,3,5,4,1,3,Muito Alto,Medio,Alto,Alto,Bom,Excelente,Licenciatura,8.651025,36-45,3k-6k,Perto (0-5),3-5 anos,2857.5,0.025,0.625,3.0,0,0.2,Baixo
42,0,Viaja Raramente,201,Investigacao e Desenvolvimento,1,4,Ciencias da Vida,2,Feminino,95,3,1,Tecnico de Laboratorio,1,Divorciado(a),2576,20490,3,Nao,16,3,2,1,8,5,3,5,2,1,2,Medio,Baixo,Alto,Medio,Bom,Excelente,Doutoramento,7.854381,36-45,Ate 3k,Perto (0-5),3-5 anos,2576.0,0.023809524,0.625,1.6666666,0,6.4,Medio
37,0,Viaja Raramente,1305,Investigacao e Desenvolvimento,10,4,Ciencias da Vida,3,Masculino,49,3,2,Director de Producao,2,Solteiro(a),4197,21123,2,Sim,12,3,4,0,18,2,2,1,0,0,1,Alto,Medio,Alto,Muito Alto,Regular,Excelente,Doutoramento,8.342363,36-45,3k-6k,Medio (6-10),0-2 anos,2098.5,0.0,0.055555556,3.0,3,14.2,Medio
43,0,Viaja Raramente,982,Investigacao e Desenvolvimento,12,3,Ciencias da Vida,1,Masculino,59,2,4,Director de Investigacao,2,Divorciado(a),14336,4345,1,Nao,11,3,3,1,25,3,3,25,10,3,9,Baixo,Medio,Medio,Alto,Bom,Excelente,Mestrado,9.570599,36-45,10k-15k,Longe (11-20),20+ anos,3584.0,0.069767445,1.0,2.0,0,2.6,Baixo
40,0,Viaja Raramente,555,Investigacao e Desenvolvimento,2,3,Medicina,2,Feminino,78,2,2,Tecnico de Laboratorio,3,Casado(a),3448,13436,6,Nao,22,4,2,1,20,3,3,1,0,0,0,Medio,Alto,Medio,Medio,Bom,Excecional,Mestrado,8.14584,36-45,3k-6k,Perto (0-5),0-2 anos,1724.0,0.0,0.05,2.3333333,0,1.1,Baixo
54,0,Viaja Raramente,821,Investigacao e Desenvolvimento,5,2,Medicina,1,Masculino,86,3,5,Director de Investigacao,1,Casado(a),19406,8509,4,Nao,11,3,3,1,24,4,2,4,2,1,2,Baixo,Baixo,Alto,Alto,Regular,Excelente,Licenciatura,9.873389,46-55,Acima 15k,Perto (0-5),3-5 anos,3881.2,0.018518519,0.16666667,1.6666666,0,1.7,Baixo
34,0,Sem Viagem,1381,Vendas,4,4,Marketing,3,Feminino,72,3,2,Executivo de Vendas,3,Casado(a),6538,12740,9,Nao,15,3,1,1,6,3,3,3,2,1,2,Alto,Alto,Alto,Baixo,Bom,Excelente,Doutoramento,8.78554,26-35,6k-10k,Perto (0-5),3-5 anos,3269.0,0.029411765,0.5,2.3333333,0,1.0,Baixo
31,0,Viaja Raramente,480,Investigacao e Desenvolvimento,7,2,Medicina,2,Feminino,31,3,2,Director de Producao,1,Casado(a),4306,4156,1,Nao,12,3,2,1,13,5,1,13,10,3,12,Medio,Baixo,Alto,Medio,Mau,Excelente,Licenciatura,8.367997,26-35,3k-6k,Medio (6-10),11-20 anos,2153.0,0.09677419,1.0,1.6666666,0,0.5,Baixo
43,0,Viaja Frequentemente,313,Investigacao e Desenvolvimento,21,3,Medicina,4,Masculino,61,3,1,Tecnico de Laboratorio,4,Casado(a),2258,15238,7,Nao,20,4,1,1,8,1,3,3,2,1,2,Muito Alto,Muito Alto,Alto,Baixo,Bom,Excecional,Mestrado,7.7226777,36-45,Ate 3k,Muito Longe (21+),3-5 anos,2258.0,0.023255814,0.375,3.0,0,10.9,Medio
43,0,Viaja Raramente,1473,Investigacao e Desenvolvimento,8,4,Outro,3,Feminino,74,3,2,Representante de Saude,3,Divorciado(a),4522,2227,4,Sim,14,3,4,0,8,3,3,5,2,0,2,Alto,Alto,Alto,Muito Alto,Bom,Excelente,Doutoramento,8.416931,36-45,3k-6k,Medio (6-10),3-5 anos,2261.0,0.0,0.625,3.3333333,2,5.1,Medio
25,0,Viaja Raramente,891,Vendas,4,2,Ciencias da Vida,2,Feminino,99,2,2,Executivo de Vendas,4,Solteiro(a),4487,12090,1,Sim,11,3,2,0,5,3,3,5,4,1,3,Medio,Muito Alto,Medio,Medio,Bom,Excelente,Licenciatura,8.4091625,18-25,3k-6k,Perto (0-5),3-5 anos,2243.5,0.04,1.0,2.6666667,2,55.1,Alto
37,0,Sem Viagem,1063,Investigacao e Desenvolvimento,25,5,Medicina,2,Feminino,72,3,2,Investigador,3,Casado(a),4449,23866,3,Sim,15,3,1,2,15,2,3,13,11,10,7,Medio,Alto,Alto,Baixo,Bom,Excelente,Pos-Doc,8.40066,36-45,3k-6k,Muito Longe (21+),11-20 anos,2224.5,0.27027026,0.8666667,2.0,2,8.4,Medio
31,0,Viaja Raramente,329,Investigacao e Desenvolvimento,1,2,Ciencias da Vida,4,Masculino,98,2,1,Tecnico de Laboratorio,1,Casado(a),2218,16193,1,Nao,12,3,3,1,4,3,3,4,2,3,2,Muito Alto,Baixo,Medio,Alto,Bom,Excelente,Licenciatura,7.704812,26-35,Ate 3k,Perto (0-5),3-5 anos,2218.0,0.09677419,1.0,2.6666667,0,1.2,Baixo
39,0,Viaja Frequentemente,1218,Investigacao e Desenvolvimento,1,1,Ciencias da Vida,2,Masculino,52,3,5,Gestor,3,Divorciado(a),19197,8213,1,Sim,14,3,3,1,21,3,3,21,8,1,6,Medio,Alto,Alto,Alto,Bom,Excelente,Abaixo da Licenciatura,9.862561,36-45,Acima 15k,Perto (0-5),20+ anos,3839.4,0.025641026,1.0,2.6666667,2,6.4,Medio
56,0,Viaja Frequentemente,906,Vendas,6,3,Ciencias da Vida,3,Feminino,86,4,4,Executivo de Vendas,1,Casado(a),13212,18256,9,Nao,11,3,4,3,36,0,2,7,7,7,7,Alto,Baixo,Muito Alto,Muito Alto,Regular,Excelente,Mestrado,9.488956,56-65,10k-15k,Medio (6-10),6-10 anos,3303.0,0.125,0.19444445,2.6666667,0,18.2,Medio
30,0,Viaja Raramente,1082,Vendas,12,3,Curso Tecnico,2,Feminino,83,3,2,Executivo de Vendas,3,Solteiro(a),6577,19558,0,Nao,11,3,2,0,6,6,3,5,4,4,4,Medio,Alto,Alto,Medio,Bom,Excelente,Mestrado,8.791486,26-35,6k-10k,Longe (11-20),3-5 anos,3288.5,0.13333334,0.8333333,2.3333333,0,15.3,Medio
41,0,Viaja Raramente,645,Vendas,1,3,Marketing,2,Masculino,49,4,3,Executivo de Vendas,1,Casado(a),8392,19566,1,Nao,16,3,3,1,10,2,3,10,7,0,7,Medio,Baixo,Muito Alto,Alto,Bom,Excelente,Mestrado,9.035153,36-45,6k-10k,Perto (0-5),6-10 anos,2797.3333,0.0,1.0,2.0,0,5.7,Medio
28,0,Viaja Raramente,1300,Investigacao e Desenvolvimento,17,2,Medicina,3,Masculino,79,3,2,Tecnico de Laboratorio,1,Divorciado(a),4558,13535,1,Nao,12,3,4,1,10,2,3,10,0,1,8,Alto,Baixo,Alto,Muito Alto,Bom,Excelente,Licenciatura,8.424859,26-35,3k-6k,Longe (11-20),6-10 anos,2279.0,0.035714287,1.0,2.6666667,0,2.1,Baixo
25,1,Viaja Raramente,688,Investigacao e Desenvolvimento,3,3,Medicina,1,Masculino,91,3,1,Tecnico de Laboratorio,1,Casado(a),4031,9396,5,Nao,13,3,3,1,6,5,3,2,2,0,2,Baixo,Baixo,Alto,Alto,Bom,Excelente,Mestrado,8.302018,18-25,3k-6k,Perto (0-5),0-2 anos,4031.0,0.0,0.33333334,1.6666666,0,91.0,Alto
52,0,Viaja Raramente,319,Investigacao e Desenvolvimento,3,3,Medicina,4,Masculino,39,2,3,Director de Producao,3,Casado(a),7969,19609,2,Sim,14,3,3,0,28,4,3,5,4,0,4,Muito Alto,Alto,Medio,Alto,Bom,Excelente,Mestrado,8.983439,46-55,6k-10k,Perto (0-5),3-5 anos,2656.3333,0.0,0.17857143,3.3333333,2,11.9,Medio
45,0,Viaja Raramente,192,Investigacao e Desenvolvimento,10,2,Ciencias da Vida,1,Masculino,69,3,1,Investigador,4,Casado(a),2654,9655,3,Nao,21,4,4,2,8,3,2,2,2,0,2,Baixo,Muito Alto,Alto,Muito Alto,Regular,Excecional,Licenciatura,7.8842,36-45,Ate 3k,Medio (6-10),0-2 anos,2654.0,0.0,0.25,3.0,0,1.2,Baixo
52,0,Viaja Raramente,1490,Investigacao e Desenvolvimento,4,2,Ciencias da Vida,4,Feminino,30,3,4,Gestor,4,Casado(a),16555,10310,2,Nao,13,3,4,0,31,2,1,5,2,1,4,Muito Alto,Muito Alto,Alto,Muito Alto,Mau,Excelente,Licenciatura,9.714504,46-55,Acima 15k,Perto (0-5),3-5 anos,4138.75,0.01923077,0.16129032,4.0,0,0.2,Baixo
42,0,Viaja Frequentemente,532,Investigacao e Desenvolvimento,29,2,Ciencias da Vida,1,Feminino,92,3,2,Investigador,3,Divorciado(a),4556,12932,2,Nao,11,3,2,1,19,3,3,5,4,0,2,Baixo,Alto,Alto,Medio,Bom,Excelente,Licenciatura,8.424419,36-45,3k-6k,Muito Longe (21+),3-5 anos,2278.0,0.0,0.2631579,2.0,0,15.6,Medio
30,0,Viaja Raramente,317,Investigacao e Desenvolvimento,2,3,Ciencias da Vida,3,Feminino,43,1,2,Director de Producao,4,Solteiro(a),6091,24793,2,Nao,20,4,3,0,11,2,3,5,4,0,2,Alto,Muito Alto,Baixo,Alto,Bom,Excecional,Mestrado,8.714732,26-35,6k-10k,Perto (0-5),3-5 anos,3045.5,0.0,0.45454547,3.3333333,0,0.4,Baixo
60,0,Viaja Raramente,422,Investigacao e Desenvolvimento,7,3,Ciencias da Vida,1,Feminino,41,3,5,Gestor,1,Casado(a),19566,3854,5,Nao,11,3,4,0,33,5,1,29,8,11,10,Baixo,Baixo,Alto,Muito Alto,Mau,Excelente,Mestrado,9.881599,56-65,Acima 15k,Medio (6-10),20+ anos,3913.2,0.18333334,0.8787879,2.0,0,10.2,Medio
46,0,Viaja Raramente,1485,Investigacao e Desenvolvimento,18,3,Medicina,3,Feminino,87,3,2,Director de Producao,3,Divorciado(a),4810,26314,2,Nao,14,3,3,1,19,5,2,10,7,0,8,Alto,Alto,Alto,Alto,Regular,Excelente,Mestrado,8.478661,46-55,3k-6k,Longe (11-20),6-10 anos,2405.0,0.0,0.5263158,3.0,0,4.0,Medio
42,0,Viaja Frequentemente,1368,Investigacao e Desenvolvimento,28,4,Curso Tecnico,4,Feminino,88,2,2,Representante de Saude,4,Casado(a),4523,4386,0,Nao,11,3,4,3,7,4,4,6,5,0,4,Muito Alto,Muito Alto,Medio,Muito Alto,Excelente,Excelente,Doutoramento,8.417151,36-45,3k-6k,Muito Longe (21+),6-10 anos,2261.5,0.0,0.85714287,4.0,0,0.9,Baixo
24,1,Viaja Raramente,1448,Vendas,1,1,Curso Tecnico,1,Feminino,62,3,1,Representante de Vendas,2,Solteiro(a),3202,21972,1,Sim,16,3,2,0,6,4,3,5,3,1,4,Baixo,Medio,Alto,Medio,Bom,Excelente,Abaixo da Licenciatura,8.071843,18-25,3k-6k,Perto (0-5),3-5 anos,3202.0,0.041666668,0.8333333,1.6666666,2,98.9,Alto
34,1,Viaja Frequentemente,296,Vendas,6,2,Marketing,4,Feminino,33,1,1,Representante de Vendas,3,Divorciado(a),2351,12253,0,Nao,16,3,4,1,3,3,2,2,2,1,0,Muito Alto,Alto,Baixo,Muito Alto,Regular,Excelente,Licenciatura,7.7630215,26-35,Ate 3k,Medio (6-10),0-2 anos,2351.0,0.029411765,0.6666667,3.6666667,0,95.6,Alto
38,0,Viaja Frequentemente,1490,Investigacao e Desenvolvimento,2,2,Ciencias da Vida,4,Masculino,42,3,1,Tecnico de Laboratorio,4,Casado(a),1702,12106,1,Sim,23,4,3,1,1,3,3,1,0,0,0,Muito Alto,Muito Alto,Alto,Alto,Bom,Excecional,Licenciatura,7.4401464,36-45,Ate 3k,Perto (0-5),0-2 anos,1702.0,0.0,1.0,3.6666667,2,53.4,Alto
40,0,Viaja Raramente,1398,Vendas,2,4,Ciencias da Vida,3,Feminino,79,3,5,Gestor,3,Casado(a),18041,13022,0,Nao,14,3,4,0,21,2,3,20,15,1,12,Alto,Alto,Alto,Muito Alto,Bom,Excelente,Doutoramento,9.800458,36-45,Acima 15k,Perto (0-5),11-20 anos,3608.2,0.025,0.95238096,3.3333333,0,0.5,Baixo
26,0,Viaja Raramente,1349,Investigacao e Desenvolvimento,23,3,Ciencias da Vida,1,Feminino,90,3,1,Investigador,4,Divorciado(a),2886,3032,1,Nao,22,4,2,2,3,3,1,3,2,0,2,Baixo,Muito Alto,Alto,Medio,Mau,Excecional,Mestrado,7.967973,26-35,Ate 3k,Muito Longe (21+),3-5 anos,2886.0,0.0,1.0,2.3333333,0,0.6,Baixo
30,0,Sem Viagem,1400,Investigacao e Desenvolvimento,3,3,Ciencias da Vida,3,Masculino,53,3,1,Tecnico de Laboratorio,4,Casado(a),2097,16734,4,Nao,15,3,3,1,9,3,1,5,3,1,4,Alto,Muito Alto,Alto,Alto,Mau,Excelente,Mestrado,7.64874,26-35,Ate 3k,Perto (0-5),3-5 anos,2097.0,0.033333335,0.5555556,3.3333333,0,4.4,Medio
29,0,Viaja Raramente,986,Investigacao e Desenvolvimento,3,4,Medicina,2,Masculino,93,2,3,Director de Investigacao,3,Casado(a),11935,21526,1,Nao,18,3,3,0,10,2,3,10,2,0,7,Medio,Alto,Medio,Alto,Bom,Excelente,Doutoramento,9.387315,26-35,10k-15k,Perto (0-5),6-10 anos,3978.3333,0.0,1.0,2.6666667,0,5.9,Medio
29,1,Viaja Raramente,408,Investigacao e Desenvolvimento,25,5,Curso Tecnico,3,Feminino,71,2,1,Investigador,2,Casado(a),2546,18300,5,Nao,16,3,2,0,6,2,4,2,2,1,1,Alto,Medio,Medio,Medio,Excelente,Excelente,Pos-Doc,7.8426714,26-35,Ate 3k,Muito Longe (21+),0-2 anos,2546.0,0.03448276,0.33333334,2.3333333,0,95.7,Alto
19,1,Viaja Raramente,489,Recursos Humanos,2,2,Curso Tecnico,1,Masculino,52,2,1,Recursos Humanos,4,Solteiro(a),2564,18437,1,Nao,12,3,3,0,1,3,4,1,0,0,0,Baixo,Muito Alto,Medio,Alto,Excelente,Excelente,Licenciatura,7.849714,18-25,Ate 3k,Perto (0-5),0-2 anos,2564.0,0.0,1.0,2.6666667,0,94.8,Alto
30,0,Sem Viagem,1398,Vendas,22,4,Outro,3,Feminino,69,3,3,Executivo de Vendas,1,Casado(a),8412,2890,0,Nao,11,3,3,0,10,3,3,9,8,7,8,Alto,Baixo,Alto,Alto,Bom,Excelente,Doutoramento,9.037534,26-35,6k-10k,Muito Longe (21+),6-10 anos,2804.0,0.23333333,0.9,2.3333333,0,18.1,Medio
57,0,Viaja Raramente,210,Vendas,29,3,Marketing,1,Masculino,56,2,4,Gestor,4,Divorciado(a),14118,22102,3,Nao,12,3,3,1,32,3,2,1,0,0,0,Baixo,Muito Alto,Medio,Alto,Regular,Excelente,Mestrado,9.555277,56-65,10k-15k,Muito Longe (21+),0-2 anos,3529.5,0.0,0.03125,2.6666667,0,7.0,Medio
50,0,Viaja Raramente,1099,Investigacao e Desenvolvimento,29,4,Ciencias da Vida,2,Masculino,88,2,4,Gestor,3,Casado(a),17046,9314,0,Nao,15,3,2,1,28,2,3,27,10,15,7,Medio,Alto,Medio,Medio,Bom,Excelente,Doutoramento,9.74373,46-55,Acima 15k,Muito Longe (21+),20+ anos,4261.5,0.3,0.96428573,2.3333333,0,4.2,Medio
30,0,Sem Viagem,1116,Investigacao e Desenvolvimento,2,3,Medicina,3,Feminino,49,3,1,Tecnico de Laboratorio,4,Solteiro(a),2564,7181,0,Nao,14,3,3,0,12,2,2,11,7,6,7,Alto,Muito Alto,Alto,Alto,Regular,Excelente,Mestrado,7.849714,26-35,Ate 3k,Perto (0-5),11-20 anos,2564.0,0.2,0.9166667,3.3333333,0,14.6,Medio
60,0,Viaja Frequentemente,1499,Vendas,28,3,Marketing,3,Feminino,80,2,3,Executivo de Vendas,1,Casado(a),10266,2845,4,Nao,19,3,4,0,22,5,4,18,13,13,11,Alto,Baixo,Medio,Muito Alto,Excelente,Excelente,Mestrado,9.2366905,56-65,10k-15k,Muito Longe (21+),11-20 anos,3422.0,0.21666667,0.8181818,2.6666667,0,35.4,Alto
47,0,Viaja Raramente,983,Investigacao e Desenvolvimento,2,2,Medicina,1,Feminino,65,3,2,Director de Producao,4,Divorciado(a),5070,7389,5,Nao,13,3,3,3,20,2,3,5,0,0,4,Baixo,Muito Alto,Alto,Alto,Bom,Excelente,Licenciatura,8.531293,46-55,3k-6k,Perto (0-5),3-5 anos,2535.0,0.0,0.25,2.6666667,0,0.9,Baixo
46,0,Viaja Raramente,1009,Investigacao e Desenvolvimento,2,3,Ciencias da Vida,1,Masculino,51,3,4,Director de Investigacao,3,Casado(a),17861,2288,6,Nao,13,3,3,0,26,2,1,3,2,0,1,Baixo,Alto,Alto,Alto,Mau,Excelente,Mestrado,9.790431,46-55,Acima 15k,Perto (0-5),3-5 anos,4465.25,0.0,0.115384616,2.3333333,0,6.0,Medio
35,0,Viaja Raramente,144,Investigacao e Desenvolvimento,22,3,Ciencias da Vida,4,Masculino,46,1,1,Tecnico de Laboratorio,3,Solteiro(a),4230,19225,0,Nao,15,3,3,0,6,2,3,5,4,4,3,Muito Alto,Alto,Baixo,Alto,Bom,Excelente,Mestrado,8.350194,26-35,3k-6k,Muito Longe (21+),3-5 anos,4230.0,0.114285715,0.8333333,3.3333333,0,23.3,Alto
54,0,Viaja Raramente,548,Investigacao e Desenvolvimento,8,4,Ciencias da Vida,3,Feminino,42,3,2,Tecnico de Laboratorio,3,Solteiro(a),3780,23428,7,Nao,11,3,3,0,19,3,3,1,0,0,0,Alto,Alto,Alto,Alto,Bom,Excelente,Doutoramento,8.237743,46-55,3k-6k,Medio (6-10),0-2 anos,1890.0,0.0,0.05263158,3.0,0,7.8,Medio
34,0,Viaja Raramente,1303,Investigacao e Desenvolvimento,2,4,Ciencias da Vida,4,Masculino,62,2,1,Investigador,3,Divorciado(a),2768,8416,3,Nao,12,3,3,1,14,3,3,7,3,5,7,Muito Alto,Alto,Medio,Alto,Bom,Excelente,Doutoramento,7.9262414,26-35,Ate 3k,Perto (0-5),6-10 anos,2768.0,0.14705883,0.5,3.3333333,0,1.2,Baixo
46,0,Viaja Raramente,1125,Vendas,10,3,Marketing,3,Feminino,94,2,3,Executivo de Vendas,4,Casado(a),9071,11563,2,Sim,19,3,3,1,15,3,3,3,2,1,2,Alto,Muito Alto,Medio,Alto,Bom,Excelente,Mestrado,9.112948,46-55,6k-10k,Medio (6-10),3-5 anos,3023.6667,0.02173913,0.2,3.3333333,2,3.9,Medio
31,0,Viaja Raramente,1274,Investigacao e Desenvolvimento,9,1,Ciencias da Vida,3,Masculino,33,3,3,Director de Producao,2,Divorciado(a),10648,14394,1,Nao,25,4,4,1,13,6,4,13,8,0,8,Alto,Medio,Alto,Muito Alto,Excelente,Excecional,Abaixo da Licenciatura,9.273221,26-35,10k-15k,Medio (6-10),11-20 anos,3549.3333,0.0,1.0,3.0,0,0.4,Baixo
33,1,Viaja Raramente,1277,Investigacao e Desenvolvimento,15,1,Medicina,2,Masculino,56,3,3,Gestor,3,Casado(a),13610,24619,7,Sim,12,3,4,0,15,2,4,7,6,7,7,Medio,Alto,Alto,Muito Alto,Excelente,Excelente,Abaixo da Licenciatura,9.518634,26-35,10k-15k,Longe (11-20),6-10 anos,4536.6665,0.21212122,0.46666667,3.0,1,94.9,Alto
33,1,Viaja Raramente,587,Investigacao e Desenvolvimento,10,1,Medicina,1,Masculino,38,1,1,Tecnico de Laboratorio,4,Divorciado(a),3408,6705,7,Nao,13,3,1,3,8,2,3,4,3,1,3,Baixo,Muito Alto,Baixo,Baixo,Bom,Excelente,Abaixo da Licenciatura,8.134174,26-35,3k-6k,Medio (6-10),3-5 anos,3408.0,0.030303031,0.5,2.0,0,94.0,Alto
30,0,Viaja Raramente,413,Vendas,7,1,Marketing,4,Masculino,57,3,1,Representante de Vendas,2,Solteiro(a),2983,18398,0,Nao,14,3,1,0,4,3,3,3,2,1,2,Muito Alto,Medio,Alto,Baixo,Bom,Excelente,Abaixo da Licenciatura,8.00102,26-35,Ate 3k,Medio (6-10),3-5 anos,2983.0,0.033333335,0.75,2.3333333,0,22.6,Alto
35,0,Viaja Raramente,1276,Investigacao e Desenvolvimento,16,3,Ciencias da Vida,4,Masculino,72,3,3,Representante de Saude,3,Casado(a),7632,14295,4,Sim,12,3,3,0,10,2,3,8,7,0,0,Muito Alto,Alto,Alto,Alto,Bom,Excelente,Mestrado,8.940236,26-35,6k-10k,Longe (11-20),6-10 anos,2544.0,0.0,0.8,3.3333333,2,33.1,Alto
31,1,Viaja Frequentemente,534,Investigacao e Desenvolvimento,20,3,Ciencias da Vida,1,Masculino,66,3,3,Representante de Saude,3,Casado(a),9824,22908,3,Nao,12,3,1,0,12,2,3,1,0,0,0,Baixo,Alto,Alto,Baixo,Bom,Excelente,Mestrado,9.192685,26-35,6k-10k,Longe (11-20),0-2 anos,3274.6667,0.0,0.083333336,1.6666666,0,99.5,Alto
34,1,Viaja Frequentemente,988,Recursos Humanos,23,3,Recursos Humanos,2,Feminino,43,3,3,Recursos Humanos,1,Divorciado(a),9950,11533,9,Sim,15,3,3,3,11,2,3,3,2,0,2,Medio,Baixo,Alto,Alto,Bom,Excelente,Mestrado,9.205428,26-35,6k-10k,Muito Longe (21+),3-5 anos,3316.6667,0.0,0.27272728,2.0,2,98.9,Alto
42,0,Viaja Frequentemente,1474,Investigacao e Desenvolvimento,5,2,Outro,2,Masculino,97,3,1,Tecnico de Laboratorio,3,Casado(a),2093,9260,4,Nao,17,3,4,1,8,4,3,2,2,2,0,Medio,Alto,Alto,Muito Alto,Bom,Excelente,Licenciatura,7.6468315,36-45,Ate 3k,Perto (0-5),0-2 anos,2093.0,0.04761905,0.25,3.0,0,8.2,Medio
36,0,Sem Viagem,635,Vendas,10,4,Medicina,2,Masculino,32,3,3,Executivo de Vendas,4,Solteiro(a),9980,15318,1,Nao,14,3,4,0,10,3,2,10,3,9,7,Medio,Muito Alto,Alto,Muito Alto,Regular,Excelente,Doutoramento,9.208439,36-45,6k-10k,Medio (6-10),6-10 anos,3326.6667,0.25,1.0,3.3333333,0,18.2,Medio
22,1,Viaja Frequentemente,1368,Investigacao e Desenvolvimento,4,1,Curso Tecnico,3,Masculino,99,2,1,Tecnico de Laboratorio,3,Solteiro(a),3894,9129,5,Nao,16,3,3,0,4,3,3,2,2,1,2,Alto,Alto,Medio,Alto,Bom,Excelente,Abaixo da Licenciatura,8.267449,18-25,3k-6k,Perto (0-5),0-2 anos,3894.0,0.045454547,0.5,3.0,0,98.3,Alto
48,0,Viaja Raramente,163,Vendas,2,5,Marketing,2,Feminino,37,3,2,Executivo de Vendas,4,Casado(a),4051,19658,2,Nao,14,3,1,1,14,2,3,9,7,6,7,Medio,Muito Alto,Alto,Baixo,Bom,Excelente,Pos-Doc,8.306966,46-55,3k-6k,Perto (0-5),6-10 anos,2025.5,0.125,0.64285713,2.3333333,0,6.7,Medio
55,0,Viaja Raramente,1117,Vendas,18,5,Ciencias da Vida,1,Feminino,83,3,4,Gestor,2,Solteiro(a),16835,9873,3,Nao,23,4,4,0,37,2,3,10,9,7,7,Baixo,Medio,Alto,Muito Alto,Bom,Excecional,Pos-Doc,9.731275,46-55,Acima 15k,Longe (11-20),6-10 anos,4208.75,0.12727273,0.27027026,2.3333333,0,7.1,Medio
41,0,Sem Viagem,267,Vendas,10,2,Ciencias da Vida,4,Masculino,56,3,2,Executivo de Vendas,4,Solteiro(a),6230,13430,7,Nao,14,3,4,0,16,3,3,14,3,1,10,Muito Alto,Muito Alto,Alto,Muito Alto,Bom,Excelente,Licenciatura,8.737292,36-45,6k-10k,Medio (6-10),11-20 anos,3115.0,0.024390243,0.875,4.0,0,0.1,Baixo
35,0,Viaja Raramente,619,Vendas,1,3,Marketing,2,Masculino,85,3,2,Executivo de Vendas,3,Casado(a),4717,18659,9,Nao,11,3,3,0,15,2,3,11,9,6,9,Medio,Alto,Alto,Alto,Bom,Excelente,Mestrado,8.45914,26-35,3k-6k,Perto (0-5),11-20 anos,2358.5,0.17142858,0.73333335,2.6666667,0,21.0,Alto
40,0,Viaja Raramente,302,Investigacao e Desenvolvimento,6,3,Ciencias da Vida,2,Feminino,75,3,4,Director de Producao,3,Solteiro(a),13237,20364,7,Nao,15,3,3,0,22,3,3,20,6,5,13,Medio,Alto,Alto,Alto,Bom,Excelente,Mestrado,9.490847,36-45,10k-15k,Medio (6-10),11-20 anos,3309.25,0.125,0.90909094,2.6666667,0,5.2,Medio
39,0,Viaja Frequentemente,443,Investigacao e Desenvolvimento,8,1,Ciencias da Vida,3,Feminino,48,3,1,Tecnico de Laboratorio,3,Casado(a),3755,17872,1,Nao,11,3,1,1,8,3,3,8,3,0,7,Alto,Alto,Alto,Baixo,Bom,Excelente,Abaixo da Licenciatura,8.23111,36-45,3k-6k,Medio (6-10),6-10 anos,3755.0,0.0,1.0,2.3333333,0,2.9,Baixo
31,0,Viaja Raramente,828,Vendas,2,1,Ciencias da Vida,2,Masculino,77,3,2,Executivo de Vendas,4,Solteiro(a),6582,8346,4,Sim,13,3,3,0,10,2,4,6,5,0,5,Medio,Muito Alto,Alto,Alto,Excelente,Excelente,Abaixo da Licenciatura,8.792246,26-35,6k-10k,Perto (0-5),6-10 anos,3291.0,0.0,0.6,3.0,1,23.8,Alto
42,0,Viaja Raramente,319,Investigacao e Desenvolvimento,24,3,Medicina,4,Masculino,56,3,3,Director de Producao,1,Casado(a),7406,6950,1,Sim,21,4,4,1,10,5,2,10,9,5,8,Muito Alto,Baixo,Alto,Muito Alto,Regular,Excecional,Mestrado,8.910181,36-45,6k-10k,Muito Longe (21+),6-10 anos,2468.6667,0.11904762,1.0,3.0,3,12.0,Medio
45,0,Viaja Raramente,561,Vendas,2,3,Outro,4,Masculino,61,3,2,Executivo de Vendas,2,Casado(a),4805,16177,0,Nao,19,3,2,1,9,3,4,8,7,3,7,Muito Alto,Medio,Alto,Medio,Excelente,Excelente,Mestrado,8.47762,36-45,3k-6k,Perto (0-5),6-10 anos,2402.5,0.06666667,0.8888889,2.6666667,0,0.6,Baixo
26,1,Viaja Frequentemente,426,Recursos Humanos,17,4,Ciencias da Vida,2,Feminino,58,3,1,Recursos Humanos,3,Divorciado(a),2741,22808,0,Sim,11,3,2,1,8,2,2,7,7,1,0,Medio,Alto,Alto,Medio,Regular,Excelente,Doutoramento,7.916443,26-35,Ate 3k,Longe (11-20),6-10 anos,2741.0,0.03846154,0.875,2.3333333,3,98.2,Alto
29,0,Viaja Raramente,232,Investigacao e Desenvolvimento,19,3,Curso Tecnico,4,Masculino,34,3,2,Director de Producao,4,Divorciado(a),4262,22645,4,Nao,12,3,2,2,8,2,4,3,2,1,2,Muito Alto,Muito Alto,Alto,Medio,Excelente,Excelente,Mestrado,8.357728,26-35,3k-6k,Longe (11-20),3-5 anos,2131.0,0.03448276,0.375,3.3333333,0,0.4,Baixo
33,0,Viaja Raramente,922,Investigacao e Desenvolvimento,1,5,Medicina,1,Feminino,95,4,4,Director de Investigacao,3,Divorciado(a),16184,22578,4,Nao,19,3,3,1,10,2,3,6,1,0,5,Baixo,Alto,Muito Alto,Alto,Bom,Excelente,Pos-Doc,9.69184,26-35,Acima 15k,Perto (0-5),6-10 anos,4046.0,0.0,0.6,2.3333333,0,0.2,Baixo
31,0,Viaja Raramente,688,Vendas,7,3,Ciencias da Vida,3,Masculino,44,2,3,Gestor,4,Divorciado(a),11557,25291,9,Nao,21,4,3,1,10,3,2,5,4,0,1,Alto,Muito Alto,Medio,Alto,Regular,Excecional,Mestrado,9.355133,26-35,10k-15k,Medio (6-10),3-5 anos,3852.3333,0.0,0.5,3.3333333,0,1.0,Baixo
18,1,Viaja Frequentemente,1306,Vendas,5,3,Marketing,2,Masculino,69,3,1,Representante de Vendas,2,Solteiro(a),1878,8059,1,Sim,14,3,4,0,0,3,3,0,0,0,0,Medio,Medio,Alto,Muito Alto,Bom,Excelente,Mestrado,7.538495,18-25,Ate 3k,Perto (0-5),0-2 anos,1878.0,0.0,0.0,2.6666667,2,99.9,Alto
40,0,Sem Viagem,1094,Vendas,28,3,Outro,3,Masculino,58,1,3,Executivo de Vendas,1,Divorciado(a),10932,11373,3,Nao,15,3,3,1,20,2,3,1,0,0,1,Alto,Baixo,Baixo,Alto,Bom,Excelente,Mestrado,9.299541,36-45,10k-15k,Muito Longe (21+),0-2 anos,3644.0,0.0,0.05,2.3333333,0,3.3,Medio
41,0,Sem Viagem,509,Investigacao e Desenvolvimento,2,4,Outro,1,Feminino,62,2,2,Representante de Saude,3,Solteiro(a),6811,2112,2,Sim,17,3,1,0,10,3,3,8,7,0,7,Baixo,Alto,Medio,Baixo,Bom,Excelente,Doutoramento,8.826441,36-45,6k-10k,Perto (0-5),6-10 anos,3405.5,0.0,0.8,1.6666666,2,14.8,Medio
26,0,Viaja Raramente,775,Vendas,29,2,Medicina,1,Masculino,45,3,2,Executivo de Vendas,3,Divorciado(a),4306,4267,5,Nao,12,3,1,2,8,5,3,0,0,0,0,Baixo,Alto,Alto,Baixo,Bom,Excelente,Licenciatura,8.367997,26-35,3k-6k,Muito Longe (21+),0-2 anos,2153.0,0.0,0.0,1.6666666,0,66.3,Alto
35,0,Viaja Raramente,195,Vendas,1,3,Medicina,1,Feminino,80,3,2,Executivo de Vendas,3,Solteiro(a),4859,6698,1,Nao,16,3,4,0,5,3,3,5,4,0,3,Baixo,Alto,Alto,Muito Alto,Bom,Excelente,Mestrado,8.488793,26-35,3k-6k,Perto (0-5),3-5 anos,2429.5,0.0,1.0,2.6666667,0,0.5,Baixo
34,0,Viaja Raramente,258,Vendas,21,4,Ciencias da Vida,4,Masculino,74,4,2,Executivo de Vendas,4,Solteiro(a),5337,19921,1,Nao,12,3,4,0,10,3,3,10,7,5,7,Muito Alto,Muito Alto,Muito Alto,Muito Alto,Bom,Excelente,Doutoramento,8.582606,26-35,3k-6k,Muito Longe (21+),6-10 anos,2668.5,0.14705883,1.0,4.0,0,1.8,Baixo
26,1,Viaja Raramente,471,Investigacao e Desenvolvimento,24,3,Curso Tecnico,3,Masculino,66,1,1,Tecnico de Laboratorio,4,Solteiro(a),2340,23213,1,Sim,18,3,2,0,1,3,1,1,0,0,0,Alto,Muito Alto,Baixo,Medio,Mau,Excelente,Mestrado,7.7583337,26-35,Ate 3k,Muito Longe (21+),0-2 anos,2340.0,0.0,1.0,3.0,4,99.9,Alto
37,0,Viaja Raramente,799,Investigacao e Desenvolvimento,1,3,Curso Tecnico,2,Feminino,59,3,3,Director de Producao,4,Solteiro(a),7491,23848,4,Nao,17,3,4,0,12,3,4,6,5,1,2,Medio,Muito Alto,Alto,Muito Alto,Excelente,Excelente,Mestrado,8.921591,36-45,6k-10k,Perto (0-5),6-10 anos,2497.0,0.027027028,0.5,3.3333333,0,1.8,Baixo
46,0,Viaja Frequentemente,1034,Investigacao e Desenvolvimento,18,1,Medicina,1,Feminino,86,3,3,Representante de Saude,3,Casado(a),10527,8984,5,Nao,11,3,4,0,28,3,2,2,2,1,2,Baixo,Alto,Alto,Muito Alto,Regular,Excelente,Abaixo da Licenciatura,9.261794,46-55,10k-15k,Longe (11-20),0-2 anos,3509.0,0.02173913,0.071428575,2.6666667,0,23.1,Alto
41,0,Viaja Raramente,1276,Vendas,2,5,Ciencias da Vida,2,Feminino,91,3,4,Gestor,1,Casado(a),16595,5626,7,Nao,16,3,2,1,22,2,3,18,16,11,8,Medio,Baixo,Alto,Medio,Bom,Excelente,Pos-Doc,9.716917,36-45,Acima 15k,Perto (0-5),11-20 anos,4148.75,0.2682927,0.8181818,1.6666666,0,10.6,Medio
37,0,Sem Viagem,142,Vendas,9,4,Medicina,1,Masculino,69,3,3,Executivo de Vendas,2,Divorciado(a),8834,24666,1,Nao,13,3,4,1,9,6,3,9,5,7,7,Baixo,Medio,Alto,Muito Alto,Bom,Excelente,Doutoramento,9.086476,36-45,6k-10k,Medio (6-10),6-10 anos,2944.6667,0.1891892,1.0,2.3333333,0,1.7,Baixo
52,0,Viaja Raramente,956,Investigacao e Desenvolvimento,6,2,Curso Tecnico,4,Masculino,78,3,2,Investigador,1,Divorciado(a),5577,22087,3,Sim,12,3,2,2,18,3,3,10,9,6,9,Muito Alto,Baixo,Alto,Medio,Bom,Excelente,Licenciatura,8.626586,46-55,3k-6k,Medio (6-10),6-10 anos,2788.5,0.115384616,0.5555556,2.3333333,2,1.9,Baixo
32,1,Sem Viagem,1474,Vendas,11,4,Outro,4,Masculino,60,4,2,Executivo de Vendas,3,Casado(a),4707,23914,8,Nao,12,3,4,0,6,2,3,4,2,1,2,Muito Alto,Alto,Muito Alto,Muito Alto,Bom,Excelente,Doutoramento,8.457019,26-35,3k-6k,Longe (11-20),3-5 anos,2353.5,0.03125,0.6666667,3.6666667,0,84.1,Alto
24,0,Viaja Frequentemente,535,Vendas,24,3,Medicina,4,Masculino,38,3,1,Representante de Vendas,4,Casado(a),2400,5530,0,Nao,13,3,3,2,3,3,3,2,2,2,1,Muito Alto,Muito Alto,Alto,Alto,Bom,Excelente,Mestrado,7.7836404,18-25,Ate 3k,Muito Longe (21+),0-2 anos,2400.0,0.083333336,0.6666667,3.6666667,0,26.8,Alto
38,0,Viaja Raramente,1495,Investigacao e Desenvolvimento,10,3,Medicina,3,Feminino,76,3,2,Representante de Saude,3,Casado(a),9824,22174,3,Nao,19,3,3,1,18,4,3,1,0,0,0,Alto,Alto,Alto,Alto,Bom,Excelente,Mestrado,9.192685,36-45,6k-10k,Medio (6-10),0-2 anos,4912.0,0.0,0.055555556,3.0,0,0.9,Baixo
37,0,Viaja Raramente,446,Investigacao e Desenvolvimento,1,4,Ciencias da Vida,2,Feminino,65,3,2,Director de Producao,2,Casado(a),6447,15701,6,Nao,12,3,2,1,8,2,2,6,5,4,3,Medio,Medio,Alto,Medio,Regular,Excelente,Doutoramento,8.771525,36-45,6k-10k,Perto (0-5),6-10 anos,3223.5,0.10810811,0.75,2.0,0,2.3,Baixo
49,0,Viaja Raramente,1245,Investigacao e Desenvolvimento,18,4,Ciencias da Vida,4,Masculino,58,2,5,Director de Investigacao,3,Divorciado(a),19502,2125,1,Sim,17,3,3,1,31,5,3,31,9,0,9,Muito Alto,Alto,Medio,Alto,Bom,Excelente,Doutoramento,9.878324,46-55,Acima 15k,Longe (11-20),20+ anos,3900.4,0.0,1.0,3.3333333,2,1.3,Baixo
24,0,Viaja Raramente,691,Investigacao e Desenvolvimento,23,3,Medicina,2,Masculino,89,4,1,Investigador,4,Casado(a),2725,21630,1,Sim,11,3,2,2,6,3,3,6,5,1,4,Medio,Muito Alto,Muito Alto,Medio,Bom,Excelente,Mestrado,7.9105906,18-25,Ate 3k,Muito Longe (21+),6-10 anos,2725.0,0.041666668,1.0,2.6666667,2,9.6,Medio
26,0,Viaja Raramente,703,Vendas,28,2,Marketing,1,Masculino,66,3,2,Executivo de Vendas,2,Casado(a),6272,7428,1,Nao,20,4,4,2,6,5,4,5,3,1,4,Baixo,Medio,Alto,Muito Alto,Excelente,Excecional,Licenciatura,8.74401,26-35,6k-10k,Muito Longe (21+),3-5 anos,3136.0,0.03846154,0.8333333,2.3333333,0,1.0,Baixo
24,0,Viaja Raramente,823,Investigacao e Desenvolvimento,17,2,Outro,4,Masculino,94,2,1,Tecnico de Laboratorio,2,Casado(a),2127,9100,1,Nao,21,4,4,1,1,2,3,1,0,0,0,Muito Alto,Medio,Medio,Muito Alto,Bom,Excecional,Licenciatura,7.6629376,18-25,Ate 3k,Longe (11-20),0-2 anos,2127.0,0.0,1.0,3.3333333,0,33.2,Alto
50,0,Viaja Frequentemente,1246,Recursos Humanos,3,3,Medicina,1,Masculino,99,3,5,Gestor,2,Casado(a),18200,7999,1,Nao,11,3,3,1,32,2,3,32,5,10,7,Baixo,Medio,Alto,Alto,Bom,Excelente,Mestrado,9.809232,46-55,Acima 15k,Perto (0-5),20+ anos,3640.0,0.2,1.0,2.0,0,7.6,Medio
25,0,Viaja Raramente,622,Vendas,13,1,Medicina,2,Masculino,40,3,1,Representante de Vendas,3,Casado(a),2096,26376,1,Nao,11,3,3,0,7,1,3,7,4,0,6,Medio,Alto,Alto,Alto,Bom,Excelente,Abaixo da Licenciatura,7.648263,18-25,Ate 3k,Longe (11-20),6-10 anos,2096.0,0.0,1.0,2.6666667,0,10.5,Medio
24,1,Viaja Frequentemente,1287,Investigacao e Desenvolvimento,7,3,Ciencias da Vida,1,Feminino,55,3,1,Tecnico de Laboratorio,3,Casado(a),2886,14168,1,Sim,16,3,4,1,6,4,3,6,3,1,2,Baixo,Alto,Alto,Muito Alto,Bom,Excelente,Mestrado,7.967973,18-25,Ate 3k,Medio (6-10),6-10 anos,2886.0,0.041666668,1.0,2.6666667,2,96.9,Alto
30,1,Viaja Frequentemente,448,Vendas,12,4,Ciencias da Vida,2,Masculino,74,2,1,Representante de Vendas,1,Casado(a),2033,14470,1,Nao,18,3,3,1,1,2,4,1,0,0,0,Medio,Baixo,Medio,Alto,Excelente,Excelente,Doutoramento,7.6177597,26-35,Ate 3k,Longe (11-20),0-2 anos,2033.0,0.0,1.0,2.0,0,97.8,Alto
34,0,Viaja Raramente,254,Investigacao e Desenvolvimento,1,2,Ciencias da Vida,2,Masculino,83,2,1,Investigador,4,Casado(a),3622,22794,1,Sim,13,3,4,1,6,3,3,6,5,1,3,Medio,Muito Alto,Medio,Muito Alto,Bom,Excelente,Licenciatura,8.195058,26-35,3k-6k,Perto (0-5),6-10 anos,3622.0,0.029411765,1.0,3.3333333,2,1.1,Baixo
31,1,Viaja Raramente,1365,Vendas,13,4,Medicina,2,Masculino,46,3,2,Executivo de Vendas,1,Divorciado(a),4233,11512,2,Nao,17,3,3,0,9,2,1,3,1,1,2,Medio,Baixo,Alto,Alto,Mau,Excelente,Doutoramento,8.350903,26-35,3k-6k,Longe (11-20),3-5 anos,2116.5,0.032258064,0.33333334,2.0,0,95.0,Alto
35,0,Viaja Raramente,538,Investigacao e Desenvolvimento,25,2,Outro,1,Masculino,54,2,2,Tecnico de Laboratorio,4,Solteiro(a),3681,14004,4,Nao,14,3,4,0,9,3,3,3,2,0,2,Baixo,Muito Alto,Medio,Muito Alto,Bom,Excelente,Licenciatura,8.211211,26-35,3k-6k,Muito Longe (21+),3-5 anos,1840.5,0.0,0.33333334,3.0,0,5.8,Medio
31,0,Viaja Raramente,525,Vendas,6,4,Medicina,1,Masculino,66,4,2,Executivo de Vendas,4,Divorciado(a),5460,6219,4,Nao,22,4,4,2,13,4,4,7,7,5,7,Baixo,Muito Alto,Muito Alto,Muito Alto,Excelente,Excecional,Doutoramento,8.605387,26-35,3k-6k,Medio (6-10),6-10 anos,2730.0,0.16129032,0.53846157,3.0,0,0.8,Baixo
27,0,Viaja Raramente,798,Investigacao e Desenvolvimento,6,4,Medicina,1,Feminino,66,2,1,Investigador,3,Divorciado(a),2187,5013,0,Nao,12,3,3,2,6,5,2,5,3,0,3,Baixo,Alto,Medio,Alto,Regular,Excelente,Doutoramento,7.690743,26-35,Ate 3k,Medio (6-10),3-5 anos,2187.0,0.0,0.8333333,2.3333333,0,1.6,Baixo
37,0,Viaja Raramente,558,Vendas,2,3,Marketing,4,Masculino,75,3,2,Executivo de Vendas,3,Casado(a),9602,3010,4,Sim,11,3,3,1,17,3,2,3,0,1,0,Muito Alto,Alto,Alto,Alto,Regular,Excelente,Mestrado,9.169831,36-45,6k-10k,Perto (0-5),3-5 anos,4801.0,0.027027028,0.1764706,3.3333333,3,6.2,Medio
20,0,Viaja Raramente,959,Investigacao e Desenvolvimento,1,3,Ciencias da Vida,4,Feminino,83,2,1,Investigador,2,Solteiro(a),2836,11757,1,Nao,13,3,4,0,1,0,4,1,0,0,0,Muito Alto,Medio,Medio,Muito Alto,Excelente,Excelente,Mestrado,7.9505024,18-25,Ate 3k,Perto (0-5),0-2 anos,2836.0,0.0,1.0,3.3333333,0,10.7,Medio
42,0,Viaja Raramente,622,Investigacao e Desenvolvimento,2,4,Ciencias da Vida,3,Feminino,81,3,2,Representante de Saude,4,Casado(a),4089,5718,1,Nao,13,3,2,2,10,4,3,10,2,2,2,Alto,Muito Alto,Alto,Medio,Bom,Excelente,Doutoramento,8.3163,36-45,3k-6k,Perto (0-5),6-10 anos,2044.5,0.04761905,1.0,3.0,0,0.1,Baixo
43,0,Viaja Raramente,782,Investigacao e Desenvolvimento,6,4,Outro,2,Masculino,50,2,4,Director de Investigacao,4,Divorciado(a),16627,2671,4,Sim,14,3,3,1,21,3,2,1,0,0,0,Medio,Muito Alto,Medio,Alto,Regular,Excelente,Doutoramento,9.718843,36-45,Acima 15k,Medio (6-10),0-2 anos,4156.75,0.0,0.04761905,3.0,3,2.5,Baixo
38,0,Viaja Raramente,362,Investigacao e Desenvolvimento,1,1,Ciencias da Vida,3,Feminino,43,3,1,Investigador,1,Solteiro(a),2619,14561,3,Nao,17,3,4,0,8,3,2,0,0,0,0,Alto,Baixo,Alto,Muito Alto,Regular,Excelente,Abaixo da Licenciatura,7.8709297,36-45,Ate 3k,Perto (0-5),0-2 anos,2619.0,0.0,0.0,2.6666667,0,4.5,Medio
43,0,Viaja Frequentemente,1001,Investigacao e Desenvolvimento,9,5,Medicina,4,Masculino,72,3,2,Tecnico de Laboratorio,3,Divorciado(a),5679,19627,3,Sim,13,3,2,1,10,3,3,8,7,4,7,Muito Alto,Alto,Alto,Medio,Bom,Excelente,Pos-Doc,8.644707,36-45,3k-6k,Medio (6-10),6-10 anos,2839.5,0.093023255,0.8,3.0,2,3.3,Medio
48,0,Viaja Raramente,1236,Investigacao e Desenvolvimento,1,4,Ciencias da Vida,4,Feminino,40,2,4,Gestor,1,Casado(a),15402,17997,7,Nao,11,3,1,1,21,3,1,3,2,0,2,Muito Alto,Baixo,Medio,Baixo,Mau,Excelente,Doutoramento,9.642318,46-55,Acima 15k,Perto (0-5),3-5 anos,3850.5,0.0,0.14285715,2.0,0,1.3,Baixo
44,0,Viaja Raramente,1112,Recursos Humanos,1,4,Ciencias da Vida,1,Feminino,50,2,2,Recursos Humanos,3,Solteiro(a),5985,26894,4,Nao,11,3,2,0,10,1,4,2,2,0,2,Baixo,Alto,Medio,Medio,Excelente,Excelente,Doutoramento,8.697179,36-45,3k-6k,Perto (0-5),0-2 anos,2992.5,0.0,0.2,2.0,0,8.9,Medio
34,0,Viaja Raramente,204,Vendas,14,3,Curso Tecnico,3,Feminino,31,3,1,Representante de Vendas,3,Divorciado(a),2579,2912,1,Sim,18,3,4,2,8,3,3,8,2,0,6,Alto,Alto,Alto,Muito Alto,Bom,Excelente,Mestrado,7.8555446,26-35,Ate 3k,Longe (11-20),6-10 anos,2579.0,0.0,1.0,3.3333333,2,32.4,Alto
27,1,Viaja Raramente,1420,Vendas,2,1,Marketing,3,Masculino,85,3,1,Representante de Vendas,1,Divorciado(a),3041,16346,0,Nao,11,3,2,1,5,3,3,4,3,0,2,Alto,Baixo,Alto,Medio,Bom,Excelente,Abaixo da Licenciatura,8.02027,26-35,3k-6k,Perto (0-5),3-5 anos,3041.0,0.0,0.8,2.0,0,84.4,Alto
21,0,Viaja Raramente,1343,Vendas,22,1,Curso Tecnico,3,Masculino,49,3,1,Representante de Vendas,3,Solteiro(a),3447,24444,1,Nao,11,3,3,0,3,2,3,3,2,1,2,Alto,Alto,Alto,Alto,Bom,Excelente,Abaixo da Licenciatura,8.14555,18-25,3k-6k,Muito Longe (21+),3-5 anos,3447.0,0.04761905,1.0,3.0,0,54.2,Alto
44,0,Viaja Raramente,1315,Investigacao e Desenvolvimento,3,4,Outro,4,Masculino,35,3,5,Gestor,4,Casado(a),19513,9358,4,Sim,12,3,1,1,26,2,4,2,2,0,1,Muito Alto,Muito Alto,Alto,Baixo,Excelente,Excelente,Doutoramento,9.878887,36-45,Acima 15k,Perto (0-5),0-2 anos,3902.6,0.0,0.07692308,3.0,1,2.0,Baixo
22,0,Viaja Raramente,604,Investigacao e Desenvolvimento,6,1,Medicina,1,Masculino,69,3,1,Investigador,3,Casado(a),2773,12145,0,Nao,20,4,4,0,3,3,3,2,2,2,2,Baixo,Alto,Alto,Muito Alto,Bom,Excecional,Abaixo da Licenciatura,7.9280457,18-25,Ate 3k,Medio (6-10),0-2 anos,2773.0,0.09090909,0.6666667,2.6666667,0,1.4,Baixo
33,0,Viaja Raramente,1216,Vendas,8,4,Marketing,3,Masculino,39,3,2,Executivo de Vendas,3,Divorciado(a),7104,20431,0,Nao,12,3,4,0,6,3,3,5,0,1,2,Alto,Alto,Alto,Muito Alto,Bom,Excelente,Doutoramento,8.868554,26-35,6k-10k,Medio (6-10),3-5 anos,3552.0,0.030303031,0.8333333,3.3333333,0,1.5,Baixo
32,0,Viaja Raramente,646,Investigacao e Desenvolvimento,9,4,Ciencias da Vida,1,Feminino,92,3,2,Investigador,4,Casado(a),6322,18089,1,Sim,12,3,4,1,6,2,2,6,4,0,5,Baixo,Muito Alto,Alto,Muito Alto,Regular,Excelente,Doutoramento,8.751949,26-35,6k-10k,Medio (6-10),6-10 anos,3161.0,0.0,1.0,3.0,3,2.2,Baixo
30,0,Viaja Frequentemente,160,Investigacao e Desenvolvimento,3,3,Medicina,3,Feminino,71,3,1,Investigador,3,Divorciado(a),2083,22653,1,Nao,20,4,3,1,1,2,3,1,0,0,0,Alto,Alto,Alto,Alto,Bom,Excecional,Mestrado,7.6420445,26-35,Ate 3k,Perto (0-5),0-2 anos,2083.0,0.0,1.0,3.0,0,7.2,Medio
53,0,Viaja Raramente,238,Vendas,1,1,Medicina,4,Feminino,34,3,2,Executivo de Vendas,1,Solteiro(a),8381,7507,7,Nao,20,4,4,0,18,2,4,14,7,8,10,Muito Alto,Baixo,Alto,Muito Alto,Excelente,Excecional,Abaixo da Licenciatura,9.033842,46-55,6k-10k,Perto (0-5),11-20 anos,4190.5,0.1509434,0.7777778,3.0,0,19.2,Medio
34,0,Viaja Raramente,1397,Investigacao e Desenvolvimento,1,5,Ciencias da Vida,2,Masculino,42,3,1,Investigador,4,Casado(a),2691,7660,1,Nao,12,3,4,1,10,4,2,10,9,8,8,Medio,Muito Alto,Alto,Muito Alto,Regular,Excelente,Pos-Doc,7.89804,26-35,Ate 3k,Perto (0-5),6-10 anos,2691.0,0.23529412,1.0,3.3333333,0,6.2,Medio
45,1,Viaja Frequentemente,306,Vendas,26,4,Ciencias da Vida,1,Feminino,100,3,2,Executivo de Vendas,1,Casado(a),4286,5630,2,Nao,14,3,4,2,5,4,3,1,1,0,0,Baixo,Baixo,Alto,Muito Alto,Bom,Excelente,Doutoramento,8.363342,36-45,3k-6k,Muito Longe (21+),0-2 anos,2143.0,0.0,0.2,2.0,0,91.7,Alto
26,0,Viaja Raramente,991,Investigacao e Desenvolvimento,6,3,Ciencias da Vida,3,Feminino,71,3,1,Tecnico de Laboratorio,4,Casado(a),2659,17759,1,Sim,13,3,3,1,3,2,3,3,2,0,2,Alto,Muito Alto,Alto,Alto,Bom,Excelente,Mestrado,7.886081,26-35,Ate 3k,Medio (6-10),3-5 anos,2659.0,0.0,1.0,3.3333333,2,30.6,Alto
37,0,Viaja Raramente,482,Investigacao e Desenvolvimento,3,3,Outro,3,Masculino,36,3,3,Director de Producao,3,Casado(a),9434,9606,1,Nao,15,3,3,1,10,2,3,10,7,7,8,Alto,Alto,Alto,Alto,Bom,Excelente,Mestrado,9.152182,36-45,6k-10k,Perto (0-5),6-10 anos,3144.6667,0.1891892,1.0,3.0,0,2.9,Baixo
29,0,Viaja Raramente,1176,Vendas,3,2,Medicina,2,Feminino,62,3,2,Executivo de Vendas,3,Casado(a),5561,3487,1,Nao,14,3,1,1,6,5,2,6,0,1,2,Medio,Alto,Alto,Baixo,Regular,Excelente,Licenciatura,8.6237135,26-35,3k-6k,Perto (0-5),6-10 anos,2780.5,0.03448276,1.0,2.0,0,0.5,Baixo
35,0,Viaja Raramente,1017,Investigacao e Desenvolvimento,6,4,Ciencias da Vida,2,Masculino,82,1,2,Investigador,4,Solteiro(a),6646,19368,1,Nao,13,3,2,0,17,3,3,17,11,11,8,Medio,Muito Alto,Baixo,Medio,Bom,Excelente,Doutoramento,8.801921,26-35,6k-10k,Medio (6-10),11-20 anos,3323.0,0.31428573,1.0,2.6666667,0,4.3,Medio
33,0,Viaja Frequentemente,1296,Investigacao e Desenvolvimento,6,3,Ciencias da Vida,3,Masculino,30,3,2,Representante de Saude,4,Divorciado(a),7725,5335,3,Nao,23,4,3,1,15,2,1,13,11,4,7,Alto,Muito Alto,Alto,Alto,Mau,Excecional,Mestrado,8.952347,26-35,6k-10k,Medio (6-10),11-20 anos,3862.5,0.121212125,0.8666667,3.3333333,0,5.7,Medio
54,0,Viaja Raramente,397,Recursos Humanos,19,4,Medicina,3,Masculino,88,3,3,Recursos Humanos,2,Casado(a),10725,6729,2,Nao,15,3,3,1,16,1,4,9,7,7,1,Alto,Medio,Alto,Alto,Excelente,Excelente,Doutoramento,9.280426,46-55,10k-15k,Longe (11-20),6-10 anos,3575.0,0.12962963,0.5625,2.6666667,0,13.3,Medio
36,0,Viaja Raramente,913,Investigacao e Desenvolvimento,9,2,Medicina,2,Masculino,48,2,2,Director de Producao,2,Divorciado(a),8847,13934,2,Sim,11,3,3,1,13,2,3,3,2,0,2,Medio,Medio,Medio,Alto,Bom,Excelente,Licenciatura,9.087947,36-45,6k-10k,Medio (6-10),3-5 anos,4423.5,0.0,0.23076923,2.3333333,2,15.9,Medio
27,0,Viaja Raramente,1115,Investigacao e Desenvolvimento,3,4,Medicina,1,Masculino,54,2,1,Investigador,4,Solteiro(a),2045,15174,0,Nao,13,3,4,0,5,0,3,4,2,1,1,Baixo,Muito Alto,Medio,Muito Alto,Bom,Excelente,Doutoramento,7.623642,26-35,Ate 3k,Perto (0-5),3-5 anos,2045.0,0.037037037,0.8,3.0,0,16.3,Medio
20,1,Viaja Raramente,1362,Investigacao e Desenvolvimento,10,1,Medicina,4,Masculino,32,3,1,Investigador,3,Solteiro(a),1009,26999,1,Sim,11,3,4,0,1,5,3,1,0,1,1,Muito Alto,Alto,Alto,Muito Alto,Bom,Excelente,Abaixo da Licenciatura,6.9177055,18-25,Ate 3k,Medio (6-10),0-2 anos,1009.0,0.05,1.0,3.6666667,2,91.3,Alto
33,1,Viaja Frequentemente,1076,Investigacao e Desenvolvimento,3,3,Ciencias da Vida,1,Masculino,70,3,1,Investigador,1,Solteiro(a),3348,3164,1,Sim,11,3,1,0,10,3,3,10,8,9,7,Baixo,Baixo,Alto,Baixo,Bom,Excelente,Mestrado,8.116417,26-35,3k-6k,Perto (0-5),6-10 anos,3348.0,0.27272728,1.0,1.0,2,99.3,Alto
35,0,Sem Viagem,727,Investigacao e Desenvolvimento,3,3,Ciencias da Vida,3,Masculino,41,2,1,Tecnico de Laboratorio,3,Casado(a),1281,16900,1,Nao,18,3,3,2,1,3,3,1,0,0,0,Alto,Alto,Medio,Alto,Bom,Excelente,Mestrado,7.1561766,26-35,Ate 3k,Perto (0-5),0-2 anos,1281.0,0.0,1.0,3.0,0,18.6,Medio
23,0,Viaja Raramente,885,Investigacao e Desenvolvimento,4,3,Medicina,1,Masculino,58,4,1,Investigador,1,Casado(a),2819,8544,2,Nao,16,3,1,1,5,3,4,3,2,0,2,Baixo,Baixo,Muito Alto,Baixo,Excelente,Excelente,Mestrado,7.9444923,18-25,Ate 3k,Perto (0-5),3-5 anos,2819.0,0.0,0.6,1.0,0,13.1,Medio
25,0,Viaja Raramente,810,Vendas,8,3,Ciencias da Vida,4,Masculino,57,4,2,Executivo de Vendas,2,Casado(a),4851,15678,0,Nao,22,4,3,1,4,4,3,3,2,1,2,Muito Alto,Medio,Muito Alto,Alto,Bom,Excecional,Mestrado,8.487146,18-25,3k-6k,Medio (6-10),3-5 anos,2425.5,0.04,0.75,3.0,0,1.0,Baixo
38,0,Viaja Raramente,243,Vendas,7,4,Marketing,4,Feminino,46,2,2,Executivo de Vendas,4,Solteiro(a),4028,7791,0,Nao,20,4,1,0,8,2,3,7,7,0,5,Muito Alto,Muito Alto,Medio,Baixo,Bom,Excecional,Doutoramento,8.301273,36-45,3k-6k,Medio (6-10),6-10 anos,2014.0,0.0,0.875,3.0,0,0.4,Baixo
29,0,Viaja Frequentemente,806,Investigacao e Desenvolvimento,1,4,Ciencias da Vida,2,Masculino,76,1,1,Investigador,4,Divorciado(a),2720,18959,1,Nao,18,3,4,1,10,5,3,10,7,2,8,Medio,Muito Alto,Baixo,Muito Alto,Bom,Excelente,Doutoramento,7.908755,26-35,Ate 3k,Perto (0-5),6-10 anos,2720.0,0.06896552,1.0,3.3333333,0,3.4,Medio
48,0,Viaja Raramente,817,Vendas,2,1,Marketing,2,Masculino,56,4,2,Executivo de Vendas,2,Casado(a),8120,18597,3,Nao,12,3,4,0,12,3,3,2,2,2,2,Medio,Medio,Muito Alto,Muito Alto,Bom,Excelente,Abaixo da Licenciatura,9.002209,46-55,6k-10k,Perto (0-5),0-2 anos,4060.0,0.041666668,0.16666667,2.6666667,0,1.3,Baixo
27,0,Viaja Frequentemente,1410,Vendas,3,1,Medicina,4,Feminino,71,4,2,Executivo de Vendas,4,Divorciado(a),4647,16673,1,Sim,20,4,2,2,6,3,3,6,5,0,4,Muito Alto,Muito Alto,Muito Alto,Medio,Bom,Excecional,Abaixo da Licenciatura,8.444192,26-35,3k-6k,Perto (0-5),6-10 anos,2323.5,0.0,1.0,3.3333333,2,0.2,Baixo
37,0,Viaja Raramente,1225,Investigacao e Desenvolvimento,10,2,Ciencias da Vida,4,Masculino,80,4,1,Investigador,4,Solteiro(a),4680,15232,3,Nao,17,3,1,0,4,2,3,1,0,0,0,Muito Alto,Muito Alto,Muito Alto,Baixo,Bom,Excelente,Licenciatura,8.451267,36-45,3k-6k,Medio (6-10),0-2 anos,4680.0,0.0,0.25,3.0,0,2.1,Baixo
50,0,Viaja Raramente,1207,Investigacao e Desenvolvimento,28,1,Medicina,4,Masculino,74,4,1,Tecnico de Laboratorio,3,Casado(a),3221,3297,1,Sim,11,3,3,3,20,3,3,20,8,3,8,Muito Alto,Alto,Muito Alto,Alto,Bom,Excelente,Abaixo da Licenciatura,8.077758,46-55,3k-6k,Muito Longe (21+),11-20 anos,3221.0,0.06,1.0,3.3333333,2,13.7,Medio
34,0,Viaja Raramente,1442,Investigacao e Desenvolvimento,9,3,Medicina,4,Feminino,46,2,3,Representante de Saude,2,Solteiro(a),8621,17654,1,Nao,14,3,2,0,9,3,4,8,7,7,7,Muito Alto,Medio,Medio,Medio,Excelente,Excelente,Mestrado,9.062073,26-35,6k-10k,Medio (6-10),6-10 anos,2873.6667,0.20588236,0.8888889,2.6666667,0,3.7,Medio
24,1,Viaja Raramente,693,Vendas,3,2,Ciencias da Vida,1,Feminino,65,3,2,Executivo de Vendas,3,Solteiro(a),4577,24785,9,Nao,14,3,1,0,4,3,3,2,2,2,0,Baixo,Alto,Alto,Baixo,Bom,Excelente,Licenciatura,8.429017,18-25,3k-6k,Perto (0-5),0-2 anos,2288.5,0.083333336,0.5,1.6666666,0,94.9,Alto
39,0,Viaja Raramente,408,Investigacao e Desenvolvimento,2,4,Curso Tecnico,4,Feminino,80,2,2,Representante de Saude,3,Solteiro(a),4553,20978,1,Nao,11,3,1,0,20,4,3,20,7,11,10,Muito Alto,Alto,Medio,Baixo,Bom,Excelente,Doutoramento,8.423761,36-45,3k-6k,Perto (0-5),11-20 anos,2276.5,0.2820513,1.0,2.6666667,0,2.9,Baixo
32,0,Viaja Raramente,929,Vendas,10,3,Marketing,4,Masculino,55,3,2,Executivo de Vendas,4,Solteiro(a),5396,21703,1,Nao,12,3,4,0,10,2,2,10,7,0,8,Muito Alto,Muito Alto,Alto,Muito Alto,Regular,Excelente,Mestrado,8.593598,26-35,3k-6k,Medio (6-10),6-10 anos,2698.0,0.0,1.0,4.0,0,2.7,Baixo
50,1,Viaja Frequentemente,562,Vendas,8,2,Curso Tecnico,2,Masculino,50,3,2,Executivo de Vendas,3,Casado(a),6796,23452,3,Sim,14,3,1,1,18,4,3,4,3,1,3,Medio,Alto,Alto,Baixo,Bom,Excelente,Licenciatura,8.824237,46-55,6k-10k,Medio (6-10),3-5 anos,3398.0,0.02,0.22222222,2.0,2,92.5,Alto
38,0,Viaja Raramente,827,Investigacao e Desenvolvimento,1,4,Ciencias da Vida,2,Feminino,33,4,2,Representante de Saude,4,Solteiro(a),7625,19383,0,Nao,13,3,3,0,10,4,2,9,7,1,8,Medio,Muito Alto,Muito Alto,Alto,Regular,Excelente,Doutoramento,8.939319,36-45,6k-10k,Perto (0-5),6-10 anos,3812.5,0.02631579,0.9,3.0,0,0.3,Baixo
27,0,Viaja Raramente,608,Investigacao e Desenvolvimento,1,2,Ciencias da Vida,3,Feminino,68,3,3,Director de Producao,1,Casado(a),7412,6009,1,Nao,11,3,4,0,9,3,3,9,7,0,7,Alto,Baixo,Alto,Muito Alto,Bom,Excelente,Licenciatura,8.910991,26-35,6k-10k,Perto (0-5),6-10 anos,2470.6667,0.0,1.0,2.6666667,0,4.7,Medio
32,0,Viaja Raramente,1018,Investigacao e Desenvolvimento,3,2,Ciencias da Vida,3,Feminino,39,3,3,Director de Investigacao,4,Solteiro(a),11159,19373,3,Nao,15,3,4,0,10,6,3,7,7,7,7,Alto,Muito Alto,Alto,Muito Alto,Bom,Excelente,Licenciatura,9.320091,26-35,10k-15k,Perto (0-5),6-10 anos,3719.6667,0.21875,0.7,3.6666667,0,1.5,Baixo
47,0,Viaja Raramente,703,Vendas,14,4,Marketing,4,Masculino,42,3,2,Executivo de Vendas,1,Solteiro(a),4960,11825,2,Nao,12,3,4,0,20,2,3,7,7,1,7,Muito Alto,Baixo,Alto,Muito Alto,Bom,Excelente,Doutoramento,8.509362,46-55,3k-6k,Longe (11-20),6-10 anos,2480.0,0.021276595,0.35,3.0,0,2.2,Baixo
40,0,Viaja Frequentemente,580,Vendas,5,4,Ciencias da Vida,4,Masculino,48,2,3,Executivo de Vendas,1,Casado(a),10475,23772,5,Sim,21,4,3,1,20,2,3,18,13,1,12,Muito Alto,Baixo,Medio,Alto,Bom,Excecional,Doutoramento,9.256843,36-45,10k-15k,Perto (0-5),11-20 anos,3491.6667,0.025,0.9,2.6666667,2,9.0,Medio
53,0,Viaja Raramente,970,Investigacao e Desenvolvimento,7,3,Ciencias da Vida,3,Masculino,59,4,4,Director de Investigacao,3,Casado(a),14814,13514,3,Nao,19,3,3,0,32,3,3,5,1,1,3,Alto,Alto,Muito Alto,Alto,Bom,Excelente,Mestrado,9.603395,46-55,10k-15k,Medio (6-10),3-5 anos,3703.5,0.018867925,0.15625,3.0,0,0.3,Baixo
41,0,Viaja Raramente,427,Recursos Humanos,10,4,Recursos Humanos,2,Masculino,73,2,5,Gestor,4,Divorciado(a),19141,8861,3,Nao,15,3,2,3,23,2,2,21,6,12,6,Medio,Muito Alto,Medio,Medio,Regular,Excelente,Doutoramento,9.85964,36-45,Acima 15k,Medio (6-10),20+ anos,3828.2,0.29268292,0.9130435,2.6666667,0,10.6,Medio
60,0,Viaja Raramente,1179,Vendas,16,4,Marketing,1,Masculino,84,3,2,Executivo de Vendas,1,Solteiro(a),5405,11924,8,Nao,14,3,4,0,10,1,3,2,2,2,2,Baixo,Baixo,Alto,Muito Alto,Bom,Excelente,Doutoramento,8.595264,56-65,3k-6k,Longe (11-20),0-2 anos,2702.5,0.033333335,0.2,2.0,0,37.5,Alto
27,0,Viaja Frequentemente,294,Investigacao e Desenvolvimento,10,2,Ciencias da Vida,4,Masculino,32,3,3,Director de Producao,1,Divorciado(a),8793,4809,1,Nao,21,4,3,2,9,4,2,9,7,1,7,Muito Alto,Baixo,Alto,Alto,Regular,Excecional,Licenciatura,9.081825,26-35,6k-10k,Medio (6-10),6-10 anos,2931.0,0.037037037,1.0,2.6666667,0,3.8,Medio
41,0,Viaja Raramente,314,Recursos Humanos,1,3,Recursos Humanos,4,Masculino,59,2,5,Gestor,3,Casado(a),19189,19562,1,Nao,12,3,2,1,22,3,3,22,7,2,10,Muito Alto,Alto,Medio,Medio,Bom,Excelente,Mestrado,9.862144,36-45,Acima 15k,Perto (0-5),20+ anos,3837.8,0.048780486,1.0,3.0,0,0.4,Baixo
50,0,Viaja Raramente,316,Vendas,8,4,Marketing,4,Masculino,54,3,1,Representante de Vendas,2,Casado(a),3875,9983,7,Nao,15,3,4,1,4,2,3,2,2,2,2,Muito Alto,Medio,Alto,Muito Alto,Bom,Excelente,Doutoramento,8.262559,46-55,3k-6k,Medio (6-10),0-2 anos,3875.0,0.04,0.5,3.3333333,0,19.2,Medio
28,1,Viaja Raramente,654,Investigacao e Desenvolvimento,1,2,Ciencias da Vida,1,Feminino,67,1,1,Investigador,2,Solteiro(a),2216,3872,7,Sim,13,3,4,0,10,4,3,7,7,3,7,Baixo,Medio,Baixo,Muito Alto,Bom,Excelente,Licenciatura,7.7039104,26-35,Ate 3k,Perto (0-5),6-10 anos,2216.0,0.10714286,0.7,2.3333333,2,96.4,Alto
36,0,Sem Viagem,427,Investigacao e Desenvolvimento,8,3,Ciencias da Vida,1,Feminino,63,4,3,Director de Investigacao,1,Casado(a),11713,20335,9,Nao,14,3,1,1,10,2,3,8,7,0,5,Baixo,Baixo,Muito Alto,Baixo,Bom,Excelente,Mestrado,9.36854,36-45,10k-15k,Medio (6-10),6-10 anos,3904.3333,0.0,0.8,1.0,0,7.7,Medio
38,0,Viaja Raramente,168,Investigacao e Desenvolvimento,1,3,Ciencias da Vida,3,Feminino,81,3,3,Director de Producao,3,Solteiro(a),7861,15397,4,Sim,14,3,4,0,10,4,4,1,0,0,0,Alto,Alto,Alto,Muito Alto,Excelente,Excelente,Mestrado,8.969796,36-45,6k-10k,Perto (0-5),0-2 anos,2620.3333,0.0,0.1,3.3333333,1,1.7,Baixo
44,0,Sem Viagem,381,Investigacao e Desenvolvimento,24,3,Medicina,1,Masculino,49,1,1,Tecnico de Laboratorio,3,Solteiro(a),3708,2104,2,Nao,14,3,3,0,9,5,3,5,2,1,4,Baixo,Alto,Baixo,Alto,Bom,Excelente,Mestrado,8.218517,36-45,3k-6k,Muito Longe (21+),3-5 anos,3708.0,0.022727273,0.5555556,2.3333333,0,28.5,Alto
47,0,Viaja Frequentemente,217,Vendas,3,3,Medicina,4,Feminino,49,3,4,Executivo de Vendas,3,Divorciado(a),13770,10225,9,Sim,12,3,4,2,28,2,2,22,2,11,13,Muito Alto,Alto,Alto,Muito Alto,Regular,Excelente,Mestrado,9.53032,46-55,10k-15k,Perto (0-5),20+ anos,3442.5,0.23404256,0.78571427,3.6666667,3,37.6,Alto
30,0,Viaja Raramente,501,Vendas,27,5,Marketing,3,Masculino,99,3,2,Executivo de Vendas,4,Divorciado(a),5304,25275,7,Nao,23,4,4,1,10,2,2,8,7,7,7,Alto,Muito Alto,Alto,Muito Alto,Regular,Excecional,Pos-Doc,8.576406,26-35,3k-6k,Muito Longe (21+),6-10 anos,2652.0,0.23333333,0.8,3.6666667,0,29.3,Alto
29,0,Viaja Raramente,1396,Vendas,10,3,Ciencias da Vida,3,Masculino,99,3,1,Representante de Vendas,3,Solteiro(a),2642,2755,1,Nao,11,3,3,0,1,6,3,1,0,0,0,Alto,Alto,Alto,Alto,Bom,Excelente,Mestrado,7.87967,26-35,Ate 3k,Medio (6-10),0-2 anos,2642.0,0.0,1.0,3.0,0,45.4,Alto
42,1,Viaja Frequentemente,933,Investigacao e Desenvolvimento,19,3,Medicina,3,Masculino,57,4,1,Investigador,3,Divorciado(a),2759,20366,6,Sim,12,3,4,0,7,2,3,2,2,2,2,Alto,Alto,Muito Alto,Muito Alto,Bom,Excelente,Mestrado,7.922986,36-45,Ate 3k,Longe (11-20),0-2 anos,2759.0,0.04761905,0.2857143,3.3333333,2,97.3,Alto
43,0,Viaja Frequentemente,775,Vendas,15,3,Ciencias da Vida,4,Masculino,47,2,2,Executivo de Vendas,4,Casado(a),6804,23683,3,Nao,18,3,3,1,7,5,3,2,2,2,2,Muito Alto,Muito Alto,Medio,Alto,Bom,Excelente,Mestrado,8.825413,36-45,6k-10k,Longe (11-20),0-2 anos,3402.0,0.046511628,0.2857143,3.6666667,0,2.1,Baixo
34,0,Viaja Raramente,970,Investigacao e Desenvolvimento,8,2,Medicina,2,Feminino,96,3,2,Representante de Saude,3,Solteiro(a),6142,7360,3,Nao,11,3,4,0,10,2,3,5,1,4,3,Medio,Alto,Alto,Muito Alto,Bom,Excelente,Licenciatura,8.723068,26-35,6k-10k,Medio (6-10),3-5 anos,3071.0,0.11764706,0.5,3.0,0,0.9,Baixo
23,0,Viaja Raramente,650,Investigacao e Desenvolvimento,9,1,Medicina,2,Masculino,37,3,1,Tecnico de Laboratorio,1,Casado(a),2500,4344,1,Nao,14,3,4,1,5,2,4,4,3,0,2,Medio,Baixo,Alto,Muito Alto,Excelente,Excelente,Abaixo da Licenciatura,7.8244457,18-25,Ate 3k,Medio (6-10),3-5 anos,2500.0,0.0,0.8,2.3333333,0,8.6,Medio
39,0,Viaja Raramente,141,Recursos Humanos,3,3,Recursos Humanos,3,Feminino,44,4,2,Recursos Humanos,2,Casado(a),6389,18767,9,Nao,15,3,3,1,12,3,1,8,3,3,6,Alto,Medio,Muito Alto,Alto,Mau,Excelente,Mestrado,8.762489,36-45,6k-10k,Perto (0-5),6-10 anos,3194.5,0.07692308,0.6666667,2.6666667,0,1.5,Baixo
56,0,Viaja Raramente,832,Investigacao e Desenvolvimento,9,3,Medicina,3,Masculino,81,3,4,Representante de Saude,4,Casado(a),11103,20420,7,Nao,11,3,3,0,30,1,2,10,7,1,1,Alto,Muito Alto,Alto,Alto,Regular,Excelente,Mestrado,9.315061,56-65,10k-15k,Medio (6-10),6-10 anos,2775.75,0.017857144,0.33333334,3.3333333,0,10.1,Medio
40,0,Viaja Raramente,804,Investigacao e Desenvolvimento,2,1,Medicina,4,Feminino,86,2,1,Investigador,4,Solteiro(a),2342,22929,0,Sim,20,4,4,0,5,2,2,4,2,2,3,Muito Alto,Muito Alto,Medio,Muito Alto,Regular,Excecional,Abaixo da Licenciatura,7.759187,36-45,Ate 3k,Perto (0-5),3-5 anos,2342.0,0.05,0.8,4.0,3,12.7,Medio
27,0,Viaja Raramente,975,Investigacao e Desenvolvimento,7,3,Medicina,4,Feminino,55,2,2,Representante de Saude,1,Solteiro(a),6811,23398,8,Nao,19,3,1,0,9,2,1,7,6,0,7,Muito Alto,Baixo,Medio,Baixo,Mau,Excelente,Mestrado,8.826441,26-35,6k-10k,Medio (6-10),6-10 anos,3405.5,0.0,0.7777778,2.0,0,43.3,Alto
29,0,Viaja Raramente,1090,Vendas,10,3,Marketing,4,Masculino,83,3,1,Representante de Vendas,2,Divorciado(a),2297,17967,1,Nao,14,3,4,2,2,2,3,2,2,2,2,Muito Alto,Medio,Alto,Muito Alto,Bom,Excelente,Mestrado,7.7397943,26-35,Ate 3k,Medio (6-10),0-2 anos,2297.0,0.06896552,1.0,3.3333333,0,7.1,Medio
53,0,Viaja Raramente,346,Investigacao e Desenvolvimento,6,3,Ciencias da Vida,4,Masculino,86,3,2,Tecnico de Laboratorio,4,Solteiro(a),2450,10919,2,Nao,17,3,4,0,19,4,3,2,2,2,2,Muito Alto,Muito Alto,Alto,Muito Alto,Bom,Excelente,Mestrado,7.804251,46-55,Ate 3k,Medio (6-10),0-2 anos,1225.0,0.03773585,0.10526316,4.0,0,0.8,Baixo
35,0,Sem Viagem,1225,Investigacao e Desenvolvimento,2,4,Ciencias da Vida,4,Feminino,61,3,2,Representante de Saude,1,Divorciado(a),5093,4761,2,Nao,11,3,1,1,16,2,4,1,0,0,0,Muito Alto,Baixo,Alto,Baixo,Excelente,Excelente,Doutoramento,8.535819,26-35,3k-6k,Perto (0-5),0-2 anos,2546.5,0.0,0.0625,2.0,0,7.7,Medio
32,0,Viaja Frequentemente,430,Investigacao e Desenvolvimento,24,4,Ciencias da Vida,1,Masculino,80,3,2,Tecnico de Laboratorio,4,Casado(a),5309,21146,1,Nao,15,3,4,2,10,2,3,10,8,4,7,Baixo,Muito Alto,Alto,Muito Alto,Bom,Excelente,Doutoramento,8.577347,26-35,3k-6k,Muito Longe (21+),6-10 anos,2654.5,0.125,1.0,3.0,0,9.5,Medio
38,0,Viaja Raramente,268,Investigacao e Desenvolvimento,2,5,Medicina,4,Masculino,92,3,1,Investigador,3,Casado(a),3057,20471,6,Sim,13,3,2,1,6,0,1,1,0,0,1,Muito Alto,Alto,Alto,Medio,Mau,Excelente,Pos-Doc,8.0255165,36-45,3k-6k,Perto (0-5),0-2 anos,3057.0,0.0,0.16666667,3.0,4,52.2,Alto
34,0,Viaja Raramente,167,Investigacao e Desenvolvimento,8,5,Ciencias da Vida,2,Feminino,32,3,2,Director de Producao,1,Divorciado(a),5121,4187,3,Nao,14,3,3,1,7,3,3,0,0,0,0,Medio,Baixo,Alto,Alto,Bom,Excelente,Pos-Doc,8.5413,26-35,3k-6k,Medio (6-10),0-2 anos,2560.5,0.0,0.0,2.0,0,8.8,Medio
52,0,Viaja Raramente,621,Vendas,3,4,Marketing,3,Masculino,31,2,4,Gestor,1,Casado(a),16856,10084,1,Nao,11,3,1,0,34,3,4,34,6,1,16,Alto,Baixo,Medio,Baixo,Excelente,Excelente,Doutoramento,9.732521,46-55,Acima 15k,Perto (0-5),20+ anos,4214.0,0.01923077,1.0,1.6666666,0,8.1,Medio
33,1,Viaja Raramente,527,Investigacao e Desenvolvimento,1,4,Outro,4,Masculino,63,3,1,Investigador,4,Solteiro(a),2686,5207,1,Sim,13,3,3,0,10,2,2,10,9,7,8,Muito Alto,Muito Alto,Alto,Alto,Regular,Excelente,Doutoramento,7.8961806,26-35,Ate 3k,Perto (0-5),6-10 anos,2686.0,0.21212122,1.0,3.6666667,3,91.2,Alto
25,0,Viaja Raramente,883,Vendas,26,1,Medicina,3,Feminino,32,3,2,Executivo de Vendas,4,Solteiro(a),6180,22807,1,Nao,23,4,2,0,6,5,2,6,5,1,4,Alto,Muito Alto,Alto,Medio,Regular,Excecional,Abaixo da Licenciatura,8.729236,18-25,6k-10k,Muito Longe (21+),6-10 anos,3090.0,0.04,1.0,3.0,0,1.5,Baixo
45,0,Viaja Raramente,954,Vendas,2,2,Curso Tecnico,2,Masculino,46,1,2,Representante de Vendas,3,Solteiro(a),6632,12388,0,Nao,13,3,1,0,9,3,3,8,7,3,1,Medio,Alto,Baixo,Baixo,Bom,Excelente,Licenciatura,8.799812,36-45,6k-10k,Perto (0-5),6-10 anos,3316.0,0.06666667,0.8888889,2.0,0,66.4,Alto
23,0,Viaja Raramente,310,Investigacao e Desenvolvimento,10,1,Medicina,1,Masculino,79,4,1,Investigador,3,Solteiro(a),3505,19630,1,Nao,18,3,4,0,2,3,3,2,2,0,2,Baixo,Alto,Muito Alto,Muito Alto,Bom,Excelente,Abaixo da Licenciatura,8.162231,18-25,3k-6k,Medio (6-10),0-2 anos,3505.0,0.0,1.0,2.6666667,0,1.6,Baixo
47,1,Viaja Frequentemente,719,Vendas,27,2,Ciencias da Vida,2,Feminino,77,4,2,Executivo de Vendas,3,Solteiro(a),6397,10339,4,Sim,12,3,4,0,8,2,3,5,4,1,3,Medio,Alto,Muito Alto,Muito Alto,Bom,Excelente,Licenciatura,8.763741,46-55,6k-10k,Muito Longe (21+),3-5 anos,3198.5,0.021276595,0.625,3.0,2,96.0,Alto
34,0,Viaja Raramente,304,Vendas,2,3,Outro,4,Masculino,60,3,2,Executivo de Vendas,4,Solteiro(a),6274,18686,1,Nao,22,4,3,0,6,5,3,6,5,1,4,Muito Alto,Muito Alto,Alto,Alto,Bom,Excecional,Mestrado,8.7443285,26-35,6k-10k,Perto (0-5),6-10 anos,3137.0,0.029411765,1.0,3.6666667,0,0.0,Baixo
55,1,Viaja Raramente,725,Investigacao e Desenvolvimento,2,3,Medicina,4,Masculino,78,3,5,Gestor,1,Casado(a),19859,21199,5,Sim,13,3,4,1,24,2,3,5,2,1,4,Muito Alto,Baixo,Alto,Muito Alto,Bom,Excelente,Mestrado,9.896463,46-55,Acima 15k,Perto (0-5),3-5 anos,3971.8,0.018181818,0.20833333,3.0,2,78.5,Alto
36,0,Sem Viagem,1434,Vendas,8,4,Ciencias da Vida,1,Masculino,76,2,3,Executivo de Vendas,1,Solteiro(a),7587,14229,1,Nao,15,3,2,0,10,1,3,10,7,0,9,Baixo,Baixo,Medio,Medio,Bom,Excelente,Doutoramento,8.934323,36-45,6k-10k,Medio (6-10),6-10 anos,2529.0,0.0,1.0,1.3333334,0,32.8,Alto
52,0,Sem Viagem,715,Investigacao e Desenvolvimento,19,4,Medicina,4,Masculino,41,3,1,Investigador,4,Casado(a),4258,26589,0,Nao,18,3,1,1,5,3,3,4,3,1,2,Muito Alto,Muito Alto,Alto,Baixo,Bom,Excelente,Doutoramento,8.35679,46-55,3k-6k,Longe (11-20),3-5 anos,4258.0,0.01923077,0.8,3.0,0,7.8,Medio
26,0,Viaja Frequentemente,575,Investigacao e Desenvolvimento,1,2,Ciencias da Vida,1,Feminino,71,1,1,Tecnico de Laboratorio,4,Divorciado(a),4364,5288,3,Nao,14,3,1,1,5,2,3,2,2,2,0,Baixo,Muito Alto,Baixo,Baixo,Bom,Excelente,Licenciatura,8.381373,26-35,3k-6k,Perto (0-5),0-2 anos,4364.0,0.07692308,0.4,2.0,0,86.7,Alto
29,0,Viaja Raramente,657,Investigacao e Desenvolvimento,27,3,Medicina,2,Feminino,66,3,2,Representante de Saude,3,Casado(a),4335,25549,4,Nao,12,3,1,1,11,3,2,8,7,1,1,Medio,Alto,Alto,Baixo,Regular,Excelente,Mestrado,8.374707,26-35,3k-6k,Muito Longe (21+),6-10 anos,2167.5,0.03448276,0.72727275,2.0,0,15.8,Medio
26,1,Viaja Raramente,1146,Vendas,8,3,Curso Tecnico,4,Masculino,38,2,2,Executivo de Vendas,1,Solteiro(a),5326,3064,6,Nao,17,3,3,0,6,2,2,4,3,1,2,Muito Alto,Baixo,Medio,Alto,Regular,Excelente,Mestrado,8.5805435,26-35,3k-6k,Medio (6-10),3-5 anos,2663.0,0.03846154,0.6666667,2.6666667,0,98.3,Alto
34,0,Viaja Raramente,182,Investigacao e Desenvolvimento,1,4,Ciencias da Vida,2,Feminino,72,4,1,Investigador,4,Solteiro(a),3280,13551,2,Nao,16,3,3,0,10,2,3,4,2,1,3,Medio,Muito Alto,Muito Alto,Alto,Bom,Excelente,Doutoramento,8.095903,26-35,3k-6k,Perto (0-5),3-5 anos,3280.0,0.029411765,0.4,3.0,0,0.1,Baixo
54,0,Viaja Raramente,376,Investigacao e Desenvolvimento,19,4,Medicina,4,Feminino,95,3,2,Director de Producao,1,Divorciado(a),5485,22670,9,Sim,11,3,2,2,9,4,3,5,3,1,4,Muito Alto,Baixo,Alto,Medio,Bom,Excelente,Doutoramento,8.609955,46-55,3k-6k,Longe (11-20),3-5 anos,2742.5,0.018518519,0.5555556,2.3333333,2,2.1,Baixo
27,0,Viaja Frequentemente,829,Vendas,8,1,Marketing,3,Masculino,84,3,2,Executivo de Vendas,4,Casado(a),4342,24008,0,Nao,19,3,2,1,5,3,3,4,2,1,1,Alto,Muito Alto,Alto,Medio,Bom,Excelente,Abaixo da Licenciatura,8.376321,26-35,3k-6k,Medio (6-10),3-5 anos,2171.0,0.037037037,0.8,3.0,0,2.3,Baixo
37,0,Viaja Raramente,571,Investigacao e Desenvolvimento,10,1,Ciencias da Vida,4,Feminino,82,3,1,Investigador,1,Divorciado(a),2782,19905,0,Sim,13,3,2,2,6,3,2,5,3,4,3,Muito Alto,Baixo,Alto,Medio,Regular,Excelente,Abaixo da Licenciatura,7.931285,36-45,Ate 3k,Medio (6-10),3-5 anos,2782.0,0.10810811,0.8333333,2.3333333,3,10.5,Medio
38,0,Viaja Frequentemente,240,Investigacao e Desenvolvimento,2,4,Ciencias da Vida,1,Feminino,75,4,2,Director de Producao,1,Solteiro(a),5980,26085,6,Sim,12,3,4,0,17,2,3,15,7,4,12,Baixo,Baixo,Muito Alto,Muito Alto,Bom,Excelente,Doutoramento,8.696343,36-45,3k-6k,Perto (0-5),11-20 anos,2990.0,0.10526316,0.88235295,2.0,2,46.9,Alto
34,0,Viaja Raramente,121,Investigacao e Desenvolvimento,2,4,Medicina,3,Feminino,86,2,1,Investigador,1,Solteiro(a),4381,7530,1,Nao,11,3,3,0,6,3,3,6,5,1,3,Alto,Baixo,Medio,Alto,Bom,Excelente,Doutoramento,8.385261,26-35,3k-6k,Perto (0-5),6-10 anos,4381.0,0.029411765,1.0,2.3333333,0,5.0,Medio
35,0,Viaja Raramente,384,Vendas,8,4,Ciencias da Vida,1,Feminino,72,3,1,Representante de Vendas,4,Casado(a),2572,20317,1,Nao,16,3,2,1,3,1,2,3,2,0,2,Baixo,Muito Alto,Alto,Medio,Regular,Excelente,Doutoramento,7.852828,26-35,Ate 3k,Medio (6-10),3-5 anos,2572.0,0.0,1.0,2.3333333,0,4.7,Medio
30,0,Viaja Raramente,921,Investigacao e Desenvolvimento,1,3,Ciencias da Vida,4,Masculino,38,1,1,Tecnico de Laboratorio,3,Casado(a),3833,24375,3,Nao,21,4,3,2,7,2,3,2,2,0,2,Muito Alto,Alto,Baixo,Alto,Bom,Excecional,Mestrado,8.251664,26-35,3k-6k,Perto (0-5),0-2 anos,3833.0,0.0,0.2857143,3.3333333,0,0.5,Baixo
40,0,Viaja Frequentemente,791,Investigacao e Desenvolvimento,2,2,Medicina,3,Feminino,38,4,2,Representante de Saude,2,Casado(a),4244,9931,1,Nao,24,4,4,1,8,2,3,8,7,3,7,Alto,Medio,Muito Alto,Muito Alto,Bom,Excecional,Licenciatura,8.3534975,36-45,3k-6k,Perto (0-5),6-10 anos,2122.0,0.075,1.0,3.0,0,0.3,Baixo
34,0,Viaja Raramente,1111,Vendas,8,2,Ciencias da Vida,3,Feminino,93,3,2,Executivo de Vendas,1,Casado(a),6500,13305,5,Nao,17,3,2,1,6,1,3,3,2,1,2,Alto,Baixo,Alto,Medio,Bom,Excelente,Licenciatura,8.779712,26-35,6k-10k,Medio (6-10),3-5 anos,3250.0,0.029411765,0.5,2.0,0,16.2,Medio
42,0,Viaja Frequentemente,570,Investigacao e Desenvolvimento,8,3,Ciencias da Vida,2,Masculino,66,3,5,Gestor,4,Divorciado(a),18430,16225,1,Nao,13,3,2,1,24,4,2,24,7,14,9,Medio,Muito Alto,Alto,Medio,Regular,Excelente,Mestrado,9.82179,36-45,Acima 15k,Medio (6-10),20+ anos,3686.0,0.33333334,1.0,2.6666667,0,2.9,Baixo
23,1,Viaja Raramente,1243,Investigacao e Desenvolvimento,6,3,Ciencias da Vida,3,Masculino,63,4,1,Tecnico de Laboratorio,1,Casado(a),1601,3445,1,Sim,21,4,3,2,1,2,3,0,0,0,0,Alto,Baixo,Muito Alto,Alto,Bom,Excecional,Mestrado,7.3790083,18-25,Ate 3k,Medio (6-10),0-2 anos,1601.0,0.0,0.0,2.3333333,2,96.5,Alto
24,0,Sem Viagem,1092,Investigacao e Desenvolvimento,9,3,Ciencias da Vida,3,Masculino,60,2,1,Tecnico de Laboratorio,2,Divorciado(a),2694,26551,1,Nao,11,3,3,3,1,4,3,1,0,0,0,Alto,Medio,Medio,Alto,Bom,Excelente,Mestrado,7.8991537,18-25,Ate 3k,Medio (6-10),0-2 anos,2694.0,0.0,1.0,2.6666667,0,23.6,Alto
52,0,Viaja Raramente,1325,Investigacao e Desenvolvimento,11,4,Ciencias da Vida,4,Feminino,82,3,2,Tecnico de Laboratorio,3,Casado(a),3149,21821,8,Nao,20,4,2,1,9,3,3,5,2,1,4,Muito Alto,Alto,Alto,Medio,Bom,Excecional,Doutoramento,8.055158,46-55,3k-6k,Longe (11-20),3-5 anos,1574.5,0.01923077,0.5555556,3.0,0,1.0,Baixo
50,0,Viaja Raramente,691,Investigacao e Desenvolvimento,2,3,Medicina,3,Masculino,64,3,4,Director de Investigacao,3,Casado(a),17639,6881,5,Nao,16,3,4,0,30,3,3,4,3,0,3,Alto,Alto,Alto,Muito Alto,Bom,Excelente,Mestrado,9.777925,46-55,Acima 15k,Perto (0-5),3-5 anos,4409.75,0.0,0.13333334,3.3333333,0,2.2,Baixo
29,1,Viaja Raramente,805,Investigacao e Desenvolvimento,1,2,Ciencias da Vida,2,Feminino,36,2,1,Tecnico de Laboratorio,1,Casado(a),2319,6689,1,Sim,11,3,4,1,1,1,3,1,0,0,0,Medio,Baixo,Medio,Muito Alto,Bom,Excelente,Licenciatura,7.7493224,26-35,Ate 3k,Perto (0-5),0-2 anos,2319.0,0.0,1.0,2.3333333,2,98.3,Alto
33,0,Viaja Raramente,213,Investigacao e Desenvolvimento,7,3,Medicina,3,Masculino,49,3,3,Director de Investigacao,3,Casado(a),11691,25995,0,Nao,11,3,4,0,14,3,4,13,9,3,7,Alto,Alto,Alto,Muito Alto,Excelente,Excelente,Mestrado,9.36666,26-35,10k-15k,Medio (6-10),11-20 anos,3897.0,0.09090909,0.9285714,3.3333333,0,2.9,Baixo
33,1,Viaja Raramente,118,Vendas,16,3,Marketing,1,Feminino,69,3,2,Executivo de Vendas,1,Solteiro(a),5324,26507,5,Nao,15,3,3,0,6,3,3,3,2,0,2,Baixo,Baixo,Alto,Alto,Bom,Excelente,Mestrado,8.580168,26-35,3k-6k,Longe (11-20),3-5 anos,2662.0,0.0,0.5,1.6666666,0,99.0,Alto
47,0,Viaja Raramente,202,Investigacao e Desenvolvimento,2,2,Outro,3,Feminino,33,3,4,Gestor,4,Casado(a),16752,12982,1,Sim,11,3,3,1,26,3,2,26,14,3,0,Alto,Muito Alto,Alto,Alto,Regular,Excelente,Licenciatura,9.726333,46-55,Acima 15k,Perto (0-5),20+ anos,4188.0,0.06382979,1.0,3.3333333,3,2.0,Baixo
36,0,Viaja Raramente,676,Investigacao e Desenvolvimento,1,3,Outro,3,Feminino,35,3,2,Director de Producao,2,Casado(a),5228,23361,0,Nao,15,3,1,1,10,2,3,9,7,0,5,Alto,Medio,Alto,Baixo,Bom,Excelente,Mestrado,8.5619755,36-45,3k-6k,Perto (0-5),6-10 anos,2614.0,0.0,0.9,2.0,0,3.9,Medio
29,0,Viaja Raramente,1252,Investigacao e Desenvolvimento,23,2,Ciencias da Vida,3,Masculino,81,4,1,Investigador,3,Casado(a),2700,23779,1,Nao,24,4,3,1,10,3,3,10,7,0,7,Alto,Alto,Muito Alto,Alto,Bom,Excecional,Licenciatura,7.901377,26-35,Ate 3k,Muito Longe (21+),6-10 anos,2700.0,0.0,1.0,3.0,0,0.9,Baixo
58,1,Viaja Raramente,286,Investigacao e Desenvolvimento,2,4,Ciencias da Vida,4,Masculino,31,3,5,Director de Investigacao,2,Solteiro(a),19246,25761,7,Sim,12,3,4,0,40,2,3,31,15,13,8,Muito Alto,Medio,Alto,Muito Alto,Bom,Excelente,Doutoramento,9.86511,56-65,Acima 15k,Perto (0-5),20+ anos,3849.2,0.22413793,0.775,3.3333333,2,88.3,Alto
35,0,Viaja Raramente,1258,Investigacao e Desenvolvimento,1,4,Ciencias da Vida,4,Feminino,40,4,1,Investigador,3,Solteiro(a),2506,13301,3,Nao,13,3,3,0,7,0,3,2,2,2,2,Muito Alto,Alto,Muito Alto,Alto,Bom,Excelente,Doutoramento,7.8268423,26-35,Ate 3k,Perto (0-5),0-2 anos,2506.0,0.057142857,0.2857143,3.3333333,0,2.4,Baixo
42,0,Viaja Raramente,932,Investigacao e Desenvolvimento,1,2,Ciencias da Vida,4,Feminino,43,2,2,Director de Producao,4,Casado(a),6062,4051,9,Sim,13,3,4,1,8,4,3,4,3,0,2,Muito Alto,Muito Alto,Medio,Muito Alto,Bom,Excelente,Licenciatura,8.70996,36-45,6k-10k,Perto (0-5),3-5 anos,3031.0,0.0,0.5,4.0,2,0.2,Baixo
28,1,Viaja Raramente,890,Investigacao e Desenvolvimento,2,4,Medicina,3,Masculino,46,3,1,Investigador,3,Solteiro(a),4382,16374,6,Nao,17,3,4,0,5,3,2,2,2,2,1,Alto,Alto,Alto,Muito Alto,Regular,Excelente,Doutoramento,8.3854885,26-35,3k-6k,Perto (0-5),0-2 anos,4382.0,0.071428575,0.4,3.3333333,0,93.7,Alto
36,0,Viaja Raramente,1041,Recursos Humanos,13,3,Recursos Humanos,3,Masculino,36,3,1,Recursos Humanos,2,Casado(a),2143,25527,4,Nao,13,3,2,1,8,2,3,5,2,0,4,Alto,Medio,Alto,Medio,Bom,Excelente,Mestrado,7.6704288,36-45,Ate 3k,Longe (11-20),3-5 anos,2143.0,0.0,0.625,2.3333333,0,1.4,Baixo
32,0,Viaja Raramente,859,Investigacao e Desenvolvimento,4,3,Ciencias da Vida,3,Feminino,98,2,2,Director de Producao,3,Casado(a),6162,19124,1,Nao,12,3,3,1,14,3,3,14,13,6,8,Alto,Alto,Medio,Alto,Bom,Excelente,Mestrado,8.726319,26-35,6k-10k,Perto (0-5),11-20 anos,3081.0,0.1875,1.0,3.0,0,0.9,Baixo
40,0,Viaja Frequentemente,720,Investigacao e Desenvolvimento,16,4,Medicina,1,Masculino,51,2,2,Tecnico de Laboratorio,3,Solteiro(a),5094,11983,6,Nao,14,3,4,0,10,6,3,1,0,0,0,Baixo,Alto,Medio,Muito Alto,Bom,Excelente,Doutoramento,8.536015,36-45,3k-6k,Longe (11-20),0-2 anos,2547.0,0.0,0.1,2.6666667,0,27.4,Alto
30,0,Viaja Raramente,946,Investigacao e Desenvolvimento,2,3,Medicina,3,Feminino,52,2,2,Director de Producao,4,Solteiro(a),6877,20234,5,Sim,24,4,2,0,12,4,2,0,0,0,0,Alto,Muito Alto,Medio,Medio,Regular,Excecional,Mestrado,8.836083,26-35,6k-10k,Perto (0-5),0-2 anos,3438.5,0.0,0.0,3.0,3,26.8,Alto
45,0,Viaja Raramente,252,Investigacao e Desenvolvimento,2,3,Ciencias da Vida,2,Feminino,95,2,1,Investigador,3,Solteiro(a),2274,6153,1,Nao,14,3,4,0,1,3,3,1,0,0,0,Medio,Alto,Medio,Muito Alto,Bom,Excelente,Mestrado,7.7297354,36-45,Ate 3k,Perto (0-5),0-2 anos,2274.0,0.0,1.0,3.0,0,16.5,Medio
42,0,Viaja Raramente,933,Investigacao e Desenvolvimento,29,3,Ciencias da Vida,2,Masculino,98,3,2,Director de Producao,2,Casado(a),4434,11806,1,Nao,13,3,4,1,10,3,2,9,8,7,8,Medio,Medio,Alto,Muito Alto,Regular,Excelente,Mestrado,8.397283,36-45,3k-6k,Muito Longe (21+),6-10 anos,2217.0,0.16666667,0.9,2.6666667,0,1.3,Baixo
38,0,Viaja Frequentemente,471,Investigacao e Desenvolvimento,12,3,Ciencias da Vida,1,Masculino,45,2,2,Representante de Saude,1,Divorciado(a),6288,4284,2,Nao,15,3,3,1,13,3,2,4,3,1,2,Baixo,Baixo,Medio,Alto,Regular,Excelente,Mestrado,8.746557,36-45,6k-10k,Longe (11-20),3-5 anos,3144.0,0.02631579,0.30769232,1.6666666,0,46.9,Alto
34,0,Viaja Frequentemente,702,Investigacao e Desenvolvimento,16,4,Ciencias da Vida,3,Feminino,100,2,1,Investigador,4,Solteiro(a),2553,8306,1,Nao,16,3,3,0,6,3,3,5,2,1,3,Alto,Muito Alto,Medio,Alto,Bom,Excelente,Doutoramento,7.845416,26-35,Ate 3k,Longe (11-20),3-5 anos,2553.0,0.029411765,0.8333333,3.3333333,0,11.8,Medio
49,1,Viaja Raramente,1184,Vendas,11,3,Marketing,3,Feminino,43,3,3,Executivo de Vendas,4,Casado(a),7654,5860,1,Nao,18,3,1,2,9,3,4,9,8,7,7,Alto,Muito Alto,Alto,Baixo,Excelente,Excelente,Mestrado,8.943114,46-55,6k-10k,Longe (11-20),6-10 anos,2551.3333,0.14285715,1.0,2.6666667,0,97.4,Alto
55,1,Viaja Raramente,436,Vendas,2,1,Medicina,3,Masculino,37,3,2,Executivo de Vendas,4,Solteiro(a),5160,21519,4,Nao,16,3,3,0,12,3,2,9,7,7,3,Alto,Muito Alto,Alto,Alto,Regular,Excelente,Abaixo da Licenciatura,8.548885,46-55,3k-6k,Perto (0-5),6-10 anos,2580.0,0.12727273,0.75,3.3333333,0,94.9,Alto
43,0,Viaja Raramente,589,Investigacao e Desenvolvimento,14,2,Ciencias da Vida,2,Masculino,94,3,4,Director de Investigacao,1,Casado(a),17159,5200,6,Nao,24,4,3,1,22,3,3,4,1,1,0,Medio,Baixo,Alto,Alto,Bom,Excecional,Licenciatura,9.750337,36-45,Acima 15k,Longe (11-20),3-5 anos,4289.75,0.023255814,0.18181819,2.0,0,2.0,Baixo
27,0,Viaja Raramente,269,Investigacao e Desenvolvimento,5,1,Curso Tecnico,3,Masculino,42,2,3,Director de Investigacao,4,Divorciado(a),12808,8842,1,Sim,16,3,2,1,9,3,3,9,8,0,8,Alto,Muito Alto,Medio,Medio,Bom,Excelente,Abaixo da Licenciatura,9.457903,26-35,10k-15k,Perto (0-5),6-10 anos,4269.3335,0.0,1.0,3.0,2,5.3,Medio
35,0,Viaja Raramente,950,Investigacao e Desenvolvimento,7,3,Outro,3,Masculino,59,3,3,Director de Producao,3,Solteiro(a),10221,18869,3,Nao,21,4,2,0,17,3,4,8,5,1,6,Alto,Alto,Alto,Medio,Excelente,Excecional,Mestrado,9.232298,26-35,10k-15k,Medio (6-10),6-10 anos,3407.0,0.028571429,0.47058824,2.6666667,0,1.7,Baixo
28,0,Viaja Raramente,760,Vendas,2,4,Marketing,2,Feminino,81,3,2,Executivo de Vendas,2,Casado(a),4779,3698,1,Sim,20,4,1,0,8,2,3,8,7,7,5,Medio,Medio,Alto,Baixo,Bom,Excecional,Doutoramento,8.472196,26-35,3k-6k,Perto (0-5),6-10 anos,2389.5,0.25,1.0,1.6666666,2,58.4,Alto
34,0,Viaja Raramente,829,Recursos Humanos,3,2,Recursos Humanos,3,Masculino,88,3,1,Recursos Humanos,4,Casado(a),3737,2243,0,Nao,19,3,3,1,4,1,1,3,2,0,2,Alto,Muito Alto,Alto,Alto,Mau,Excelente,Licenciatura,8.226306,26-35,3k-6k,Perto (0-5),3-5 anos,3737.0,0.0,0.75,3.3333333,0,5.7,Medio
26,1,Viaja Frequentemente,887,Investigacao e Desenvolvimento,5,2,Medicina,3,Feminino,88,2,1,Investigador,3,Casado(a),2366,20898,1,Sim,14,3,1,1,8,2,3,8,7,1,7,Alto,Alto,Medio,Baixo,Bom,Excelente,Licenciatura,7.7693787,26-35,Ate 3k,Perto (0-5),6-10 anos,2366.0,0.03846154,1.0,2.3333333,2,93.4,Alto
27,0,Sem Viagem,443,Investigacao e Desenvolvimento,3,3,Medicina,4,Masculino,50,3,1,Investigador,4,Casado(a),1706,16571,1,Nao,11,3,3,3,0,6,2,0,0,0,0,Muito Alto,Muito Alto,Alto,Alto,Regular,Excelente,Mestrado,7.4424925,26-35,Ate 3k,Perto (0-5),0-2 anos,1706.0,0.0,0.0,3.6666667,0,21.8,Alto
51,0,Viaja Raramente,1318,Vendas,26,4,Marketing,1,Feminino,66,3,4,Gestor,3,Casado(a),16307,5594,2,Nao,14,3,3,1,29,2,2,20,6,4,17,Baixo,Alto,Alto,Alto,Regular,Excelente,Doutoramento,9.699411,46-55,Acima 15k,Muito Longe (21+),11-20 anos,4076.75,0.078431375,0.6896552,2.3333333,0,6.1,Medio
44,0,Viaja Raramente,625,Investigacao e Desenvolvimento,4,3,Medicina,4,Masculino,50,3,2,Representante de Saude,2,Solteiro(a),5933,5197,9,Nao,12,3,4,0,10,2,2,5,2,2,3,Muito Alto,Medio,Alto,Muito Alto,Regular,Excelente,Mestrado,8.688454,36-45,3k-6k,Perto (0-5),3-5 anos,2966.5,0.045454547,0.5,3.3333333,0,4.4,Medio
25,0,Viaja Raramente,180,Investigacao e Desenvolvimento,2,1,Medicina,1,Masculino,65,4,1,Investigador,1,Solteiro(a),3424,21632,7,Nao,13,3,3,0,6,3,2,4,3,0,1,Baixo,Baixo,Muito Alto,Alto,Regular,Excelente,Abaixo da Licenciatura,8.138857,18-25,3k-6k,Perto (0-5),3-5 anos,3424.0,0.0,0.6666667,1.6666666,0,65.7,Alto
33,0,Viaja Raramente,586,Vendas,1,3,Medicina,1,Masculino,48,4,2,Executivo de Vendas,1,Divorciado(a),4037,21816,1,Nao,22,4,1,1,9,5,3,9,8,0,8,Baixo,Baixo,Muito Alto,Baixo,Bom,Excecional,Mestrado,8.303505,26-35,3k-6k,Perto (0-5),6-10 anos,2018.5,0.0,1.0,1.0,0,0.3,Baixo
35,0,Viaja Raramente,1343,Investigacao e Desenvolvimento,27,1,Medicina,3,Feminino,53,2,1,Investigador,1,Solteiro(a),2559,17852,1,Nao,11,3,4,0,6,3,2,6,5,1,1,Alto,Baixo,Medio,Muito Alto,Regular,Excelente,Abaixo da Licenciatura,7.8477626,26-35,Ate 3k,Muito Longe (21+),6-10 anos,2559.0,0.028571429,1.0,2.6666667,0,15.9,Medio
36,0,Viaja Raramente,928,Vendas,1,2,Ciencias da Vida,2,Masculino,56,3,2,Executivo de Vendas,4,Casado(a),6201,2823,1,Sim,14,3,4,1,18,1,2,18,14,4,11,Medio,Muito Alto,Alto,Muito Alto,Regular,Excelente,Licenciatura,8.732627,36-45,6k-10k,Perto (0-5),11-20 anos,3100.5,0.11111111,1.0,3.3333333,3,4.3,Medio
32,0,Viaja Raramente,117,Vendas,13,4,Ciencias da Vida,2,Masculino,73,3,2,Executivo de Vendas,4,Divorciado(a),4403,9250,2,Nao,11,3,3,1,8,3,2,5,2,0,3,Medio,Muito Alto,Alto,Alto,Regular,Excelente,Doutoramento,8.390268,26-35,3k-6k,Longe (11-20),3-5 anos,2201.5,0.0,0.625,3.0,0,1.3,Baixo
30,0,Viaja Frequentemente,1012,Investigacao e Desenvolvimento,5,4,Ciencias da Vida,2,Masculino,75,2,1,Investigador,4,Divorciado(a),3761,2373,9,Nao,12,3,2,1,10,3,2,5,4,0,3,Medio,Muito Alto,Medio,Medio,Regular,Excelente,Doutoramento,8.232706,26-35,3k-6k,Perto (0-5),3-5 anos,3761.0,0.0,0.5,2.6666667,0,3.9,Medio
53,0,Viaja Raramente,661,Vendas,7,2,Marketing,1,Feminino,78,2,3,Executivo de Vendas,4,Casado(a),10934,20715,7,Sim,18,3,4,1,35,3,3,5,2,0,4,Baixo,Muito Alto,Medio,Muito Alto,Bom,Excelente,Licenciatura,9.299724,46-55,10k-15k,Medio (6-10),3-5 anos,3644.6667,0.0,0.14285715,3.0,2,8.9,Medio
45,0,Viaja Raramente,930,Vendas,9,3,Marketing,4,Masculino,74,3,3,Executivo de Vendas,1,Divorciado(a),10761,19239,4,Sim,12,3,3,1,18,2,3,5,4,0,2,Muito Alto,Baixo,Alto,Alto,Bom,Excelente,Mestrado,9.283776,36-45,10k-15k,Medio (6-10),3-5 anos,3587.0,0.0,0.2777778,2.6666667,2,14.3,Medio
32,0,Viaja Raramente,638,Investigacao e Desenvolvimento,8,2,Medicina,3,Feminino,91,4,2,Investigador,3,Casado(a),5175,22162,5,Nao,12,3,3,1,9,3,2,5,3,1,3,Alto,Alto,Muito Alto,Alto,Regular,Excelente,Licenciatura,8.551787,26-35,3k-6k,Medio (6-10),3-5 anos,2587.5,0.03125,0.5555556,3.0,0,2.1,Baixo
52,0,Viaja Frequentemente,890,Investigacao e Desenvolvimento,25,4,Medicina,3,Feminino,81,2,4,Director de Producao,4,Casado(a),13826,19028,3,Nao,22,4,3,0,31,3,3,9,8,0,0,Alto,Muito Alto,Medio,Alto,Bom,Excecional,Doutoramento,9.534378,46-55,10k-15k,Muito Longe (21+),6-10 anos,3456.5,0.0,0.29032257,3.3333333,0,5.2,Medio
37,0,Viaja Raramente,342,Vendas,16,4,Marketing,4,Masculino,66,2,2,Executivo de Vendas,3,Divorciado(a),6334,24558,4,Nao,19,3,4,2,9,2,3,1,0,0,0,Muito Alto,Alto,Medio,Muito Alto,Bom,Excelente,Doutoramento,8.753845,36-45,6k-10k,Longe (11-20),0-2 anos,3167.0,0.0,0.11111111,3.6666667,0,1.3,Baixo
28,0,Viaja Raramente,1169,Recursos Humanos,8,2,Medicina,2,Masculino,63,2,1,Recursos Humanos,4,Divorciado(a),4936,23965,1,Nao,13,3,4,1,6,6,3,5,1,0,4,Medio,Muito Alto,Medio,Muito Alto,Bom,Excelente,Licenciatura,8.504513,26-35,3k-6k,Medio (6-10),3-5 anos,4936.0,0.0,0.8333333,3.3333333,0,2.2,Baixo
22,0,Viaja Raramente,1230,Investigacao e Desenvolvimento,1,2,Ciencias da Vida,4,Masculino,33,2,2,Director de Producao,4,Casado(a),4775,19146,6,Nao,22,4,1,2,4,2,1,2,2,2,2,Muito Alto,Muito Alto,Medio,Baixo,Mau,Excecional,Licenciatura,8.471358,18-25,3k-6k,Perto (0-5),0-2 anos,2387.5,0.09090909,0.5,3.0,0,24.9,Alto
44,0,Viaja Raramente,986,Investigacao e Desenvolvimento,8,4,Ciencias da Vida,1,Masculino,62,4,1,Tecnico de Laboratorio,4,Casado(a),2818,5044,2,Sim,24,4,3,1,10,2,2,3,2,0,2,Baixo,Muito Alto,Muito Alto,Alto,Regular,Excecional,Doutoramento,7.9441376,36-45,Ate 3k,Medio (6-10),3-5 anos,2818.0,0.0,0.3,2.6666667,3,5.7,Medio
42,0,Viaja Frequentemente,1271,Investigacao e Desenvolvimento,2,1,Medicina,2,Masculino,35,3,1,Investigador,4,Solteiro(a),2515,9068,5,Sim,14,3,4,0,8,2,3,2,1,2,2,Medio,Muito Alto,Alto,Muito Alto,Bom,Excelente,Abaixo da Licenciatura,7.8304257,36-45,Ate 3k,Perto (0-5),0-2 anos,2515.0,0.04761905,0.25,3.3333333,2,31.4,Alto
36,0,Viaja Raramente,1278,Recursos Humanos,8,3,Ciencias da Vida,1,Masculino,77,2,1,Recursos Humanos,1,Casado(a),2342,8635,0,Nao,21,4,3,0,6,3,3,5,4,0,3,Baixo,Baixo,Medio,Alto,Bom,Excecional,Mestrado,7.759187,36-45,Ate 3k,Medio (6-10),3-5 anos,2342.0,0.0,0.8333333,1.6666666,0,53.5,Alto
25,0,Viaja Raramente,141,Vendas,3,1,Outro,3,Masculino,98,3,2,Executivo de Vendas,1,Casado(a),4194,14363,1,Sim,18,3,4,0,5,3,3,5,3,0,3,Alto,Baixo,Alto,Muito Alto,Bom,Excelente,Abaixo da Licenciatura,8.341649,18-25,3k-6k,Perto (0-5),3-5 anos,2097.0,0.0,1.0,2.6666667,2,6.2,Medio
35,0,Viaja Raramente,607,Investigacao e Desenvolvimento,9,3,Ciencias da Vida,4,Feminino,66,2,3,Director de Producao,3,Casado(a),10685,23457,1,Sim,20,4,2,1,17,2,3,17,14,5,15,Muito Alto,Alto,Medio,Medio,Bom,Excecional,Mestrado,9.27669,26-35,10k-15k,Medio (6-10),11-20 anos,3561.6667,0.14285715,1.0,3.0,2,2.4,Baixo
35,1,Viaja Frequentemente,130,Investigacao e Desenvolvimento,25,4,Ciencias da Vida,4,Feminino,96,3,1,Investigador,2,Divorciado(a),2022,16612,1,Sim,19,3,1,1,10,3,2,10,2,7,8,Muito Alto,Medio,Alto,Baixo,Regular,Excelente,Doutoramento,7.6123366,26-35,Ate 3k,Muito Longe (21+),6-10 anos,2022.0,0.2,1.0,2.3333333,3,95.3,Alto
32,0,Sem Viagem,300,Investigacao e Desenvolvimento,1,3,Ciencias da Vida,4,Masculino,61,3,1,Tecnico de Laboratorio,4,Divorciado(a),2314,9148,0,Nao,12,3,2,1,4,2,3,3,0,0,2,Muito Alto,Muito Alto,Alto,Medio,Bom,Excelente,Mestrado,7.747165,26-35,Ate 3k,Perto (0-5),3-5 anos,2314.0,0.0,0.75,3.3333333,0,0.5,Baixo
25,0,Viaja Raramente,583,Vendas,4,1,Marketing,3,Masculino,87,2,2,Executivo de Vendas,1,Casado(a),4256,18154,1,Nao,12,3,1,0,5,1,4,5,2,0,3,Alto,Baixo,Medio,Baixo,Excelente,Excelente,Abaixo da Licenciatura,8.35632,18-25,3k-6k,Perto (0-5),3-5 anos,2128.0,0.0,1.0,1.6666666,0,46.5,Alto
49,0,Viaja Raramente,1418,Investigacao e Desenvolvimento,1,3,Curso Tecnico,3,Feminino,36,3,1,Investigador,1,Casado(a),3580,10554,2,Nao,16,3,2,1,7,2,3,4,2,0,2,Alto,Baixo,Alto,Medio,Bom,Excelente,Mestrado,8.183397,46-55,3k-6k,Perto (0-5),3-5 anos,3580.0,0.0,0.5714286,2.0,0,10.4,Medio
24,0,Sem Viagem,1269,Investigacao e Desenvolvimento,4,1,Ciencias da Vida,1,Masculino,46,2,1,Tecnico de Laboratorio,4,Casado(a),3162,10778,0,Nao,17,3,4,0,6,2,2,5,2,3,4,Baixo,Muito Alto,Medio,Muito Alto,Regular,Excelente,Abaixo da Licenciatura,8.059277,18-25,3k-6k,Perto (0-5),3-5 anos,3162.0,0.125,0.8333333,3.0,0,11.2,Medio
32,0,Viaja Frequentemente,379,Vendas,5,2,Ciencias da Vida,2,Masculino,48,3,2,Executivo de Vendas,2,Casado(a),6524,8891,1,Nao,14,3,4,1,10,3,3,10,8,5,3,Medio,Medio,Alto,Muito Alto,Bom,Excelente,Licenciatura,8.783396,26-35,6k-10k,Perto (0-5),6-10 anos,3262.0,0.15625,1.0,2.6666667,0,8.2,Medio
38,0,Viaja Raramente,395,Vendas,9,3,Marketing,2,Masculino,98,2,1,Representante de Vendas,2,Casado(a),2899,12102,0,Nao,19,3,4,1,3,3,3,2,2,1,2,Medio,Medio,Medio,Muito Alto,Bom,Excelente,Mestrado,7.972466,36-45,Ate 3k,Medio (6-10),0-2 anos,2899.0,0.02631579,0.6666667,2.6666667,0,11.6,Medio
42,0,Viaja Raramente,1265,Investigacao e Desenvolvimento,3,3,Ciencias da Vida,3,Feminino,95,4,2,Tecnico de Laboratorio,4,Casado(a),5231,23726,2,Sim,13,3,2,1,17,1,2,5,3,1,3,Alto,Muito Alto,Muito Alto,Medio,Regular,Excelente,Mestrado,8.562549,36-45,3k-6k,Perto (0-5),3-5 anos,2615.5,0.023809524,0.29411766,3.0,3,0.9,Baixo
31,0,Viaja Raramente,1222,Investigacao e Desenvolvimento,11,4,Ciencias da Vida,4,Masculino,48,3,1,Investigador,4,Casado(a),2356,14871,3,Sim,19,3,2,1,8,2,3,6,4,0,2,Muito Alto,Muito Alto,Alto,Medio,Bom,Excelente,Doutoramento,7.765145,26-35,Ate 3k,Longe (11-20),6-10 anos,2356.0,0.0,0.75,3.3333333,2,9.8,Medio
29,1,Viaja Raramente,341,Vendas,1,3,Medicina,2,Feminino,48,2,1,Representante de Vendas,3,Divorciado(a),2800,23522,6,Sim,19,3,3,3,5,3,3,3,2,0,2,Medio,Alto,Medio,Alto,Bom,Excelente,Mestrado,7.9377317,26-35,Ate 3k,Perto (0-5),3-5 anos,2800.0,0.0,0.6,2.6666667,2,96.8,Alto
53,0,Viaja Raramente,868,Vendas,8,3,Marketing,1,Masculino,73,3,4,Executivo de Vendas,4,Casado(a),11836,22789,5,Nao,14,3,3,1,28,3,3,2,0,2,2,Baixo,Muito Alto,Alto,Alto,Bom,Excelente,Mestrado,9.378985,46-55,10k-15k,Medio (6-10),0-2 anos,2959.0,0.03773585,0.071428575,2.6666667,0,26.1,Alto
35,0,Viaja Raramente,672,Investigacao e Desenvolvimento,25,3,Curso Tecnico,4,Masculino,78,2,3,Director de Producao,2,Casado(a),10903,9129,3,Nao,16,3,1,0,16,2,3,13,10,4,8,Muito Alto,Medio,Medio,Baixo,Bom,Excelente,Mestrado,9.296885,26-35,10k-15k,Muito Longe (21+),11-20 anos,3634.3333,0.114285715,0.8125,2.3333333,0,33.6,Alto
37,0,Viaja Frequentemente,1231,Vendas,21,2,Medicina,3,Feminino,54,3,1,Representante de Vendas,4,Casado(a),2973,21222,5,Nao,15,3,2,1,10,3,3,5,4,0,0,Alto,Muito Alto,Alto,Medio,Bom,Excelente,Licenciatura,7.997663,36-45,Ate 3k,Muito Longe (21+),3-5 anos,2973.0,0.0,0.5,3.0,0,5.9,Medio
53,0,Viaja Raramente,102,Investigacao e Desenvolvimento,23,4,Ciencias da Vida,4,Feminino,72,3,4,Director de Investigacao,4,Solteiro(a),14275,20206,6,Nao,18,3,3,0,33,0,3,12,9,3,8,Muito Alto,Muito Alto,Alto,Alto,Bom,Excelente,Doutoramento,9.566335,46-55,10k-15k,Muito Longe (21+),11-20 anos,3568.75,0.056603774,0.36363637,3.6666667,0,4.1,Medio
43,0,Viaja Frequentemente,422,Investigacao e Desenvolvimento,1,3,Ciencias da Vida,4,Feminino,33,3,2,Representante de Saude,4,Casado(a),5562,21782,4,Nao,13,3,2,1,12,2,2,5,2,2,2,Muito Alto,Muito Alto,Alto,Medio,Regular,Excelente,Mestrado,8.623893,36-45,3k-6k,Perto (0-5),3-5 anos,2781.0,0.046511628,0.41666666,3.3333333,0,0.3,Baixo
47,0,Viaja Raramente,249,Vendas,2,2,Marketing,3,Feminino,35,3,2,Executivo de Vendas,4,Casado(a),4537,17783,0,Sim,22,4,1,1,8,2,3,7,6,7,7,Alto,Muito Alto,Alto,Baixo,Bom,Excecional,Licenciatura,8.420241,46-55,3k-6k,Perto (0-5),6-10 anos,2268.5,0.14893617,0.875,2.6666667,2,5.9,Medio
37,0,Sem Viagem,1252,Vendas,19,2,Medicina,1,Masculino,32,3,3,Executivo de Vendas,2,Solteiro(a),7642,4814,1,Sim,13,3,4,0,10,2,3,10,0,0,9,Baixo,Medio,Alto,Muito Alto,Bom,Excelente,Licenciatura,8.9415455,36-45,6k-10k,Longe (11-20),6-10 anos,2547.3333,0.0,1.0,2.3333333,2,36.8,Alto
50,0,Sem Viagem,881,Investigacao e Desenvolvimento,2,4,Ciencias da Vida,1,Masculino,98,3,4,Gestor,1,Divorciado(a),17924,4544,1,Nao,11,3,4,1,31,3,3,31,6,14,7,Baixo,Baixo,Alto,Muito Alto,Bom,Excelente,Doutoramento,9.793952,46-55,Acima 15k,Perto (0-5),20+ anos,4481.0,0.28,1.0,2.0,0,5.4,Medio
39,0,Viaja Raramente,1383,Recursos Humanos,2,3,Ciencias da Vida,4,Feminino,42,2,2,Recursos Humanos,4,Casado(a),5204,7790,8,Nao,11,3,3,2,13,2,3,5,4,0,4,Muito Alto,Muito Alto,Medio,Alto,Bom,Excelente,Mestrado,8.557375,36-45,3k-6k,Perto (0-5),3-5 anos,2602.0,0.0,0.3846154,3.6666667,0,1.1,Baixo
33,0,Viaja Raramente,1075,Recursos Humanos,3,2,Recursos Humanos,4,Masculino,57,3,1,Recursos Humanos,2,Divorciado(a),2277,22650,3,Sim,11,3,3,1,7,4,4,4,3,0,3,Muito Alto,Medio,Alto,Alto,Excelente,Excelente,Licenciatura,7.7310534,26-35,Ate 3k,Perto (0-5),3-5 anos,2277.0,0.0,0.5714286,3.0,1,37.0,Alto
32,1,Viaja Raramente,374,Investigacao e Desenvolvimento,25,4,Ciencias da Vida,1,Masculino,87,3,1,Tecnico de Laboratorio,4,Solteiro(a),2795,18016,1,Sim,24,4,3,0,1,2,1,1,0,0,1,Baixo,Muito Alto,Alto,Alto,Mau,Excecional,Doutoramento,7.935945,26-35,Ate 3k,Muito Longe (21+),0-2 anos,2795.0,0.0,1.0,2.6666667,4,98.8,Alto
29,0,Viaja Raramente,1086,Investigacao e Desenvolvimento,7,1,Medicina,1,Feminino,62,2,1,Tecnico de Laboratorio,4,Divorciado(a),2532,6054,6,Nao,14,3,3,3,8,5,3,4,3,0,3,Baixo,Muito Alto,Medio,Alto,Bom,Excelente,Abaixo da Licenciatura,7.8371596,26-35,Ate 3k,Medio (6-10),3-5 anos,2532.0,0.0,0.5,2.6666667,0,11.9,Medio
44,0,Viaja Raramente,661,Investigacao e Desenvolvimento,9,2,Ciencias da Vida,2,Masculino,61,3,1,Investigador,1,Casado(a),2559,7508,1,Sim,13,3,4,0,8,0,3,8,7,7,1,Medio,Baixo,Alto,Muito Alto,Bom,Excelente,Licenciatura,7.8477626,36-45,Ate 3k,Medio (6-10),6-10 anos,2559.0,0.1590909,1.0,2.3333333,2,52.9,Alto
28,0,Viaja Raramente,821,Vendas,5,4,Medicina,1,Masculino,98,3,2,Executivo de Vendas,4,Solteiro(a),4908,24252,1,Nao,14,3,2,0,4,3,3,4,2,0,2,Baixo,Muito Alto,Alto,Medio,Bom,Excelente,Doutoramento,8.498825,26-35,3k-6k,Perto (0-5),3-5 anos,2454.0,0.0,1.0,2.3333333,0,1.0,Baixo
58,1,Viaja Frequentemente,781,Investigacao e Desenvolvimento,2,1,Ciencias da Vida,4,Masculino,57,2,1,Tecnico de Laboratorio,4,Divorciado(a),2380,13384,9,Sim,14,3,4,1,3,3,2,1,0,0,0,Muito Alto,Muito Alto,Medio,Muito Alto,Regular,Excelente,Abaixo da Licenciatura,7.7752757,56-65,Ate 3k,Perto (0-5),0-2 anos,2380.0,0.0,0.33333334,4.0,3,95.8,Alto
43,0,Viaja Raramente,177,Investigacao e Desenvolvimento,8,3,Ciencias da Vida,1,Feminino,55,3,2,Director de Producao,2,Divorciado(a),4765,23814,4,Nao,21,4,3,1,4,2,4,1,0,0,0,Baixo,Medio,Alto,Alto,Excelente,Excecional,Mestrado,8.469263,36-45,3k-6k,Medio (6-10),0-2 anos,2382.5,0.0,0.25,2.0,0,25.4,Alto
20,1,Viaja Raramente,500,Vendas,2,3,Medicina,3,Feminino,49,2,1,Representante de Vendas,3,Solteiro(a),2044,22052,1,Nao,13,3,4,0,2,3,2,2,2,0,2,Alto,Alto,Medio,Muito Alto,Regular,Excelente,Mestrado,7.623153,18-25,Ate 3k,Perto (0-5),0-2 anos,2044.0,0.0,1.0,3.3333333,0,89.3,Alto
21,1,Viaja Raramente,1427,Investigacao e Desenvolvimento,18,1,Outro,4,Feminino,65,3,1,Investigador,4,Solteiro(a),2693,8870,1,Nao,19,3,1,0,1,3,2,1,0,0,0,Muito Alto,Muito Alto,Alto,Baixo,Regular,Excelente,Abaixo da Licenciatura,7.8987823,18-25,Ate 3k,Longe (11-20),0-2 anos,2693.0,0.0,1.0,3.0,0,94.7,Alto
36,0,Viaja Raramente,1425,Investigacao e Desenvolvimento,14,1,Ciencias da Vida,3,Masculino,68,3,2,Representante de Saude,4,Casado(a),6586,4821,0,Sim,17,3,1,1,17,2,2,16,8,4,11,Alto,Muito Alto,Alto,Baixo,Regular,Excelente,Abaixo da Licenciatura,8.792853,36-45,6k-10k,Longe (11-20),11-20 anos,3293.0,0.11111111,0.9411765,2.6666667,3,7.2,Medio
47,0,Viaja Raramente,1454,Vendas,2,4,Ciencias da Vida,4,Feminino,65,2,1,Representante de Vendas,4,Solteiro(a),3294,13137,1,Sim,18,3,1,0,3,3,2,3,2,1,2,Muito Alto,Muito Alto,Medio,Baixo,Regular,Excelente,Doutoramento,8.100162,46-55,3k-6k,Perto (0-5),3-5 anos,3294.0,0.021276595,1.0,3.0,3,39.2,Alto
22,1,Viaja Raramente,617,Investigacao e Desenvolvimento,3,1,Ciencias da Vida,2,Feminino,34,3,2,Director de Producao,3,Casado(a),4171,10022,0,Sim,19,3,1,1,4,3,4,3,2,0,2,Medio,Alto,Alto,Baixo,Excelente,Excelente,Abaixo da Licenciatura,8.336151,18-25,3k-6k,Perto (0-5),3-5 anos,2085.5,0.0,0.75,2.0,1,71.0,Alto
41,1,Viaja Raramente,1085,Investigacao e Desenvolvimento,2,4,Ciencias da Vida,2,Feminino,57,1,1,Tecnico de Laboratorio,4,Divorciado(a),2778,17725,4,Sim,13,3,3,1,10,1,2,7,7,1,0,Medio,Muito Alto,Baixo,Alto,Regular,Excelente,Doutoramento,7.9298463,36-45,Ate 3k,Perto (0-5),6-10 anos,2778.0,0.024390243,0.7,3.0,3,95.8,Alto
28,0,Viaja Raramente,995,Investigacao e Desenvolvimento,9,3,Medicina,3,Feminino,77,3,1,Investigador,3,Divorciado(a),2377,9834,5,Nao,18,3,2,1,6,2,3,2,2,2,2,Alto,Alto,Alto,Medio,Bom,Excelente,Mestrado,7.774015,26-35,Ate 3k,Medio (6-10),0-2 anos,2377.0,0.071428575,0.33333334,2.6666667,0,2.3,Baixo
39,1,Viaja Raramente,1122,Investigacao e Desenvolvimento,6,3,Medicina,4,Masculino,70,3,1,Tecnico de Laboratorio,1,Casado(a),2404,4303,7,Sim,21,4,4,0,8,2,1,2,2,2,2,Muito Alto,Baixo,Alto,Muito Alto,Mau,Excecional,Mestrado,7.785305,36-45,Ate 3k,Medio (6-10),0-2 anos,2404.0,0.051282052,0.25,3.0,4,98.3,Alto
27,0,Viaja Raramente,618,Investigacao e Desenvolvimento,4,3,Ciencias da Vida,2,Feminino,76,3,1,Investigador,3,Solteiro(a),2318,17808,1,Nao,19,3,3,0,1,2,3,1,1,0,0,Medio,Alto,Alto,Alto,Bom,Excelente,Mestrado,7.7488914,26-35,Ate 3k,Perto (0-5),0-2 anos,2318.0,0.0,1.0,2.6666667,0,33.7,Alto
34,0,Viaja Raramente,546,Investigacao e Desenvolvimento,10,3,Ciencias da Vida,2,Masculino,83,3,1,Tecnico de Laboratorio,2,Divorciado(a),2008,6896,1,Nao,14,3,2,2,1,3,3,1,0,1,0,Medio,Medio,Alto,Medio,Bom,Excelente,Mestrado,7.6053925,26-35,Ate 3k,Medio (6-10),0-2 anos,2008.0,0.029411765,1.0,2.0,0,40.7,Alto
42,0,Viaja Raramente,462,Vendas,14,2,Medicina,3,Feminino,68,2,2,Executivo de Vendas,3,Solteiro(a),6244,7824,7,Nao,17,3,1,0,10,6,3,5,4,0,3,Alto,Alto,Medio,Baixo,Bom,Excelente,Licenciatura,8.739536,36-45,6k-10k,Longe (11-20),3-5 anos,3122.0,0.0,0.5,2.3333333,0,12.7,Medio
33,0,Viaja Raramente,1198,Investigacao e Desenvolvimento,1,4,Outro,3,Masculino,100,2,1,Investigador,1,Solteiro(a),2799,3339,3,Sim,11,3,2,0,6,1,3,3,2,0,2,Alto,Baixo,Medio,Medio,Bom,Excelente,Doutoramento,7.9373746,26-35,Ate 3k,Perto (0-5),3-5 anos,2799.0,0.0,0.5,2.0,2,66.9,Alto
58,0,Viaja Raramente,1272,Investigacao e Desenvolvimento,5,3,Curso Tecnico,3,Feminino,37,2,3,Representante de Saude,2,Divorciado(a),10552,9255,2,Sim,13,3,4,1,24,3,3,6,0,0,4,Alto,Medio,Medio,Muito Alto,Bom,Excelente,Mestrado,9.264166,56-65,10k-15k,Perto (0-5),6-10 anos,3517.3333,0.0,0.25,3.0,2,15.1,Medio
31,0,Viaja Raramente,154,Vendas,7,4,Ciencias da Vida,2,Masculino,41,2,1,Representante de Vendas,3,Casado(a),2329,11737,3,Nao,15,3,2,0,13,2,4,7,7,5,2,Medio,Alto,Medio,Medio,Excelente,Excelente,Doutoramento,7.7536235,26-35,Ate 3k,Medio (6-10),6-10 anos,2329.0,0.16129032,0.53846157,2.3333333,0,52.9,Alto
35,0,Viaja Raramente,1137,Investigacao e Desenvolvimento,21,1,Ciencias da Vida,4,Feminino,51,3,2,Representante de Saude,4,Casado(a),4014,19170,1,Sim,25,4,4,1,10,2,1,10,6,0,7,Muito Alto,Muito Alto,Alto,Muito Alto,Mau,Excecional,Abaixo da Licenciatura,8.297792,26-35,3k-6k,Muito Longe (21+),6-10 anos,2007.0,0.0,1.0,4.0,4,0.7,Baixo
49,0,Viaja Raramente,527,Investigacao e Desenvolvimento,8,2,Outro,1,Feminino,51,3,3,Tecnico de Laboratorio,2,Casado(a),7403,22477,4,Nao,11,3,3,1,29,3,2,26,9,1,7,Baixo,Medio,Alto,Alto,Regular,Excelente,Licenciatura,8.909776,46-55,6k-10k,Medio (6-10),20+ anos,2467.6667,0.020408163,0.8965517,2.0,0,14.5,Medio
48,0,Viaja Raramente,1469,Investigacao e Desenvolvimento,20,4,Medicina,4,Masculino,51,3,1,Investigador,3,Casado(a),2259,5543,4,Nao,17,3,1,2,13,2,2,0,0,0,0,Muito Alto,Alto,Alto,Baixo,Regular,Excelente,Doutoramento,7.72312,46-55,Ate 3k,Longe (11-20),0-2 anos,2259.0,0.0,0.0,2.6666667,0,13.7,Medio
31,0,Sem Viagem,1188,Vendas,20,2,Marketing,4,Feminino,45,3,2,Executivo de Vendas,3,Casado(a),6932,24406,1,Nao,13,3,4,1,9,2,2,9,8,0,0,Muito Alto,Alto,Alto,Muito Alto,Regular,Excelente,Licenciatura,8.844048,26-35,6k-10k,Longe (11-20),6-10 anos,3466.0,0.0,1.0,3.6666667,0,5.0,Medio
36,0,Viaja Raramente,188,Investigacao e Desenvolvimento,7,4,Outro,2,Masculino,65,3,1,Investigador,4,Solteiro(a),4678,23293,2,Nao,18,3,3,0,8,6,3,6,2,0,1,Medio,Muito Alto,Alto,Alto,Bom,Excelente,Doutoramento,8.45084,36-45,3k-6k,Medio (6-10),6-10 anos,4678.0,0.0,0.75,3.0,0,0.2,Baixo
38,0,Viaja Raramente,1333,Investigacao e Desenvolvimento,1,3,Curso Tecnico,4,Feminino,80,3,3,Director de Investigacao,1,Casado(a),13582,16292,1,Nao,13,3,2,1,15,3,3,15,12,5,11,Muito Alto,Baixo,Alto,Medio,Bom,Excelente,Mestrado,9.516574,36-45,10k-15k,Perto (0-5),11-20 anos,4527.3335,0.13157895,1.0,2.3333333,0,0.3,Baixo
32,0,Sem Viagem,1184,Investigacao e Desenvolvimento,1,3,Ciencias da Vida,3,Feminino,70,2,1,Tecnico de Laboratorio,2,Casado(a),2332,3974,6,Nao,20,4,3,0,5,3,3,3,0,0,2,Alto,Medio,Medio,Alto,Bom,Excecional,Mestrado,7.7549105,26-35,Ate 3k,Perto (0-5),3-5 anos,2332.0,0.0,0.6,2.6666667,0,26.0,Alto
25,1,Viaja Raramente,867,Vendas,19,2,Marketing,3,Masculino,36,2,1,Representante de Vendas,2,Casado(a),2413,18798,1,Sim,18,3,3,3,1,2,3,1,0,0,0,Alto,Medio,Medio,Alto,Bom,Excelente,Licenciatura,7.7890406,18-25,Ate 3k,Longe (11-20),0-2 anos,2413.0,0.0,1.0,2.6666667,2,99.8,Alto
40,0,Viaja Raramente,658,Vendas,10,4,Marketing,1,Masculino,67,2,3,Executivo de Vendas,2,Divorciado(a),9705,20652,2,Nao,12,3,2,1,11,2,2,1,0,0,0,Baixo,Medio,Medio,Medio,Regular,Excelente,Doutoramento,9.180499,36-45,6k-10k,Medio (6-10),0-2 anos,3235.0,0.0,0.09090909,1.6666666,0,66.6,Alto
26,0,Viaja Frequentemente,1283,Vendas,1,3,Medicina,3,Masculino,52,2,2,Executivo de Vendas,1,Solteiro(a),4294,11148,1,Nao,12,3,2,0,7,2,3,7,7,0,7,Alto,Baixo,Medio,Medio,Bom,Excelente,Mestrado,8.365207,26-35,3k-6k,Perto (0-5),6-10 anos,2147.0,0.0,1.0,2.0,0,43.6,Alto
41,0,Viaja Raramente,263,Investigacao e Desenvolvimento,6,3,Medicina,4,Masculino,59,3,1,Tecnico de Laboratorio,1,Solteiro(a),4721,3119,2,Sim,13,3,3,0,20,3,3,18,13,2,17,Muito Alto,Baixo,Alto,Alto,Bom,Excelente,Mestrado,8.459988,36-45,3k-6k,Medio (6-10),11-20 anos,4721.0,0.048780486,0.9,2.6666667,2,5.4,Medio
36,0,Viaja Raramente,938,Investigacao e Desenvolvimento,2,4,Medicina,3,Masculino,79,3,1,Tecnico de Laboratorio,3,Solteiro(a),2519,12287,4,Nao,21,4,3,0,16,6,3,11,8,3,9,Alto,Alto,Alto,Alto,Bom,Excecional,Doutoramento,7.832014,36-45,Ate 3k,Perto (0-5),11-20 anos,2519.0,0.083333336,0.6875,3.0,0,0.6,Baixo
19,1,Viaja Raramente,419,Vendas,21,3,Outro,4,Masculino,37,2,1,Representante de Vendas,2,Solteiro(a),2121,9947,1,Sim,13,3,2,0,1,3,4,1,0,0,0,Muito Alto,Medio,Medio,Medio,Excelente,Excelente,Mestrado,7.6601143,18-25,Ate 3k,Muito Longe (21+),0-2 anos,2121.0,0.0,1.0,2.6666667,1,99.4,Alto
20,1,Viaja Raramente,129,Investigacao e Desenvolvimento,4,3,Curso Tecnico,1,Masculino,84,3,1,Tecnico de Laboratorio,1,Solteiro(a),2973,13008,1,Nao,19,3,2,0,1,2,3,1,0,0,0,Baixo,Baixo,Alto,Medio,Bom,Excelente,Mestrado,7.997663,18-25,Ate 3k,Perto (0-5),0-2 anos,2973.0,0.0,1.0,1.3333334,0,98.8,Alto
31,0,Viaja Raramente,616,Investigacao e Desenvolvimento,12,3,Medicina,4,Feminino,41,3,2,Representante de Saude,4,Casado(a),5855,17369,0,Sim,11,3,3,2,10,2,1,9,7,8,5,Muito Alto,Muito Alto,Alto,Alto,Mau,Excelente,Mestrado,8.675222,26-35,3k-6k,Longe (11-20),6-10 anos,2927.5,0.2580645,0.9,3.6666667,4,18.0,Medio
40,0,Viaja Frequentemente,1469,Investigacao e Desenvolvimento,9,4,Medicina,4,Masculino,35,3,1,Investigador,2,Divorciado(a),3617,25063,8,Sim,14,3,4,1,3,2,3,1,1,0,0,Muito Alto,Medio,Alto,Muito Alto,Bom,Excelente,Doutoramento,8.193677,36-45,3k-6k,Medio (6-10),0-2 anos,3617.0,0.0,0.33333334,3.3333333,2,33.1,Alto
32,0,Viaja Raramente,498,Investigacao e Desenvolvimento,3,4,Medicina,3,Feminino,93,3,2,Director de Producao,1,Casado(a),6725,13554,1,Nao,12,3,3,1,8,2,4,8,7,6,3,Alto,Baixo,Alto,Alto,Excelente,Excelente,Doutoramento,8.813736,26-35,6k-10k,Perto (0-5),6-10 anos,3362.5,0.1875,1.0,2.3333333,0,0.8,Baixo
36,1,Viaja Raramente,530,Vendas,3,1,Ciencias da Vida,3,Masculino,51,2,3,Executivo de Vendas,4,Casado(a),10325,5518,1,Sim,11,3,1,1,16,6,3,16,7,3,7,Alto,Muito Alto,Medio,Baixo,Bom,Excelente,Abaixo da Licenciatura,9.24242,36-45,10k-15k,Perto (0-5),11-20 anos,3441.6667,0.083333336,1.0,2.6666667,2,93.6,Alto
33,0,Viaja Raramente,1069,Investigacao e Desenvolvimento,1,3,Ciencias da Vida,2,Feminino,42,2,2,Representante de Saude,4,Solteiro(a),6949,12291,0,Nao,14,3,1,0,6,3,3,5,0,1,4,Medio,Muito Alto,Medio,Baixo,Bom,Excelente,Mestrado,8.846497,26-35,6k-10k,Perto (0-5),3-5 anos,3474.5,0.030303031,0.8333333,2.3333333,0,2.4,Baixo
37,1,Viaja Raramente,625,Vendas,1,4,Ciencias da Vida,1,Masculino,46,2,3,Executivo de Vendas,3,Casado(a),10609,14922,5,Nao,11,3,3,0,17,2,1,14,1,11,7,Baixo,Alto,Medio,Alto,Mau,Excelente,Doutoramento,9.269552,36-45,10k-15k,Perto (0-5),11-20 anos,3536.3333,0.2972973,0.8235294,2.3333333,0,97.2,Alto
45,0,Sem Viagem,805,Investigacao e Desenvolvimento,4,2,Ciencias da Vida,3,Masculino,57,3,2,Tecnico de Laboratorio,2,Casado(a),4447,23163,1,Nao,12,3,2,0,9,5,2,9,7,0,8,Alto,Medio,Alto,Medio,Regular,Excelente,Licenciatura,8.400209,36-45,3k-6k,Perto (0-5),6-10 anos,2223.5,0.0,1.0,2.3333333,0,2.2,Baixo
29,0,Viaja Frequentemente,1404,Vendas,20,3,Curso Tecnico,3,Feminino,84,3,1,Representante de Vendas,4,Casado(a),2157,18203,1,Nao,15,3,2,1,3,5,3,3,1,0,2,Alto,Muito Alto,Alto,Medio,Bom,Excelente,Mestrado,7.676937,26-35,Ate 3k,Longe (11-20),3-5 anos,2157.0,0.0,1.0,3.0,0,11.0,Medio
35,0,Viaja Raramente,1219,Vendas,18,3,Medicina,3,Feminino,86,3,2,Executivo de Vendas,3,Casado(a),4601,6179,1,Nao,16,3,2,0,5,3,3,5,2,1,0,Alto,Alto,Alto,Medio,Bom,Excelente,Mestrado,8.434246,26-35,3k-6k,Longe (11-20),3-5 anos,2300.5,0.028571429,1.0,2.6666667,0,13.9,Medio
52,0,Viaja Raramente,1053,Investigacao e Desenvolvimento,1,2,Ciencias da Vida,4,Masculino,70,3,4,Gestor,4,Casado(a),17099,13829,2,Nao,15,3,2,1,26,2,2,9,8,7,8,Muito Alto,Muito Alto,Alto,Medio,Regular,Excelente,Licenciatura,9.746834,46-55,Acima 15k,Perto (0-5),6-10 anos,4274.75,0.13461539,0.34615386,3.3333333,0,2.2,Baixo
58,1,Viaja Raramente,289,Investigacao e Desenvolvimento,2,3,Curso Tecnico,4,Masculino,51,3,1,Investigador,3,Solteiro(a),2479,26227,4,Nao,24,4,1,0,7,4,3,1,0,0,0,Muito Alto,Alto,Alto,Baixo,Bom,Excecional,Mestrado,7.816014,56-65,Ate 3k,Perto (0-5),0-2 anos,2479.0,0.0,0.14285715,2.6666667,0,82.2,Alto
53,0,Viaja Raramente,1376,Vendas,2,2,Medicina,3,Masculino,45,3,4,Gestor,3,Divorciado(a),14852,13938,6,Nao,13,3,3,1,22,3,4,17,13,15,2,Alto,Alto,Alto,Alto,Excelente,Excelente,Licenciatura,9.605957,46-55,10k-15k,Perto (0-5),11-20 anos,3713.0,0.28301886,0.77272725,3.0,0,7.8,Medio
30,0,Viaja Raramente,231,Vendas,8,2,Outro,3,Masculino,62,3,3,Executivo de Vendas,3,Divorciado(a),7264,9977,5,Nao,11,3,1,1,10,2,4,8,4,7,7,Alto,Alto,Alto,Baixo,Excelente,Excelente,Licenciatura,8.890823,26-35,6k-10k,Medio (6-10),6-10 anos,2421.3333,0.23333333,0.8,2.3333333,0,45.1,Alto
38,0,Sem Viagem,152,Vendas,10,3,Curso Tecnico,3,Feminino,85,3,2,Executivo de Vendas,4,Solteiro(a),5666,19899,1,Sim,13,3,2,0,6,1,3,5,3,1,3,Alto,Muito Alto,Alto,Medio,Bom,Excelente,Mestrado,8.642415,36-45,3k-6k,Medio (6-10),3-5 anos,2833.0,0.02631579,0.8333333,3.0,2,8.1,Medio
35,0,Viaja Raramente,882,Vendas,3,4,Ciencias da Vida,4,Masculino,92,3,3,Executivo de Vendas,4,Divorciado(a),7823,6812,6,Nao,13,3,2,1,12,2,3,10,9,0,8,Muito Alto,Muito Alto,Alto,Medio,Bom,Excelente,Doutoramento,8.9649515,26-35,6k-10k,Perto (0-5),6-10 anos,2607.6667,0.0,0.8333333,3.3333333,0,1.0,Baixo
39,0,Viaja Raramente,903,Vendas,2,5,Ciencias da Vida,1,Masculino,41,4,3,Executivo de Vendas,3,Solteiro(a),7880,2560,0,Nao,18,3,4,0,9,3,3,8,7,0,7,Baixo,Alto,Muito Alto,Muito Alto,Bom,Excelente,Pos-Doc,8.97221,36-45,6k-10k,Perto (0-5),6-10 anos,2626.6667,0.0,0.8888889,2.6666667,0,0.9,Baixo
40,1,Sem Viagem,1479,Vendas,24,3,Ciencias da Vida,2,Feminino,100,4,4,Executivo de Vendas,2,Solteiro(a),13194,17071,4,Sim,16,3,4,0,22,2,2,1,0,0,0,Medio,Medio,Muito Alto,Muito Alto,Regular,Excelente,Mestrado,9.487594,36-45,10k-15k,Muito Longe (21+),0-2 anos,3298.5,0.0,0.045454547,2.6666667,3,93.8,Alto
47,0,Viaja Frequentemente,1379,Investigacao e Desenvolvimento,16,4,Medicina,3,Masculino,64,4,2,Director de Producao,3,Divorciado(a),5067,6759,1,Sim,19,3,3,0,20,3,4,19,10,2,7,Alto,Alto,Muito Alto,Alto,Excelente,Excelente,Doutoramento,8.530702,46-55,3k-6k,Longe (11-20),11-20 anos,2533.5,0.04255319,0.95,3.0,1,29.3,Alto
36,0,Sem Viagem,1229,Vendas,8,4,Curso Tecnico,1,Masculino,84,3,2,Executivo de Vendas,4,Divorciado(a),5079,25952,4,Nao,13,3,4,2,12,3,3,7,7,0,7,Baixo,Muito Alto,Alto,Muito Alto,Bom,Excelente,Doutoramento,8.533067,36-45,3k-6k,Medio (6-10),6-10 anos,2539.5,0.0,0.5833333,3.0,0,1.0,Baixo
31,1,Sem Viagem,335,Investigacao e Desenvolvimento,9,2,Medicina,3,Masculino,46,2,1,Investigador,1,Solteiro(a),2321,10322,0,Sim,22,4,1,0,4,0,3,3,2,1,2,Alto,Baixo,Medio,Baixo,Bom,Excecional,Licenciatura,7.750184,26-35,Ate 3k,Medio (6-10),3-5 anos,2321.0,0.032258064,0.75,1.6666666,2,99.5,Alto
33,0,Sem Viagem,722,Vendas,17,3,Ciencias da Vida,4,Masculino,38,3,4,Gestor,3,Solteiro(a),17444,20489,1,Nao,11,3,4,0,10,2,3,10,8,6,0,Muito Alto,Alto,Alto,Muito Alto,Bom,Excelente,Mestrado,9.7668085,26-35,Acima 15k,Longe (11-20),6-10 anos,4361.0,0.18181819,1.0,3.6666667,0,15.3,Medio
29,1,Viaja Raramente,906,Investigacao e Desenvolvimento,10,3,Ciencias da Vida,4,Feminino,92,2,1,Investigador,1,Solteiro(a),2404,11479,6,Sim,20,4,3,0,3,5,3,0,0,0,0,Muito Alto,Baixo,Medio,Alto,Bom,Excecional,Mestrado,7.785305,26-35,Ate 3k,Medio (6-10),0-2 anos,2404.0,0.0,0.0,2.6666667,2,98.8,Alto
33,0,Viaja Raramente,461,Investigacao e Desenvolvimento,13,1,Ciencias da Vida,2,Feminino,53,3,1,Investigador,4,Solteiro(a),3452,17241,3,Nao,18,3,1,0,5,4,3,3,2,0,2,Medio,Muito Alto,Alto,Baixo,Bom,Excelente,Abaixo da Licenciatura,8.146998,26-35,3k-6k,Longe (11-20),3-5 anos,3452.0,0.0,0.6,2.3333333,0,4.7,Medio
45,0,Viaja Raramente,974,Investigacao e Desenvolvimento,1,4,Medicina,4,Feminino,91,3,1,Tecnico de Laboratorio,4,Divorciado(a),2270,11005,3,Nao,14,3,4,2,8,2,3,5,3,0,2,Muito Alto,Muito Alto,Alto,Muito Alto,Bom,Excelente,Doutoramento,7.7279754,36-45,Ate 3k,Perto (0-5),3-5 anos,2270.0,0.0,0.625,4.0,0,0.4,Baixo
50,0,Viaja Raramente,1126,Investigacao e Desenvolvimento,1,2,Medicina,4,Masculino,66,3,4,Director de Investigacao,4,Divorciado(a),17399,6615,9,Nao,22,4,3,1,32,1,2,5,4,1,3,Muito Alto,Muito Alto,Alto,Alto,Regular,Excecional,Licenciatura,9.764226,46-55,Acima 15k,Perto (0-5),3-5 anos,4349.75,0.02,0.15625,3.6666667,0,0.5,Baixo
33,0,Viaja Frequentemente,827,Investigacao e Desenvolvimento,1,4,Outro,3,Feminino,84,4,2,Representante de Saude,2,Casado(a),5488,20161,1,Sim,13,3,1,1,6,2,3,6,5,1,2,Alto,Medio,Muito Alto,Baixo,Bom,Excelente,Doutoramento,8.610501,26-35,3k-6k,Perto (0-5),6-10 anos,2744.0,0.030303031,1.0,2.0,2,2.3,Baixo
41,0,Viaja Frequentemente,840,Investigacao e Desenvolvimento,9,3,Medicina,1,Masculino,64,3,5,Director de Investigacao,3,Divorciado(a),19419,3735,2,Nao,17,3,2,1,21,2,4,18,16,0,11,Baixo,Alto,Alto,Medio,Excelente,Excelente,Mestrado,9.874059,36-45,Acima 15k,Medio (6-10),11-20 anos,3883.8,0.0,0.85714287,2.0,0,0.5,Baixo
27,0,Viaja Raramente,1134,Investigacao e Desenvolvimento,16,4,Curso Tecnico,3,Feminino,37,3,1,Tecnico de Laboratorio,2,Casado(a),2811,12086,9,Nao,14,3,2,1,4,2,3,2,2,2,2,Alto,Medio,Alto,Medio,Bom,Excelente,Doutoramento,7.9416513,26-35,Ate 3k,Longe (11-20),0-2 anos,2811.0,0.074074075,0.5,2.3333333,0,16.1,Medio
45,0,Sem Viagem,248,Investigacao e Desenvolvimento,23,2,Ciencias da Vida,4,Masculino,42,3,2,Tecnico de Laboratorio,1,Casado(a),3633,14039,1,Sim,15,3,3,1,9,2,3,9,8,0,8,Muito Alto,Baixo,Alto,Alto,Bom,Excelente,Licenciatura,8.19809,36-45,3k-6k,Muito Longe (21+),6-10 anos,1816.5,0.0,1.0,2.6666667,2,8.3,Medio
47,0,Viaja Raramente,955,Vendas,4,2,Ciencias da Vida,4,Feminino,83,3,2,Executivo de Vendas,4,Solteiro(a),4163,8571,1,Sim,17,3,3,0,9,0,3,9,0,0,7,Muito Alto,Muito Alto,Alto,Alto,Bom,Excelente,Licenciatura,8.334231,46-55,3k-6k,Perto (0-5),6-10 anos,2081.5,0.0,1.0,3.6666667,2,6.0,Medio
30,1,Viaja Raramente,138,Investigacao e Desenvolvimento,22,3,Ciencias da Vida,1,Feminino,48,3,1,Investigador,3,Casado(a),2132,11539,4,Sim,11,3,2,0,7,2,3,5,2,0,1,Baixo,Alto,Alto,Medio,Bom,Excelente,Mestrado,7.6652846,26-35,Ate 3k,Muito Longe (21+),3-5 anos,2132.0,0.0,0.71428573,2.0,2,98.7,Alto
50,0,Viaja Raramente,939,Investigacao e Desenvolvimento,24,3,Ciencias da Vida,4,Masculino,95,3,4,Director de Producao,3,Casado(a),13973,4161,3,Sim,18,3,4,1,22,2,3,12,11,1,5,Muito Alto,Alto,Alto,Muito Alto,Bom,Excelente,Mestrado,9.544953,46-55,10k-15k,Muito Longe (21+),11-20 anos,3493.25,0.02,0.54545456,3.6666667,2,1.7,Baixo
38,0,Viaja Frequentemente,1391,Investigacao e Desenvolvimento,10,1,Medicina,3,Masculino,66,3,1,Investigador,3,Casado(a),2684,12127,0,Nao,17,3,2,1,3,0,2,2,1,0,2,Alto,Alto,Alto,Medio,Regular,Excelente,Abaixo da Licenciatura,7.895436,36-45,Ate 3k,Medio (6-10),0-2 anos,2684.0,0.0,0.6666667,2.6666667,0,15.2,Medio
46,0,Viaja Raramente,566,Investigacao e Desenvolvimento,7,2,Medicina,4,Masculino,75,3,3,Director de Producao,3,Divorciado(a),10845,24208,6,Nao,13,3,2,1,13,3,3,8,7,0,7,Muito Alto,Alto,Alto,Medio,Bom,Excelente,Licenciatura,9.291552,46-55,10k-15k,Medio (6-10),6-10 anos,3615.0,0.0,0.61538464,3.0,0,1.3,Baixo
24,0,Viaja Raramente,1206,Investigacao e Desenvolvimento,17,1,Medicina,4,Feminino,41,2,2,Director de Producao,3,Divorciado(a),4377,24117,1,Nao,15,3,2,2,5,6,3,4,2,3,2,Muito Alto,Alto,Medio,Medio,Bom,Excelente,Abaixo da Licenciatura,8.384347,18-25,3k-6k,Longe (11-20),3-5 anos,2188.5,0.125,0.8,3.0,0,1.0,Baixo
35,1,Viaja Raramente,622,Investigacao e Desenvolvimento,14,4,Outro,3,Masculino,39,2,1,Tecnico de Laboratorio,2,Divorciado(a),3743,10074,1,Sim,24,4,4,1,5,2,1,4,2,0,2,Alto,Medio,Medio,Muito Alto,Mau,Excecional,Doutoramento,8.22791,26-35,3k-6k,Longe (11-20),3-5 anos,3743.0,0.0,0.8,3.0,4,92.3,Alto
31,0,Viaja Frequentemente,853,Investigacao e Desenvolvimento,1,1,Ciencias da Vida,3,Feminino,96,3,2,Director de Producao,1,Casado(a),4148,11275,1,Nao,12,3,3,1,4,1,3,4,3,0,3,Alto,Baixo,Alto,Alto,Bom,Excelente,Abaixo da Licenciatura,8.330623,26-35,3k-6k,Perto (0-5),3-5 anos,2074.0,0.0,1.0,2.3333333,0,2.7,Baixo
18,0,Sem Viagem,287,Investigacao e Desenvolvimento,5,2,Ciencias da Vida,2,Masculino,73,3,1,Investigador,4,Solteiro(a),1051,13493,1,Nao,15,3,4,0,0,2,3,0,0,0,0,Medio,Muito Alto,Alto,Muito Alto,Bom,Excelente,Licenciatura,6.9584484,18-25,Ate 3k,Perto (0-5),0-2 anos,1051.0,0.0,0.0,3.3333333,0,25.5,Alto
54,0,Viaja Raramente,1441,Investigacao e Desenvolvimento,17,3,Curso Tecnico,3,Feminino,56,3,3,Director de Producao,3,Casado(a),10739,13943,8,Nao,11,3,3,1,22,2,3,10,7,0,8,Alto,Alto,Alto,Alto,Bom,Excelente,Mestrado,9.281731,46-55,10k-15k,Longe (11-20),6-10 anos,3579.6667,0.0,0.45454547,3.0,0,5.2,Medio
35,0,Viaja Raramente,583,Investigacao e Desenvolvimento,25,4,Medicina,3,Feminino,57,3,3,Representante de Saude,3,Divorciado(a),10388,6975,1,Sim,11,3,3,1,16,3,2,16,10,10,1,Alto,Alto,Alto,Alto,Regular,Excelente,Doutoramento,9.248503,26-35,10k-15k,Muito Longe (21+),11-20 anos,3462.6667,0.2857143,1.0,3.0,3,15.2,Medio
30,0,Viaja Raramente,153,Investigacao e Desenvolvimento,8,2,Ciencias da Vida,2,Feminino,73,4,3,Director de Investigacao,1,Casado(a),11416,17802,0,Sim,12,3,3,3,9,4,2,8,7,1,7,Medio,Baixo,Muito Alto,Alto,Regular,Excelente,Licenciatura,9.342858,26-35,10k-15k,Medio (6-10),6-10 anos,3805.3333,0.033333335,0.8888889,2.0,3,3.0,Baixo
20,1,Viaja Raramente,1097,Investigacao e Desenvolvimento,11,3,Medicina,4,Feminino,98,2,1,Investigador,1,Solteiro(a),2600,18275,1,Sim,15,3,1,0,1,2,3,1,0,0,0,Muito Alto,Baixo,Medio,Baixo,Bom,Excelente,Mestrado,7.8636513,18-25,Ate 3k,Longe (11-20),0-2 anos,2600.0,0.0,1.0,2.0,2,99.3,Alto
30,1,Viaja Frequentemente,109,Investigacao e Desenvolvimento,5,3,Medicina,2,Feminino,60,3,1,Tecnico de Laboratorio,2,Solteiro(a),2422,25725,0,Nao,17,3,1,0,4,3,3,3,2,1,2,Medio,Medio,Alto,Baixo,Bom,Excelente,Mestrado,7.792762,26-35,Ate 3k,Perto (0-5),3-5 anos,2422.0,0.033333335,0.75,1.6666666,0,98.1,Alto
26,0,Viaja Raramente,1066,Investigacao e Desenvolvimento,2,2,Medicina,4,Masculino,32,4,2,Director de Producao,4,Casado(a),5472,3334,1,Nao,12,3,2,0,8,2,3,8,7,1,3,Muito Alto,Muito Alto,Muito Alto,Medio,Bom,Excelente,Licenciatura,8.607582,26-35,3k-6k,Perto (0-5),6-10 anos,2736.0,0.03846154,1.0,3.3333333,0,0.3,Baixo
22,0,Viaja Raramente,217,Investigacao e Desenvolvimento,8,1,Ciencias da Vida,2,Masculino,94,1,1,Tecnico de Laboratorio,1,Casado(a),2451,6881,1,Nao,15,3,1,1,4,3,2,4,3,1,1,Medio,Baixo,Baixo,Baixo,Regular,Excelente,Abaixo da Licenciatura,7.8046594,18-25,Ate 3k,Medio (6-10),3-5 anos,2451.0,0.045454547,1.0,1.3333334,0,75.0,Alto
48,0,Viaja Raramente,277,Investigacao e Desenvolvimento,6,3,Ciencias da Vida,1,Masculino,97,2,2,Representante de Saude,3,Solteiro(a),4240,13119,2,Nao,13,3,4,0,19,0,3,2,2,2,2,Baixo,Alto,Medio,Muito Alto,Bom,Excelente,Mestrado,8.352554,46-55,3k-6k,Medio (6-10),0-2 anos,2120.0,0.041666668,0.10526316,2.6666667,0,3.0,Baixo
48,0,Viaja Raramente,1355,Investigacao e Desenvolvimento,4,4,Ciencias da Vida,3,Masculino,78,2,3,Representante de Saude,3,Solteiro(a),10999,22245,7,Nao,14,3,2,0,27,3,3,15,11,4,8,Alto,Alto,Medio,Medio,Bom,Excelente,Doutoramento,9.305651,46-55,10k-15k,Perto (0-5),11-20 anos,3666.3333,0.083333336,0.5555556,2.6666667,0,6.4,Medio
41,0,Viaja Raramente,549,Investigacao e Desenvolvimento,7,2,Medicina,4,Feminino,42,3,2,Director de Producao,3,Solteiro(a),5003,23371,6,Nao,14,3,2,0,8,6,3,2,2,2,1,Muito Alto,Alto,Alto,Medio,Bom,Excelente,Licenciatura,8.517993,36-45,3k-6k,Medio (6-10),0-2 anos,2501.5,0.048780486,0.25,3.0,0,2.2,Baixo
39,0,Viaja Raramente,466,Investigacao e Desenvolvimento,1,1,Ciencias da Vida,4,Feminino,65,2,4,Director de Producao,4,Casado(a),12742,7060,1,Nao,16,3,3,1,21,3,3,21,6,11,8,Muito Alto,Muito Alto,Medio,Alto,Bom,Excelente,Abaixo da Licenciatura,9.452738,36-45,10k-15k,Perto (0-5),20+ anos,3185.5,0.2820513,1.0,3.6666667,0,3.9,Medio
27,0,Viaja Raramente,1055,Investigacao e Desenvolvimento,2,4,Ciencias da Vida,1,Feminino,47,3,2,Director de Producao,4,Casado(a),4227,4658,0,Nao,18,3,2,1,4,2,3,3,2,2,2,Baixo,Muito Alto,Alto,Medio,Bom,Excelente,Doutoramento,8.349484,26-35,3k-6k,Perto (0-5),3-5 anos,2113.5,0.074074075,0.75,2.3333333,0,0.4,Baixo
35,0,Viaja Raramente,802,Investigacao e Desenvolvimento,10,3,Outro,2,Masculino,45,3,1,Tecnico de Laboratorio,4,Divorciado(a),3917,9541,1,Nao,20,4,1,1,3,4,2,3,2,1,2,Medio,Muito Alto,Alto,Baixo,Regular,Excecional,Mestrado,8.273336,26-35,3k-6k,Medio (6-10),3-5 anos,3917.0,0.028571429,1.0,2.3333333,0,1.7,Baixo
42,0,Viaja Raramente,265,Vendas,5,2,Marketing,4,Masculino,90,3,5,Gestor,3,Casado(a),18303,7770,6,Nao,13,3,2,0,21,3,4,1,0,0,0,Muito Alto,Alto,Alto,Medio,Excelente,Excelente,Licenciatura,9.814875,36-45,Acima 15k,Perto (0-5),0-2 anos,3660.6,0.0,0.04761905,3.0,0,5.1,Medio
50,0,Viaja Raramente,804,Investigacao e Desenvolvimento,9,3,Ciencias da Vida,1,Masculino,64,3,1,Tecnico de Laboratorio,4,Casado(a),2380,20165,4,Nao,18,3,2,0,8,5,3,1,0,0,0,Baixo,Muito Alto,Alto,Medio,Bom,Excelente,Mestrado,7.7752757,46-55,Ate 3k,Medio (6-10),0-2 anos,2380.0,0.0,0.125,2.3333333,0,25.4,Alto
59,0,Viaja Raramente,715,Investigacao e Desenvolvimento,2,3,Ciencias da Vida,3,Feminino,69,2,4,Director de Producao,4,Solteiro(a),13726,21829,3,Sim,13,3,1,0,30,4,3,5,3,4,3,Alto,Muito Alto,Medio,Baixo,Bom,Excelente,Mestrado,9.52712,56-65,10k-15k,Perto (0-5),3-5 anos,3431.5,0.06779661,0.16666667,2.6666667,2,12.0,Medio
37,1,Viaja Raramente,1141,Investigacao e Desenvolvimento,11,2,Medicina,1,Feminino,61,1,2,Representante de Saude,2,Casado(a),4777,14382,5,Nao,15,3,1,0,15,2,1,1,0,0,0,Baixo,Medio,Baixo,Baixo,Mau,Excelente,Licenciatura,8.471777,36-45,3k-6k,Longe (11-20),0-2 anos,2388.5,0.0,0.06666667,1.3333334,0,99.4,Alto
55,0,Viaja Frequentemente,135,Investigacao e Desenvolvimento,18,4,Medicina,3,Masculino,62,3,2,Representante de Saude,2,Casado(a),6385,12992,3,Sim,14,3,4,2,17,3,3,8,7,6,7,Alto,Medio,Alto,Muito Alto,Bom,Excelente,Doutoramento,8.761864,46-55,6k-10k,Longe (11-20),6-10 anos,3192.5,0.10909091,0.47058824,3.0,2,8.4,Medio
41,0,Sem Viagem,247,Investigacao e Desenvolvimento,7,1,Ciencias da Vida,2,Feminino,55,1,5,Director de Investigacao,3,Divorciado(a),19973,20284,1,Nao,22,4,2,2,21,3,3,21,16,5,10,Medio,Alto,Baixo,Medio,Bom,Excecional,Abaixo da Licenciatura,9.902186,36-45,Acima 15k,Medio (6-10),20+ anos,3994.6,0.12195122,1.0,2.3333333,0,0.8,Baixo
38,0,Viaja Raramente,1035,Vendas,3,4,Ciencias da Vida,2,Masculino,42,3,2,Executivo de Vendas,4,Solteiro(a),6861,4981,8,Sim,12,3,3,0,19,1,3,1,0,0,0,Medio,Muito Alto,Alto,Alto,Bom,Excelente,Doutoramento,8.833755,36-45,6k-10k,Perto (0-5),0-2 anos,3430.5,0.0,0.05263158,3.0,2,37.2,Alto
26,1,Sem Viagem,265,Vendas,29,2,Medicina,2,Masculino,79,1,2,Executivo de Vendas,1,Solteiro(a),4969,21813,8,Nao,18,3,4,0,7,6,3,2,2,2,2,Medio,Baixo,Baixo,Muito Alto,Bom,Excelente,Licenciatura,8.511175,26-35,3k-6k,Muito Longe (21+),0-2 anos,2484.5,0.07692308,0.2857143,2.3333333,0,92.6,Alto
52,1,Viaja Raramente,266,Vendas,2,1,Marketing,1,Feminino,57,1,5,Gestor,4,Casado(a),19845,25846,1,Nao,15,3,4,1,33,3,3,32,14,6,9,Baixo,Muito Alto,Baixo,Muito Alto,Bom,Excelente,Abaixo da Licenciatura,9.895758,46-55,Acima 15k,Perto (0-5),20+ anos,3969.0,0.115384616,0.969697,3.0,0,85.8,Alto
44,0,Viaja Raramente,1448,Vendas,28,3,Medicina,4,Feminino,53,4,4,Executivo de Vendas,4,Casado(a),13320,11737,3,Sim,18,3,3,1,23,2,3,12,11,11,11,Muito Alto,Muito Alto,Muito Alto,Alto,Bom,Excelente,Mestrado,9.497097,36-45,10k-15k,Muito Longe (21+),11-20 anos,3330.0,0.25,0.5217391,3.6666667,2,1.8,Baixo
50,0,Sem Viagem,145,Vendas,1,3,Ciencias da Vida,4,Feminino,95,3,2,Executivo de Vendas,3,Casado(a),6347,24920,0,Nao,12,3,1,1,19,3,3,18,7,0,13,Muito Alto,Alto,Alto,Baixo,Bom,Excelente,Mestrado,8.755895,46-55,6k-10k,Perto (0-5),11-20 anos,3173.5,0.0,0.94736844,2.6666667,0,0.4,Baixo
36,1,Viaja Raramente,885,Investigacao e Desenvolvimento,16,4,Ciencias da Vida,3,Feminino,43,4,1,Tecnico de Laboratorio,1,Solteiro(a),2743,8269,1,Nao,16,3,3,0,18,1,3,17,13,15,14,Alto,Baixo,Muito Alto,Alto,Bom,Excelente,Doutoramento,7.917172,36-45,Ate 3k,Longe (11-20),11-20 anos,2743.0,0.41666666,0.9444444,2.3333333,0,91.3,Alto
39,0,Viaja Frequentemente,945,Investigacao e Desenvolvimento,22,3,Medicina,4,Feminino,82,3,3,Director de Producao,1,Solteiro(a),10880,5083,1,Sim,13,3,3,0,21,2,3,21,6,2,8,Muito Alto,Baixo,Alto,Alto,Bom,Excelente,Mestrado,9.294773,36-45,10k-15k,Muito Longe (21+),20+ anos,3626.6667,0.051282052,1.0,2.6666667,2,16.0,Medio
33,0,Sem Viagem,1038,Vendas,8,1,Ciencias da Vida,2,Feminino,88,2,1,Representante de Vendas,4,Solteiro(a),2342,21437,0,Nao,19,3,4,0,3,2,2,2,2,2,2,Medio,Muito Alto,Medio,Muito Alto,Regular,Excelente,Abaixo da Licenciatura,7.759187,26-35,Ate 3k,Medio (6-10),0-2 anos,2342.0,0.060606062,0.6666667,3.3333333,0,19.6,Medio
45,0,Viaja Raramente,1234,Vendas,11,2,Ciencias da Vida,4,Feminino,90,3,4,Gestor,4,Casado(a),17650,5404,3,Nao,13,3,2,1,26,4,4,9,3,1,1,Muito Alto,Muito Alto,Alto,Medio,Excelente,Excelente,Licenciatura,9.778547,36-45,Acima 15k,Longe (11-20),6-10 anos,4412.5,0.022222223,0.34615386,3.3333333,0,0.2,Baixo
32,0,Sem Viagem,1109,Investigacao e Desenvolvimento,29,4,Medicina,4,Feminino,69,3,1,Tecnico de Laboratorio,3,Solteiro(a),4025,11135,9,Nao,12,3,2,0,10,2,3,8,7,7,7,Muito Alto,Alto,Alto,Medio,Bom,Excelente,Doutoramento,8.300529,26-35,3k-6k,Muito Longe (21+),6-10 anos,4025.0,0.21875,0.8,3.0,0,27.2,Alto
34,0,Viaja Raramente,216,Vendas,1,4,Marketing,2,Masculino,75,4,2,Executivo de Vendas,4,Divorciado(a),9725,12278,0,Nao,11,3,4,1,16,2,2,15,1,0,9,Medio,Muito Alto,Muito Alto,Muito Alto,Regular,Excelente,Doutoramento,9.182558,26-35,6k-10k,Perto (0-5),11-20 anos,4862.5,0.0,0.9375,3.3333333,0,6.5,Medio
59,0,Viaja Raramente,1089,Vendas,1,2,Curso Tecnico,2,Masculino,66,3,3,Gestor,4,Casado(a),11904,11038,3,Sim,14,3,3,1,14,1,1,6,4,0,4,Medio,Muito Alto,Alto,Alto,Mau,Excelente,Licenciatura,9.384714,56-65,10k-15k,Perto (0-5),6-10 anos,3968.0,0.0,0.42857143,3.0,4,15.0,Medio
45,0,Viaja Raramente,788,Recursos Humanos,24,4,Medicina,2,Masculino,36,3,1,Recursos Humanos,2,Solteiro(a),2177,8318,1,Nao,16,3,1,0,6,3,3,6,3,0,4,Medio,Medio,Alto,Baixo,Bom,Excelente,Doutoramento,7.6861625,36-45,Ate 3k,Muito Longe (21+),6-10 anos,2177.0,0.0,1.0,1.6666666,0,19.1,Medio
53,0,Viaja Frequentemente,124,Vendas,2,3,Marketing,3,Feminino,38,2,3,Executivo de Vendas,2,Casado(a),7525,23537,2,Nao,12,3,1,1,30,2,3,15,7,6,12,Alto,Medio,Medio,Baixo,Bom,Excelente,Mestrado,8.926119,46-55,6k-10k,Perto (0-5),11-20 anos,2508.3333,0.11320755,0.5,2.0,0,67.9,Alto
36,1,Viaja Raramente,660,Investigacao e Desenvolvimento,15,3,Outro,1,Masculino,81,3,2,Tecnico de Laboratorio,3,Divorciado(a),4834,7858,7,Nao,14,3,2,1,9,3,2,1,0,0,0,Baixo,Alto,Alto,Medio,Regular,Excelente,Mestrado,8.483637,36-45,3k-6k,Longe (11-20),0-2 anos,2417.0,0.0,0.11111111,2.0,0,92.9,Alto
26,1,Viaja Frequentemente,342,Investigacao e Desenvolvimento,2,3,Ciencias da Vida,1,Masculino,57,3,1,Investigador,1,Casado(a),2042,15346,6,Sim,14,3,2,1,6,2,3,3,2,1,2,Baixo,Baixo,Alto,Medio,Bom,Excelente,Mestrado,7.6221747,26-35,Ate 3k,Perto (0-5),3-5 anos,2042.0,0.03846154,0.5,1.3333334,2,99.5,Alto
34,0,Viaja Raramente,1333,Vendas,10,4,Ciencias da Vida,3,Feminino,87,3,1,Representante de Vendas,3,Casado(a),2220,18410,1,Sim,19,3,4,1,1,2,3,1,1,0,0,Alto,Alto,Alto,Muito Alto,Bom,Excelente,Doutoramento,7.705713,26-35,Ate 3k,Medio (6-10),0-2 anos,2220.0,0.0,1.0,3.3333333,2,64.5,Alto
28,0,Viaja Raramente,1144,Vendas,10,1,Medicina,4,Masculino,74,3,1,Representante de Vendas,2,Casado(a),1052,23384,1,Nao,22,4,2,0,1,5,3,1,0,0,0,Muito Alto,Medio,Alto,Medio,Bom,Excecional,Abaixo da Licenciatura,6.9593987,26-35,Ate 3k,Medio (6-10),0-2 anos,1052.0,0.0,1.0,2.6666667,0,46.7,Alto
38,0,Viaja Frequentemente,1186,Investigacao e Desenvolvimento,3,4,Outro,3,Masculino,44,3,1,Investigador,3,Casado(a),2821,2997,3,Nao,16,3,1,1,8,2,3,2,2,2,2,Alto,Alto,Alto,Baixo,Bom,Excelente,Doutoramento,7.945201,36-45,Ate 3k,Perto (0-5),0-2 anos,2821.0,0.05263158,0.25,2.3333333,0,1.9,Baixo
50,0,Viaja Raramente,1464,Investigacao e Desenvolvimento,2,4,Medicina,2,Masculino,62,3,5,Director de Investigacao,3,Casado(a),19237,12853,2,Sim,11,3,4,1,29,2,2,8,1,7,7,Medio,Alto,Alto,Muito Alto,Regular,Excelente,Doutoramento,9.864643,46-55,Acima 15k,Perto (0-5),6-10 anos,3847.4,0.14,0.27586207,3.0,3,22.7,Alto
37,0,Viaja Raramente,124,Investigacao e Desenvolvimento,3,3,Outro,4,Feminino,35,3,2,Representante de Saude,2,Solteiro(a),4107,13848,3,Nao,15,3,1,0,8,3,2,4,3,0,1,Muito Alto,Medio,Alto,Baixo,Regular,Excelente,Mestrado,8.320691,36-45,3k-6k,Perto (0-5),3-5 anos,2053.5,0.0,0.5,2.3333333,0,31.3,Alto
40,0,Viaja Raramente,300,Vendas,26,3,Marketing,3,Masculino,74,3,2,Executivo de Vendas,1,Casado(a),8396,22217,1,Nao,14,3,2,1,8,3,2,7,7,7,5,Alto,Baixo,Alto,Medio,Regular,Excelente,Mestrado,9.03563,36-45,6k-10k,Muito Longe (21+),6-10 anos,4198.0,0.175,0.875,2.0,0,28.2,Alto
26,0,Viaja Frequentemente,921,Investigacao e Desenvolvimento,1,1,Medicina,1,Feminino,66,2,1,Investigador,3,Divorciado(a),2007,25265,1,Nao,13,3,3,2,5,5,3,5,3,1,3,Baixo,Alto,Medio,Alto,Bom,Excelente,Abaixo da Licenciatura,7.6048946,26-35,Ate 3k,Perto (0-5),3-5 anos,2007.0,0.03846154,1.0,2.3333333,0,0.5,Baixo
46,0,Viaja Raramente,430,Investigacao e Desenvolvimento,1,4,Medicina,4,Masculino,40,3,5,Director de Investigacao,4,Divorciado(a),19627,21445,9,Nao,17,3,4,2,23,0,3,2,2,2,2,Muito Alto,Muito Alto,Alto,Muito Alto,Bom,Excelente,Doutoramento,9.884712,46-55,Acima 15k,Perto (0-5),0-2 anos,3925.4,0.04347826,0.08695652,4.0,0,1.8,Baixo
54,0,Viaja Raramente,1082,Vendas,2,4,Ciencias da Vida,3,Feminino,41,2,3,Executivo de Vendas,3,Casado(a),10686,8392,6,Nao,11,3,2,1,13,4,3,9,4,7,0,Alto,Alto,Medio,Medio,Bom,Excelente,Doutoramento,9.276783,46-55,10k-15k,Perto (0-5),6-10 anos,3562.0,0.12962963,0.6923077,2.6666667,0,33.1,Alto
56,0,Viaja Frequentemente,1240,Investigacao e Desenvolvimento,9,3,Medicina,1,Feminino,63,3,1,Investigador,3,Casado(a),2942,12154,2,Nao,19,3,2,1,18,4,3,5,4,0,3,Baixo,Alto,Alto,Medio,Bom,Excelente,Mestrado,7.9871845,56-65,Ate 3k,Medio (6-10),3-5 anos,2942.0,0.0,0.2777778,2.0,0,4.9,Medio
36,0,Viaja Raramente,796,Investigacao e Desenvolvimento,12,5,Medicina,4,Feminino,51,2,3,Director de Producao,4,Solteiro(a),8858,15669,0,Nao,11,3,2,0,15,2,2,14,8,7,8,Muito Alto,Muito Alto,Medio,Medio,Regular,Excelente,Pos-Doc,9.08919,36-45,6k-10k,Longe (11-20),11-20 anos,2952.6667,0.19444445,0.93333334,3.3333333,0,25.0,Alto
55,0,Sem Viagem,444,Investigacao e Desenvolvimento,2,1,Medicina,3,Masculino,40,2,4,Gestor,1,Solteiro(a),16756,17323,7,Nao,15,3,2,0,31,3,4,9,7,6,2,Alto,Baixo,Medio,Medio,Excelente,Excelente,Abaixo da Licenciatura,9.726571,46-55,Acima 15k,Perto (0-5),6-10 anos,4189.0,0.10909091,0.29032257,2.0,0,6.6,Medio
43,0,Viaja Raramente,415,Vendas,25,3,Medicina,3,Masculino,79,2,3,Executivo de Vendas,4,Divorciado(a),10798,5268,5,Nao,13,3,3,1,18,5,3,1,0,0,0,Alto,Muito Alto,Medio,Alto,Bom,Excelente,Mestrado,9.287209,36-45,10k-15k,Muito Longe (21+),0-2 anos,3599.3333,0.0,0.055555556,3.3333333,0,2.8,Baixo
20,1,Viaja Frequentemente,769,Vendas,9,3,Marketing,4,Feminino,54,3,1,Representante de Vendas,4,Solteiro(a),2323,17205,1,Sim,14,3,2,0,2,3,3,2,2,0,2,Muito Alto,Muito Alto,Alto,Medio,Bom,Excelente,Mestrado,7.751045,18-25,Ate 3k,Medio (6-10),0-2 anos,2323.0,0.0,1.0,3.3333333,2,96.2,Alto
21,1,Viaja Raramente,1334,Investigacao e Desenvolvimento,10,3,Ciencias da Vida,3,Feminino,36,2,1,Tecnico de Laboratorio,1,Solteiro(a),1416,17258,1,Nao,13,3,1,0,1,6,2,1,0,1,0,Alto,Baixo,Medio,Baixo,Regular,Excelente,Mestrado,7.256297,18-25,Ate 3k,Medio (6-10),0-2 anos,1416.0,0.04761905,1.0,1.6666666,0,98.6,Alto
46,0,Viaja Raramente,1003,Investigacao e Desenvolvimento,8,4,Ciencias da Vida,4,Feminino,74,2,2,Investigador,1,Divorciado(a),4615,21029,8,Sim,23,4,1,3,19,2,3,16,13,1,7,Muito Alto,Baixo,Medio,Baixo,Bom,Excecional,Doutoramento,8.4372835,46-55,3k-6k,Medio (6-10),11-20 anos,2307.5,0.02173913,0.84210527,2.0,2,16.0,Medio
51,1,Viaja Raramente,1323,Investigacao e Desenvolvimento,4,4,Ciencias da Vida,1,Masculino,34,3,1,Investigador,3,Casado(a),2461,10332,9,Sim,12,3,3,3,18,2,4,10,0,2,7,Baixo,Alto,Alto,Alto,Excelente,Excelente,Doutoramento,7.808729,46-55,Ate 3k,Perto (0-5),6-10 anos,2461.0,0.039215688,0.5555556,2.3333333,1,95.3,Alto
28,1,Sem Viagem,1366,Investigacao e Desenvolvimento,24,2,Curso Tecnico,2,Masculino,72,2,3,Representante de Saude,1,Solteiro(a),8722,12355,1,Nao,12,3,1,0,10,2,2,10,7,1,9,Medio,Baixo,Medio,Baixo,Regular,Excelente,Licenciatura,9.073718,26-35,6k-10k,Muito Longe (21+),6-10 anos,2907.3333,0.035714287,1.0,1.3333334,0,92.9,Alto
26,0,Viaja Raramente,192,Investigacao e Desenvolvimento,1,2,Medicina,1,Masculino,59,2,1,Tecnico de Laboratorio,1,Casado(a),3955,11141,1,Nao,16,3,1,2,6,2,3,5,3,1,3,Baixo,Baixo,Medio,Baixo,Bom,Excelente,Licenciatura,8.282989,26-35,3k-6k,Perto (0-5),3-5 anos,3955.0,0.03846154,0.8333333,1.0,0,21.6,Alto
30,0,Viaja Raramente,1176,Investigacao e Desenvolvimento,20,3,Outro,3,Masculino,85,3,2,Director de Producao,1,Casado(a),9957,9096,0,Nao,15,3,3,1,7,1,2,6,2,0,2,Alto,Baixo,Alto,Alto,Regular,Excelente,Mestrado,9.206132,26-35,6k-10k,Longe (11-20),6-10 anos,4978.5,0.0,0.85714287,2.3333333,0,5.0,Medio
41,0,Viaja Raramente,509,Investigacao e Desenvolvimento,7,2,Curso Tecnico,2,Feminino,43,4,1,Investigador,3,Casado(a),3376,18863,1,Nao,13,3,3,0,10,3,3,10,6,0,8,Medio,Alto,Muito Alto,Alto,Bom,Excelente,Licenciatura,8.124743,36-45,3k-6k,Medio (6-10),6-10 anos,3376.0,0.0,1.0,2.6666667,0,1.9,Baixo
38,0,Viaja Raramente,330,Investigacao e Desenvolvimento,17,1,Ciencias da Vida,3,Feminino,65,2,3,Representante de Saude,3,Casado(a),8823,24608,0,Nao,18,3,1,1,20,4,2,19,9,1,9,Alto,Alto,Medio,Baixo,Regular,Excelente,Abaixo da Licenciatura,9.085231,36-45,6k-10k,Longe (11-20),11-20 anos,2941.0,0.02631579,0.95,2.3333333,0,3.0,Baixo
40,0,Viaja Raramente,1492,Investigacao e Desenvolvimento,20,4,Curso Tecnico,1,Masculino,61,3,3,Representante de Saude,4,Casado(a),10322,26542,4,Nao,20,4,4,1,14,6,3,11,10,11,1,Baixo,Muito Alto,Alto,Muito Alto,Bom,Excecional,Doutoramento,9.242129,36-45,10k-15k,Longe (11-20),11-20 anos,3440.6667,0.275,0.78571427,3.0,0,19.8,Alto
27,0,Sem Viagem,1277,Investigacao e Desenvolvimento,8,5,Ciencias da Vida,1,Masculino,87,1,1,Tecnico de Laboratorio,3,Casado(a),4621,5869,1,Nao,19,3,4,3,3,4,3,3,2,1,2,Baixo,Alto,Baixo,Muito Alto,Bom,Excelente,Pos-Doc,8.438582,26-35,3k-6k,Medio (6-10),3-5 anos,4621.0,0.037037037,1.0,2.6666667,0,5.1,Medio
55,0,Viaja Frequentemente,1091,Investigacao e Desenvolvimento,2,1,Ciencias da Vida,4,Masculino,65,3,3,Director de Producao,2,Casado(a),10976,15813,3,Nao,18,3,2,1,23,4,3,3,2,1,2,Muito Alto,Medio,Alto,Medio,Bom,Excelente,Abaixo da Licenciatura,9.303557,46-55,10k-15k,Perto (0-5),3-5 anos,3658.6667,0.018181818,0.13043478,2.6666667,0,0.8,Baixo
28,0,Viaja Raramente,857,Investigacao e Desenvolvimento,10,3,Outro,3,Feminino,59,3,2,Investigador,3,Solteiro(a),3660,7909,3,Nao,13,3,4,0,10,4,4,8,7,1,7,Alto,Alto,Alto,Muito Alto,Excelente,Excelente,Mestrado,8.205492,26-35,3k-6k,Medio (6-10),6-10 anos,1830.0,0.035714287,0.8,3.3333333,0,0.5,Baixo
44,1,Viaja Raramente,1376,Recursos Humanos,1,2,Medicina,2,Masculino,91,2,3,Recursos Humanos,1,Casado(a),10482,2326,9,Nao,14,3,4,1,24,1,3,20,6,3,6,Medio,Baixo,Medio,Muito Alto,Bom,Excelente,Licenciatura,9.25751,36-45,10k-15k,Perto (0-5),11-20 anos,3494.0,0.06818182,0.8333333,2.3333333,0,90.8,Alto
33,0,Viaja Raramente,654,Investigacao e Desenvolvimento,5,3,Ciencias da Vida,4,Masculino,34,2,3,Representante de Saude,4,Divorciado(a),7119,21214,4,Nao,15,3,3,1,9,2,3,3,2,1,2,Muito Alto,Muito Alto,Medio,Alto,Bom,Excelente,Mestrado,8.870663,26-35,6k-10k,Perto (0-5),3-5 anos,2373.0,0.030303031,0.33333334,3.6666667,0,0.3,Baixo
35,1,Viaja Raramente,1204,Vendas,4,3,Curso Tecnico,4,Masculino,86,3,3,Executivo de Vendas,1,Solteiro(a),9582,10333,0,Sim,22,4,1,0,9,2,3,8,7,4,7,Muito Alto,Baixo,Alto,Baixo,Bom,Excecional,Mestrado,9.167746,26-35,6k-10k,Perto (0-5),6-10 anos,3194.0,0.114285715,0.8888889,2.0,2,96.4,Alto
33,1,Viaja Frequentemente,827,Investigacao e Desenvolvimento,29,4,Medicina,1,Feminino,54,2,2,Investigador,3,Solteiro(a),4508,3129,1,Nao,22,4,2,0,14,4,3,13,7,3,8,Baixo,Alto,Medio,Medio,Bom,Excecional,Doutoramento,8.413831,26-35,3k-6k,Muito Longe (21+),11-20 anos,2254.0,0.09090909,0.9285714,2.0,0,96.6,Alto
28,0,Viaja Raramente,895,Investigacao e Desenvolvimento,15,2,Ciencias da Vida,1,Masculino,50,3,1,Tecnico de Laboratorio,3,Divorciado(a),2207,22482,1,Nao,16,3,4,1,4,5,2,4,2,2,2,Baixo,Alto,Alto,Muito Alto,Regular,Excelente,Licenciatura,7.6998425,26-35,Ate 3k,Longe (11-20),3-5 anos,2207.0,0.071428575,1.0,2.6666667,0,4.0,Medio
34,0,Viaja Frequentemente,618,Investigacao e Desenvolvimento,3,1,Ciencias da Vida,1,Masculino,45,3,2,Representante de Saude,4,Solteiro(a),7756,22266,0,Nao,17,3,3,0,7,1,2,6,2,0,4,Baixo,Muito Alto,Alto,Alto,Regular,Excelente,Abaixo da Licenciatura,8.956351,26-35,6k-10k,Perto (0-5),6-10 anos,3878.0,0.0,0.85714287,2.6666667,0,9.7,Medio
37,0,Viaja Raramente,309,Vendas,10,4,Ciencias da Vida,4,Feminino,88,2,2,Executivo de Vendas,4,Divorciado(a),6694,24223,2,Sim,14,3,3,3,8,5,3,1,0,0,0,Muito Alto,Muito Alto,Medio,Alto,Bom,Excelente,Doutoramento,8.809116,36-45,6k-10k,Medio (6-10),0-2 anos,3347.0,0.0,0.125,3.6666667,2,1.5,Baixo
25,1,Viaja Raramente,1219,Investigacao e Desenvolvimento,4,1,Curso Tecnico,4,Masculino,32,3,1,Tecnico de Laboratorio,4,Casado(a),3691,4605,1,Sim,15,3,2,1,7,3,4,7,7,5,6,Muito Alto,Muito Alto,Alto,Medio,Excelente,Excelente,Abaixo da Licenciatura,8.213923,18-25,3k-6k,Perto (0-5),6-10 anos,3691.0,0.2,1.0,3.3333333,1,93.1,Alto
26,1,Viaja Raramente,1330,Investigacao e Desenvolvimento,21,3,Medicina,1,Masculino,37,3,1,Tecnico de Laboratorio,3,Divorciado(a),2377,19373,1,Nao,20,4,3,1,1,0,2,1,1,0,0,Baixo,Alto,Alto,Alto,Regular,Excecional,Mestrado,7.774015,26-35,Ate 3k,Muito Longe (21+),0-2 anos,2377.0,0.0,1.0,2.3333333,0,95.1,Alto
33,1,Viaja Raramente,1017,Investigacao e Desenvolvimento,25,3,Medicina,1,Masculino,55,2,1,Investigador,2,Solteiro(a),2313,2993,4,Sim,20,4,2,0,5,0,3,2,2,2,2,Baixo,Medio,Medio,Medio,Bom,Excecional,Mestrado,7.7467327,26-35,Ate 3k,Muito Longe (21+),0-2 anos,2313.0,0.060606062,0.4,1.6666666,2,99.8,Alto
42,0,Viaja Raramente,469,Investigacao e Desenvolvimento,2,2,Medicina,4,Masculino,35,3,4,Gestor,1,Casado(a),17665,14399,0,Nao,17,3,4,1,23,3,3,22,6,13,7,Muito Alto,Baixo,Alto,Muito Alto,Bom,Excelente,Licenciatura,9.779397,36-45,Acima 15k,Perto (0-5),20+ anos,4416.25,0.30952382,0.95652175,3.0,0,4.8,Medio
28,1,Viaja Frequentemente,1009,Investigacao e Desenvolvimento,1,3,Medicina,1,Masculino,45,2,1,Tecnico de Laboratorio,2,Divorciado(a),2596,7160,1,Nao,15,3,1,2,1,2,3,1,0,0,0,Baixo,Medio,Medio,Baixo,Bom,Excelente,Mestrado,7.862112,26-35,Ate 3k,Perto (0-5),0-2 anos,2596.0,0.0,1.0,1.3333334,0,97.5,Alto
50,1,Viaja Frequentemente,959,Vendas,1,4,Outro,4,Masculino,81,3,2,Executivo de Vendas,3,Solteiro(a),4728,17251,3,Sim,14,3,4,0,5,4,3,0,0,0,0,Muito Alto,Alto,Alto,Muito Alto,Bom,Excelente,Doutoramento,8.461469,46-55,3k-6k,Perto (0-5),0-2 anos,2364.0,0.0,0.0,3.6666667,2,90.0,Alto
33,0,Viaja Frequentemente,970,Vendas,7,3,Ciencias da Vida,4,Feminino,30,3,2,Executivo de Vendas,2,Casado(a),4302,13401,0,Nao,17,3,3,1,4,3,3,3,2,0,2,Muito Alto,Medio,Alto,Alto,Bom,Excelente,Mestrado,8.367067,26-35,3k-6k,Medio (6-10),3-5 anos,2151.0,0.0,0.75,3.0,0,1.5,Baixo
34,0,Sem Viagem,697,Investigacao e Desenvolvimento,3,4,Ciencias da Vida,3,Masculino,40,2,1,Investigador,4,Casado(a),2979,22478,3,Nao,17,3,4,3,6,2,3,0,0,0,0,Alto,Muito Alto,Medio,Muito Alto,Bom,Excelente,Doutoramento,7.9996786,26-35,Ate 3k,Perto (0-5),0-2 anos,2979.0,0.0,0.0,3.6666667,0,0.2,Baixo
48,0,Sem Viagem,1262,Investigacao e Desenvolvimento,1,4,Medicina,1,Masculino,35,4,4,Gestor,4,Solteiro(a),16885,16154,2,Nao,22,4,3,0,27,3,2,5,4,2,1,Baixo,Muito Alto,Muito Alto,Alto,Regular,Excecional,Doutoramento,9.734241,46-55,Acima 15k,Perto (0-5),3-5 anos,4221.25,0.041666668,0.18518518,2.6666667,0,0.1,Baixo
45,0,Sem Viagem,1050,Vendas,9,4,Ciencias da Vida,2,Feminino,65,2,2,Executivo de Vendas,3,Casado(a),5593,17970,1,Nao,13,3,4,1,15,2,3,15,10,4,12,Medio,Alto,Medio,Muito Alto,Bom,Excelente,Doutoramento,8.62945,36-45,3k-6k,Medio (6-10),11-20 anos,2796.5,0.08888889,1.0,3.0,0,1.7,Baixo
52,0,Viaja Raramente,994,Investigacao e Desenvolvimento,7,4,Ciencias da Vida,2,Masculino,87,3,3,Representante de Saude,2,Solteiro(a),10445,15322,7,Nao,19,3,4,0,18,4,3,8,6,4,0,Medio,Medio,Alto,Muito Alto,Bom,Excelente,Doutoramento,9.253974,46-55,10k-15k,Medio (6-10),6-10 anos,3481.6667,0.07692308,0.44444445,2.6666667,0,2.6,Baixo
38,0,Viaja Raramente,770,Vendas,10,4,Marketing,3,Masculino,73,2,3,Executivo de Vendas,3,Divorciado(a),8740,5569,0,Sim,14,3,2,2,9,2,3,8,7,2,7,Alto,Alto,Medio,Medio,Bom,Excelente,Doutoramento,9.07578,36-45,6k-10k,Medio (6-10),6-10 anos,2913.3333,0.05263158,0.8888889,2.6666667,2,18.7,Medio
29,0,Viaja Raramente,1107,Investigacao e Desenvolvimento,28,4,Ciencias da Vida,3,Feminino,93,3,1,Investigador,4,Divorciado(a),2514,26968,4,Nao,22,4,1,1,11,1,3,7,5,1,7,Alto,Muito Alto,Alto,Baixo,Bom,Excecional,Doutoramento,7.830028,26-35,Ate 3k,Muito Longe (21+),6-10 anos,2514.0,0.03448276,0.6363636,2.6666667,0,13.3,Medio
28,0,Viaja Raramente,950,Investigacao e Desenvolvimento,3,3,Medicina,4,Feminino,93,3,3,Director de Producao,2,Divorciado(a),7655,8039,0,Nao,17,3,2,3,10,3,2,9,7,1,7,Muito Alto,Medio,Alto,Medio,Regular,Excelente,Mestrado,8.943245,26-35,6k-10k,Perto (0-5),6-10 anos,2551.6667,0.035714287,0.9,2.6666667,0,5.4,Medio
46,0,Viaja Raramente,406,Vendas,3,1,Marketing,1,Masculino,52,3,4,Gestor,3,Casado(a),17465,15596,3,Nao,12,3,4,1,23,3,3,12,9,4,9,Baixo,Alto,Alto,Muito Alto,Bom,Excelente,Abaixo da Licenciatura,9.768011,46-55,Acima 15k,Perto (0-5),11-20 anos,4366.25,0.08695652,0.5217391,2.6666667,0,5.8,Medio
38,0,Viaja Raramente,130,Vendas,2,2,Marketing,4,Masculino,32,3,3,Executivo de Vendas,2,Solteiro(a),7351,20619,7,Nao,16,3,3,0,10,2,3,1,0,0,0,Muito Alto,Medio,Alto,Alto,Bom,Excelente,Licenciatura,8.902728,36-45,6k-10k,Perto (0-5),0-2 anos,2450.3333,0.0,0.1,3.0,0,12.3,Medio
43,0,Viaja Frequentemente,1082,Investigacao e Desenvolvimento,27,3,Ciencias da Vida,3,Feminino,83,3,3,Director de Producao,1,Casado(a),10820,11535,8,Nao,11,3,3,1,18,1,3,8,7,0,1,Alto,Baixo,Alto,Alto,Bom,Excelente,Mestrado,9.289244,36-45,10k-15k,Muito Longe (21+),6-10 anos,3606.6667,0.0,0.44444445,2.3333333,0,7.0,Medio
39,1,Viaja Frequentemente,203,Investigacao e Desenvolvimento,2,3,Ciencias da Vida,1,Masculino,84,3,4,Representante de Saude,4,Divorciado(a),12169,13547,7,Nao,11,3,4,3,21,4,3,18,7,11,5,Baixo,Muito Alto,Alto,Muito Alto,Bom,Excelente,Mestrado,9.406729,36-45,10k-15k,Perto (0-5),11-20 anos,3042.25,0.2820513,0.85714287,3.0,0,91.5,Alto
40,0,Viaja Raramente,1308,Investigacao e Desenvolvimento,14,3,Medicina,3,Masculino,44,2,5,Director de Investigacao,3,Solteiro(a),19626,17544,1,Nao,14,3,1,0,21,2,4,20,7,4,9,Alto,Alto,Medio,Baixo,Excelente,Excelente,Mestrado,9.884662,36-45,Acima 15k,Longe (11-20),11-20 anos,3925.2,0.1,0.95238096,2.3333333,0,11.1,Medio
21,0,Viaja Raramente,984,Investigacao e Desenvolvimento,1,1,Curso Tecnico,4,Feminino,70,2,1,Investigador,2,Solteiro(a),2070,25326,1,Sim,11,3,3,0,2,6,4,2,2,2,2,Muito Alto,Medio,Medio,Alto,Excelente,Excelente,Abaixo da Licenciatura,7.635787,18-25,Ate 3k,Perto (0-5),0-2 anos,2070.0,0.0952381,1.0,3.0,1,69.9,Alto
39,0,Sem Viagem,439,Investigacao e Desenvolvimento,9,3,Ciencias da Vida,3,Masculino,70,3,2,Tecnico de Laboratorio,2,Solteiro(a),6782,8770,9,Nao,15,3,3,0,9,2,2,5,4,0,3,Alto,Medio,Alto,Alto,Regular,Excelente,Mestrado,8.822175,36-45,6k-10k,Medio (6-10),3-5 anos,3391.0,0.0,0.5555556,2.6666667,0,13.8,Medio
36,0,Sem Viagem,217,Investigacao e Desenvolvimento,18,4,Ciencias da Vida,1,Masculino,78,3,2,Director de Producao,4,Solteiro(a),7779,23238,2,Nao,20,4,1,0,18,0,3,11,9,0,9,Baixo,Muito Alto,Alto,Baixo,Bom,Excecional,Doutoramento,8.9593115,36-45,6k-10k,Longe (11-20),11-20 anos,3889.5,0.0,0.6111111,2.0,0,1.2,Baixo
31,0,Viaja Frequentemente,793,Vendas,20,3,Ciencias da Vida,3,Masculino,67,4,1,Representante de Vendas,4,Casado(a),2791,21981,0,Nao,12,3,1,1,3,4,3,2,2,2,2,Alto,Muito Alto,Muito Alto,Baixo,Bom,Excelente,Mestrado,7.9345136,26-35,Ate 3k,Longe (11-20),0-2 anos,2791.0,0.06451613,0.6666667,2.6666667,0,6.5,Medio
28,0,Viaja Raramente,1451,Investigacao e Desenvolvimento,2,1,Ciencias da Vida,1,Masculino,67,2,1,Investigador,2,Casado(a),3201,19911,0,Nao,17,3,1,0,6,2,1,5,3,0,4,Baixo,Medio,Medio,Baixo,Mau,Excelente,Abaixo da Licenciatura,8.071531,26-35,3k-6k,Perto (0-5),3-5 anos,3201.0,0.0,0.8333333,1.3333334,0,68.5,Alto
35,0,Viaja Frequentemente,1182,Vendas,11,2,Marketing,4,Masculino,54,3,2,Executivo de Vendas,4,Divorciado(a),4968,18500,1,Nao,11,3,4,1,5,3,3,5,2,0,2,Muito Alto,Muito Alto,Alto,Muito Alto,Bom,Excelente,Licenciatura,8.510974,26-35,3k-6k,Longe (11-20),3-5 anos,2484.0,0.0,1.0,4.0,0,1.0,Baixo
49,0,Viaja Raramente,174,Vendas,8,4,Curso Tecnico,4,Masculino,56,2,4,Executivo de Vendas,2,Casado(a),13120,11879,6,Nao,17,3,2,1,22,3,3,9,8,2,3,Muito Alto,Medio,Medio,Medio,Bom,Excelente,Doutoramento,9.481969,46-55,10k-15k,Medio (6-10),6-10 anos,3280.0,0.040816326,0.4090909,2.6666667,0,2.5,Baixo
34,0,Viaja Frequentemente,1003,Investigacao e Desenvolvimento,2,2,Ciencias da Vida,4,Masculino,95,3,2,Director de Producao,3,Solteiro(a),4033,15834,2,Nao,11,3,4,0,5,3,2,3,2,0,2,Muito Alto,Alto,Alto,Muito Alto,Regular,Excelente,Licenciatura,8.302514,26-35,3k-6k,Perto (0-5),3-5 anos,2016.5,0.0,0.6,3.6666667,0,3.4,Medio
29,0,Viaja Frequentemente,490,Investigacao e Desenvolvimento,10,3,Ciencias da Vida,4,Feminino,61,3,1,Investigador,2,Divorciado(a),3291,17940,0,Nao,14,3,4,2,8,2,2,7,5,1,1,Muito Alto,Medio,Alto,Muito Alto,Regular,Excelente,Mestrado,8.099251,26-35,3k-6k,Medio (6-10),6-10 anos,3291.0,0.03448276,0.875,3.3333333,0,1.2,Baixo
42,0,Viaja Raramente,188,Investigacao e Desenvolvimento,29,3,Medicina,2,Masculino,56,1,2,Tecnico de Laboratorio,4,Solteiro(a),4272,9558,4,Nao,19,3,1,0,16,3,3,1,0,0,0,Medio,Muito Alto,Baixo,Baixo,Bom,Excelente,Mestrado,8.360071,36-45,3k-6k,Muito Longe (21+),0-2 anos,2136.0,0.0,0.0625,2.3333333,0,18.9,Medio
29,0,Viaja Raramente,718,Investigacao e Desenvolvimento,8,1,Medicina,2,Masculino,79,2,2,Director de Producao,4,Casado(a),5056,17689,1,Sim,15,3,3,1,10,2,2,10,7,1,2,Medio,Muito Alto,Medio,Alto,Regular,Excelente,Abaixo da Licenciatura,8.528529,26-35,3k-6k,Medio (6-10),6-10 anos,2528.0,0.03448276,1.0,3.0,3,5.3,Medio
38,0,Viaja Raramente,433,Recursos Humanos,1,3,Recursos Humanos,3,Masculino,37,4,1,Recursos Humanos,3,Casado(a),2844,6004,1,Nao,13,3,4,1,7,2,4,7,6,5,0,Alto,Alto,Muito Alto,Muito Alto,Excelente,Excelente,Mestrado,7.953318,36-45,Ate 3k,Perto (0-5),6-10 anos,2844.0,0.13157895,1.0,3.3333333,0,2.3,Baixo
28,0,Viaja Frequentemente,773,Investigacao e Desenvolvimento,6,3,Ciencias da Vida,3,Masculino,39,2,1,Investigador,3,Divorciado(a),2703,22088,1,Sim,14,3,4,1,3,2,3,3,1,0,2,Alto,Alto,Medio,Muito Alto,Bom,Excelente,Mestrado,7.9024873,26-35,Ate 3k,Medio (6-10),3-5 anos,2703.0,0.0,1.0,3.3333333,2,23.7,Alto
18,1,Sem Viagem,247,Investigacao e Desenvolvimento,8,1,Medicina,3,Masculino,80,3,1,Tecnico de Laboratorio,3,Solteiro(a),1904,13556,1,Nao,12,3,4,0,0,0,3,0,0,0,0,Alto,Alto,Alto,Muito Alto,Bom,Excelente,Abaixo da Licenciatura,7.5522375,18-25,Ate 3k,Medio (6-10),0-2 anos,1904.0,0.0,0.0,3.3333333,0,90.0,Alto
33,1,Viaja Raramente,603,Vendas,9,4,Marketing,1,Feminino,77,3,2,Executivo de Vendas,1,Solteiro(a),8224,18385,0,Sim,17,3,1,0,6,3,3,5,2,0,3,Baixo,Baixo,Alto,Baixo,Bom,Excelente,Doutoramento,9.014934,26-35,6k-10k,Medio (6-10),3-5 anos,4112.0,0.0,0.8333333,1.0,2,94.5,Alto
41,0,Viaja Raramente,167,Investigacao e Desenvolvimento,12,4,Ciencias da Vida,2,Masculino,46,3,1,Tecnico de Laboratorio,4,Casado(a),4766,9051,3,Sim,11,3,1,1,6,4,3,1,0,0,0,Medio,Muito Alto,Alto,Baixo,Bom,Excelente,Doutoramento,8.469473,36-45,3k-6k,Longe (11-20),0-2 anos,4766.0,0.0,0.16666667,2.3333333,2,40.3,Alto
31,1,Viaja Frequentemente,874,Investigacao e Desenvolvimento,15,3,Medicina,3,Masculino,72,3,1,Tecnico de Laboratorio,3,Casado(a),2610,6233,1,Nao,12,3,3,1,2,5,2,2,2,2,2,Alto,Alto,Alto,Alto,Regular,Excelente,Mestrado,7.8674884,26-35,Ate 3k,Longe (11-20),0-2 anos,2610.0,0.06451613,1.0,3.0,0,89.2,Alto
37,0,Viaja Raramente,367,Investigacao e Desenvolvimento,25,2,Medicina,3,Feminino,52,2,2,Representante de Saude,4,Divorciado(a),5731,17171,7,Nao,13,3,3,2,9,2,3,6,2,1,3,Alto,Muito Alto,Medio,Alto,Bom,Excelente,Licenciatura,8.65382,36-45,3k-6k,Muito Longe (21+),6-10 anos,2865.5,0.027027028,0.6666667,3.3333333,0,2.8,Baixo
27,0,Viaja Raramente,199,Investigacao e Desenvolvimento,6,3,Ciencias da Vida,4,Masculino,55,2,1,Investigador,3,Casado(a),2539,7950,1,Nao,13,3,3,1,4,0,3,4,2,2,2,Muito Alto,Alto,Medio,Alto,Bom,Excelente,Mestrado,7.8399196,26-35,Ate 3k,Medio (6-10),3-5 anos,2539.0,0.074074075,1.0,3.3333333,0,1.5,Baixo
34,0,Viaja Raramente,1400,Vendas,9,1,Ciencias da Vida,2,Feminino,70,3,2,Executivo de Vendas,3,Casado(a),5714,5829,1,Nao,20,4,1,0,6,3,2,6,5,1,3,Medio,Alto,Alto,Baixo,Regular,Excecional,Abaixo da Licenciatura,8.650849,26-35,3k-6k,Medio (6-10),6-10 anos,2857.0,0.029411765,1.0,2.0,0,3.2,Medio
35,0,Viaja Raramente,528,Recursos Humanos,8,4,Curso Tecnico,3,Masculino,100,3,1,Recursos Humanos,3,Solteiro(a),4323,7108,1,Nao,17,3,2,0,6,2,1,5,4,1,4,Alto,Alto,Alto,Medio,Mau,Excelente,Doutoramento,8.371936,26-35,3k-6k,Medio (6-10),3-5 anos,4323.0,0.028571429,0.8333333,2.6666667,0,33.9,Alto
29,1,Viaja Raramente,408,Vendas,23,1,Ciencias da Vida,4,Feminino,45,2,3,Executivo de Vendas,1,Casado(a),7336,11162,1,Nao,13,3,1,1,11,3,1,11,8,3,10,Muito Alto,Baixo,Medio,Baixo,Mau,Excelente,Abaixo da Licenciatura,8.900685,26-35,6k-10k,Muito Longe (21+),11-20 anos,2445.3333,0.10344828,1.0,2.0,0,90.2,Alto
40,0,Viaja Frequentemente,593,Investigacao e Desenvolvimento,9,4,Medicina,2,Feminino,88,3,3,Director de Investigacao,3,Solteiro(a),13499,13782,9,Nao,17,3,3,0,20,3,2,18,7,2,13,Medio,Alto,Alto,Alto,Regular,Excelente,Doutoramento,9.510445,36-45,10k-15k,Medio (6-10),11-20 anos,4499.6665,0.05,0.9,2.6666667,0,3.5,Medio
42,1,Viaja Frequentemente,481,Vendas,12,3,Ciencias da Vida,3,Masculino,44,3,4,Executivo de Vendas,1,Solteiro(a),13758,2447,0,Sim,12,3,2,0,22,2,2,21,9,13,14,Alto,Baixo,Alto,Medio,Regular,Excelente,Mestrado,9.5294485,36-45,10k-15k,Longe (11-20),20+ anos,3439.5,0.30952382,0.95454544,2.0,3,95.1,Alto
42,0,Viaja Raramente,647,Vendas,4,4,Marketing,2,Masculino,45,3,2,Executivo de Vendas,1,Solteiro(a),5155,2253,7,Nao,13,3,4,0,9,3,4,6,4,1,5,Medio,Baixo,Alto,Muito Alto,Excelente,Excelente,Doutoramento,8.547916,36-45,3k-6k,Perto (0-5),6-10 anos,2577.5,0.023809524,0.6666667,2.3333333,0,8.6,Medio
35,0,Viaja Raramente,982,Investigacao e Desenvolvimento,1,4,Medicina,4,Masculino,58,2,1,Tecnico de Laboratorio,3,Casado(a),2258,16340,6,Nao,12,3,2,1,10,2,3,8,0,1,7,Muito Alto,Alto,Medio,Medio,Bom,Excelente,Doutoramento,7.7226777,26-35,Ate 3k,Perto (0-5),6-10 anos,2258.0,0.028571429,0.8,3.0,0,2.0,Baixo
24,0,Viaja Raramente,477,Investigacao e Desenvolvimento,24,3,Medicina,4,Masculino,49,3,1,Tecnico de Laboratorio,2,Solteiro(a),3597,6409,8,Nao,22,4,4,0,6,2,3,4,3,1,2,Muito Alto,Medio,Alto,Muito Alto,Bom,Excecional,Mestrado,8.188133,18-25,3k-6k,Muito Longe (21+),3-5 anos,3597.0,0.041666668,0.6666667,3.3333333,0,16.1,Medio
28,1,Viaja Raramente,1485,Investigacao e Desenvolvimento,12,1,Ciencias da Vida,3,Feminino,79,3,1,Tecnico de Laboratorio,4,Casado(a),2515,22955,1,Sim,11,3,4,0,1,4,2,1,1,0,0,Alto,Muito Alto,Alto,Muito Alto,Regular,Excelente,Abaixo da Licenciatura,7.8304257,26-35,Ate 3k,Longe (11-20),0-2 anos,2515.0,0.0,1.0,3.6666667,3,96.6,Alto
26,0,Viaja Raramente,1384,Investigacao e Desenvolvimento,3,4,Medicina,1,Masculino,82,4,1,Tecnico de Laboratorio,4,Casado(a),4420,13421,1,Nao,22,4,2,1,8,2,3,8,7,0,7,Baixo,Muito Alto,Muito Alto,Medio,Bom,Excecional,Doutoramento,8.394121,26-35,3k-6k,Perto (0-5),6-10 anos,4420.0,0.0,1.0,2.3333333,0,0.4,Baixo
30,0,Viaja Raramente,852,Vendas,10,3,Marketing,3,Masculino,72,2,2,Executivo de Vendas,3,Casado(a),6578,2706,1,Nao,18,3,1,1,10,3,3,10,3,1,4,Alto,Alto,Medio,Baixo,Bom,Excelente,Mestrado,8.791638,26-35,6k-10k,Medio (6-10),6-10 anos,3289.0,0.033333335,1.0,2.3333333,0,7.2,Medio
40,0,Viaja Frequentemente,902,Investigacao e Desenvolvimento,26,2,Medicina,3,Feminino,92,2,2,Investigador,4,Casado(a),4422,21203,3,Sim,13,3,4,1,16,3,1,1,1,0,0,Alto,Muito Alto,Medio,Muito Alto,Mau,Excelente,Licenciatura,8.394573,36-45,3k-6k,Muito Longe (21+),0-2 anos,2211.0,0.0,0.0625,3.6666667,4,7.1,Medio
35,0,Viaja Raramente,819,Investigacao e Desenvolvimento,2,3,Ciencias da Vida,3,Masculino,44,2,3,Director de Producao,2,Divorciado(a),10274,19588,2,Nao,18,3,2,1,15,2,4,7,7,6,4,Alto,Medio,Medio,Medio,Excelente,Excelente,Mestrado,9.237469,26-35,10k-15k,Perto (0-5),6-10 anos,3424.6667,0.17142858,0.46666667,2.3333333,0,6.9,Medio
34,0,Viaja Frequentemente,669,Investigacao e Desenvolvimento,1,3,Medicina,4,Masculino,97,2,2,Representante de Saude,1,Solteiro(a),5343,25755,0,Nao,20,4,3,0,14,3,3,13,9,4,9,Muito Alto,Baixo,Medio,Alto,Bom,Excecional,Mestrado,8.58373,26-35,3k-6k,Perto (0-5),11-20 anos,2671.5,0.11764706,0.9285714,2.6666667,0,0.6,Baixo
35,0,Viaja Frequentemente,636,Investigacao e Desenvolvimento,4,4,Outro,4,Masculino,47,2,1,Tecnico de Laboratorio,4,Casado(a),2376,26537,1,Nao,13,3,2,1,2,2,4,2,2,2,2,Muito Alto,Muito Alto,Medio,Medio,Excelente,Excelente,Doutoramento,7.7735944,26-35,Ate 3k,Perto (0-5),0-2 anos,2376.0,0.057142857,1.0,3.3333333,0,1.3,Baixo
43,1,Viaja Raramente,1372,Vendas,9,3,Marketing,1,Feminino,85,1,2,Executivo de Vendas,3,Solteiro(a),5346,9489,8,Nao,13,3,2,0,7,2,2,4,3,1,3,Baixo,Alto,Baixo,Medio,Regular,Excelente,Mestrado,8.5842905,36-45,3k-6k,Medio (6-10),3-5 anos,2673.0,0.023255814,0.5714286,2.0,0,99.2,Alto
32,0,Sem Viagem,862,Vendas,2,1,Ciencias da Vida,3,Feminino,76,3,1,Representante de Vendas,1,Divorciado(a),2827,14947,1,Nao,12,3,3,3,1,3,3,1,0,0,0,Alto,Baixo,Alto,Alto,Bom,Excelente,Abaixo da Licenciatura,7.947325,26-35,Ate 3k,Perto (0-5),0-2 anos,2827.0,0.0,1.0,2.3333333,0,8.3,Medio
56,0,Viaja Raramente,718,Investigacao e Desenvolvimento,4,4,Curso Tecnico,4,Feminino,92,3,5,Gestor,1,Divorciado(a),19943,18575,4,Nao,13,3,4,1,28,2,3,5,2,4,2,Muito Alto,Baixo,Alto,Muito Alto,Bom,Excelente,Doutoramento,9.900683,56-65,Acima 15k,Perto (0-5),3-5 anos,3988.6,0.071428575,0.17857143,3.0,0,5.0,Medio
29,0,Viaja Raramente,1401,Investigacao e Desenvolvimento,6,1,Medicina,2,Feminino,54,3,1,Tecnico de Laboratorio,4,Casado(a),3131,26342,1,Nao,13,3,1,1,10,5,3,10,8,0,8,Medio,Muito Alto,Alto,Baixo,Bom,Excelente,Abaixo da Licenciatura,8.049427,26-35,3k-6k,Medio (6-10),6-10 anos,3131.0,0.0,1.0,2.3333333,0,0.3,Baixo
19,0,Viaja Raramente,645,Investigacao e Desenvolvimento,9,2,Ciencias da Vida,3,Masculino,54,3,1,Investigador,1,Solteiro(a),2552,7172,1,Nao,25,4,3,0,1,4,3,1,1,0,0,Alto,Baixo,Alto,Alto,Bom,Excecional,Licenciatura,7.8450246,18-25,Ate 3k,Medio (6-10),0-2 anos,2552.0,0.0,1.0,2.3333333,0,69.3,Alto
45,0,Viaja Raramente,1457,Investigacao e Desenvolvimento,7,3,Medicina,1,Feminino,83,3,1,Investigador,3,Casado(a),4477,20100,4,Sim,19,3,3,1,7,2,2,3,2,0,2,Baixo,Alto,Alto,Alto,Regular,Excelente,Mestrado,8.406932,36-45,3k-6k,Medio (6-10),3-5 anos,4477.0,0.0,0.42857143,2.3333333,3,8.1,Medio
37,0,Viaja Raramente,977,Investigacao e Desenvolvimento,1,3,Ciencias da Vida,4,Feminino,56,2,2,Director de Producao,4,Casado(a),6474,9961,1,Nao,13,3,2,1,14,2,2,14,8,3,11,Muito Alto,Muito Alto,Medio,Medio,Regular,Excelente,Mestrado,8.775703,36-45,6k-10k,Perto (0-5),11-20 anos,3237.0,0.08108108,1.0,3.3333333,0,0.5,Baixo
20,0,Viaja Raramente,805,Investigacao e Desenvolvimento,3,3,Ciencias da Vida,1,Masculino,87,2,1,Tecnico de Laboratorio,3,Solteiro(a),3033,12828,1,Nao,12,3,1,0,2,2,2,2,2,1,2,Baixo,Alto,Medio,Baixo,Regular,Excelente,Mestrado,8.017637,18-25,3k-6k,Perto (0-5),0-2 anos,3033.0,0.05,1.0,1.6666666,0,63.8,Alto
44,1,Viaja Raramente,1097,Investigacao e Desenvolvimento,10,4,Ciencias da Vida,3,Masculino,96,3,1,Investigador,3,Solteiro(a),2936,10826,1,Sim,11,3,3,0,6,4,3,6,4,0,2,Alto,Alto,Alto,Alto,Bom,Excelente,Doutoramento,7.985144,36-45,Ate 3k,Medio (6-10),6-10 anos,2936.0,0.0,1.0,3.0,2,84.3,Alto
53,0,Viaja Raramente,1223,Investigacao e Desenvolvimento,7,2,Medicina,4,Feminino,50,3,5,Gestor,3,Divorciado(a),18606,18640,3,Nao,18,3,2,1,26,6,3,7,7,4,7,Muito Alto,Alto,Alto,Medio,Bom,Excelente,Licenciatura,9.831293,46-55,Acima 15k,Medio (6-10),6-10 anos,3721.2,0.0754717,0.26923078,3.0,0,0.3,Baixo
29,0,Viaja Raramente,942,Investigacao e Desenvolvimento,15,1,Ciencias da Vida,2,Feminino,69,1,1,Investigador,4,Casado(a),2168,26933,0,Sim,18,3,1,1,6,2,2,5,4,1,3,Medio,Muito Alto,Baixo,Baixo,Regular,Excelente,Abaixo da Licenciatura,7.6820216,26-35,Ate 3k,Longe (11-20),3-5 anos,2168.0,0.03448276,0.8333333,2.3333333,3,68.2,Alto
22,1,Viaja Frequentemente,1256,Investigacao e Desenvolvimento,3,4,Ciencias da Vida,3,Masculino,48,2,1,Investigador,4,Casado(a),2853,4223,0,Sim,11,3,2,1,1,5,3,0,0,0,0,Alto,Muito Alto,Medio,Medio,Bom,Excelente,Doutoramento,7.9564767,18-25,Ate 3k,Perto (0-5),0-2 anos,2853.0,0.0,0.0,3.0,2,88.7,Alto
46,0,Viaja Raramente,1402,Vendas,2,3,Marketing,3,Feminino,69,3,4,Gestor,1,Casado(a),17048,24097,8,Nao,23,4,1,0,28,2,3,26,15,15,9,Alto,Baixo,Alto,Baixo,Bom,Excecional,Mestrado,9.743847,46-55,Acima 15k,Perto (0-5),20+ anos,4262.0,0.32608697,0.9285714,1.6666666,0,16.5,Medio
44,0,Sem Viagem,111,Investigacao e Desenvolvimento,17,3,Ciencias da Vida,4,Masculino,74,1,1,Investigador,3,Solteiro(a),2290,4279,2,Nao,13,3,4,0,6,3,3,0,0,0,0,Muito Alto,Alto,Baixo,Muito Alto,Bom,Excelente,Mestrado,7.7367435,36-45,Ate 3k,Longe (11-20),0-2 anos,2290.0,0.0,0.0,3.6666667,0,34.6,Alto
33,0,Viaja Raramente,147,Recursos Humanos,2,3,Recursos Humanos,2,Masculino,99,3,1,Recursos Humanos,3,Casado(a),3600,8429,1,Nao,13,3,4,1,5,2,3,5,4,1,4,Medio,Alto,Alto,Muito Alto,Bom,Excelente,Mestrado,8.188967,26-35,3k-6k,Perto (0-5),3-5 anos,3600.0,0.030303031,1.0,3.0,0,0.5,Baixo
41,1,Sem Viagem,906,Investigacao e Desenvolvimento,5,2,Ciencias da Vida,1,Masculino,95,2,1,Investigador,1,Divorciado(a),2107,20293,6,Nao,17,3,1,1,5,2,1,1,0,0,0,Baixo,Baixo,Medio,Baixo,Mau,Excelente,Licenciatura,7.653495,36-45,Ate 3k,Perto (0-5),0-2 anos,2107.0,0.0,0.2,1.0,0,95.4,Alto
30,0,Viaja Raramente,1329,Vendas,29,4,Ciencias da Vida,3,Masculino,61,3,2,Executivo de Vendas,1,Divorciado(a),4115,13192,8,Nao,19,3,3,3,8,3,3,4,3,0,3,Alto,Baixo,Alto,Alto,Bom,Excelente,Doutoramento,8.322638,26-35,3k-6k,Muito Longe (21+),3-5 anos,2057.5,0.0,0.5,2.3333333,0,6.7,Medio
40,0,Viaja Frequentemente,1184,Vendas,2,4,Medicina,2,Masculino,62,3,2,Executivo de Vendas,2,Casado(a),4327,25440,5,Nao,12,3,4,3,5,2,3,0,0,0,0,Medio,Medio,Alto,Muito Alto,Bom,Excelente,Doutoramento,8.372861,36-45,3k-6k,Perto (0-5),0-2 anos,2163.5,0.0,0.0,2.6666667,0,11.6,Medio
50,0,Viaja Frequentemente,1421,Investigacao e Desenvolvimento,2,3,Medicina,4,Feminino,30,3,4,Gestor,1,Casado(a),17856,9490,2,Nao,22,4,3,1,32,3,3,2,2,2,2,Muito Alto,Baixo,Alto,Alto,Bom,Excecional,Mestrado,9.790151,46-55,Acima 15k,Perto (0-5),0-2 anos,4464.0,0.04,0.0625,2.6666667,0,0.2,Baixo
28,0,Viaja Raramente,1179,Investigacao e Desenvolvimento,19,4,Medicina,4,Masculino,78,2,1,Tecnico de Laboratorio,1,Casado(a),3196,12449,1,Nao,12,3,3,3,6,2,3,6,5,3,3,Muito Alto,Baixo,Medio,Alto,Bom,Excelente,Doutoramento,8.069968,26-35,3k-6k,Longe (11-20),6-10 anos,3196.0,0.10714286,1.0,2.6666667,0,1.0,Baixo
46,0,Viaja Raramente,1450,Investigacao e Desenvolvimento,15,2,Ciencias da Vida,4,Masculino,52,3,5,Director de Investigacao,2,Casado(a),19081,10849,5,Nao,11,3,1,1,25,2,3,4,2,0,3,Muito Alto,Medio,Alto,Baixo,Bom,Excelente,Licenciatura,9.856501,46-55,Acima 15k,Longe (11-20),3-5 anos,3816.2,0.0,0.16,2.3333333,0,1.2,Baixo
35,0,Viaja Raramente,1361,Vendas,17,4,Ciencias da Vida,3,Masculino,94,3,2,Executivo de Vendas,1,Casado(a),8966,21026,3,Sim,15,3,4,3,15,2,3,7,7,1,7,Alto,Baixo,Alto,Muito Alto,Bom,Excelente,Doutoramento,9.101307,26-35,6k-10k,Longe (11-20),6-10 anos,4483.0,0.028571429,0.46666667,2.6666667,2,17.7,Medio
24,1,Viaja Raramente,984,Investigacao e Desenvolvimento,17,2,Ciencias da Vida,4,Feminino,97,3,1,Tecnico de Laboratorio,2,Casado(a),2210,3372,1,Nao,13,3,1,1,1,3,1,1,0,0,0,Muito Alto,Medio,Alto,Baixo,Mau,Excelente,Licenciatura,7.7012,18-25,Ate 3k,Longe (11-20),0-2 anos,2210.0,0.0,1.0,2.3333333,0,93.2,Alto
33,0,Viaja Frequentemente,1146,Vendas,25,3,Medicina,2,Feminino,82,3,2,Executivo de Vendas,3,Casado(a),4539,4905,1,Nao,12,3,1,1,10,3,2,10,7,0,1,Medio,Alto,Alto,Baixo,Regular,Excelente,Mestrado,8.420682,26-35,3k-6k,Muito Longe (21+),6-10 anos,2269.5,0.0,1.0,2.0,0,18.5,Medio
36,0,Viaja Raramente,917,Investigacao e Desenvolvimento,6,4,Ciencias da Vida,3,Masculino,60,1,1,Tecnico de Laboratorio,3,Divorciado(a),2741,6865,1,Nao,14,3,3,1,7,4,3,7,7,1,7,Alto,Alto,Baixo,Alto,Bom,Excelente,Doutoramento,7.916443,36-45,Ate 3k,Medio (6-10),6-10 anos,2741.0,0.027777778,1.0,3.0,0,1.3,Baixo
30,0,Viaja Raramente,853,Investigacao e Desenvolvimento,7,4,Ciencias da Vida,3,Masculino,49,3,2,Tecnico de Laboratorio,3,Divorciado(a),3491,11309,1,Nao,13,3,1,3,10,4,2,10,7,8,9,Alto,Alto,Alto,Baixo,Regular,Excelente,Doutoramento,8.15823,26-35,3k-6k,Medio (6-10),6-10 anos,1745.5,0.26666668,1.0,2.3333333,0,1.7,Baixo
44,0,Viaja Raramente,200,Investigacao e Desenvolvimento,29,4,Outro,4,Masculino,32,3,2,Investigador,4,Solteiro(a),4541,7744,1,Nao,25,4,2,0,20,3,3,20,11,13,17,Muito Alto,Muito Alto,Alto,Medio,Bom,Excecional,Doutoramento,8.421123,36-45,3k-6k,Muito Longe (21+),11-20 anos,2270.5,0.29545453,1.0,3.3333333,0,10.5,Medio
20,0,Viaja Raramente,654,Vendas,21,3,Marketing,3,Masculino,43,4,1,Representante de Vendas,4,Solteiro(a),2678,5050,1,Nao,17,3,4,0,2,2,3,2,1,2,2,Alto,Muito Alto,Muito Alto,Muito Alto,Bom,Excelente,Mestrado,7.893199,18-25,Ate 3k,Muito Longe (21+),0-2 anos,2678.0,0.1,1.0,3.6666667,0,41.6,Alto
46,0,Viaja Raramente,150,Investigacao e Desenvolvimento,2,4,Curso Tecnico,4,Masculino,60,3,2,Director de Producao,4,Divorciado(a),7379,17433,2,Nao,11,3,3,1,12,3,2,6,3,1,4,Muito Alto,Muito Alto,Alto,Alto,Regular,Excelente,Doutoramento,8.906528,46-55,6k-10k,Perto (0-5),6-10 anos,3689.5,0.02173913,0.5,3.6666667,0,1.5,Baixo
42,0,Sem Viagem,179,Recursos Humanos,2,5,Medicina,4,Masculino,79,4,2,Recursos Humanos,1,Casado(a),6272,12858,7,Nao,16,3,1,1,10,3,4,4,3,0,3,Muito Alto,Baixo,Muito Alto,Baixo,Excelente,Excelente,Pos-Doc,8.74401,36-45,6k-10k,Perto (0-5),3-5 anos,3136.0,0.0,0.4,2.0,0,0.7,Baixo
60,0,Viaja Raramente,696,Vendas,7,4,Marketing,2,Masculino,52,4,2,Executivo de Vendas,4,Divorciado(a),5220,10893,0,Sim,18,3,2,1,12,3,3,11,7,1,9,Medio,Muito Alto,Muito Alto,Medio,Bom,Excelente,Doutoramento,8.560444,56-65,3k-6k,Medio (6-10),11-20 anos,2610.0,0.016666668,0.9166667,2.6666667,2,1.2,Baixo
32,0,Viaja Frequentemente,116,Investigacao e Desenvolvimento,13,3,Outro,3,Feminino,77,2,1,Tecnico de Laboratorio,2,Casado(a),2743,7331,1,Nao,20,4,3,1,2,2,3,2,2,2,2,Alto,Medio,Medio,Alto,Bom,Excecional,Mestrado,7.917172,26-35,Ate 3k,Longe (11-20),0-2 anos,2743.0,0.0625,1.0,2.6666667,0,9.9,Medio
32,0,Viaja Frequentemente,1316,Investigacao e Desenvolvimento,2,2,Ciencias da Vida,4,Feminino,38,3,2,Investigador,3,Solteiro(a),4998,2338,4,Sim,14,3,4,0,10,2,3,8,7,0,7,Muito Alto,Alto,Alto,Muito Alto,Bom,Excelente,Licenciatura,8.5169935,26-35,3k-6k,Perto (0-5),6-10 anos,2499.0,0.0,0.8,3.6666667,2,9.0,Medio
36,0,Viaja Raramente,363,Investigacao e Desenvolvimento,1,3,Curso Tecnico,3,Feminino,77,1,3,Director de Producao,1,Divorciado(a),10252,4235,2,Sim,21,4,3,1,17,2,3,7,7,7,7,Alto,Baixo,Baixo,Alto,Bom,Excecional,Mestrado,9.235326,36-45,10k-15k,Perto (0-5),6-10 anos,3417.3333,0.19444445,0.4117647,2.3333333,2,34.4,Alto
33,0,Viaja Raramente,117,Investigacao e Desenvolvimento,9,3,Medicina,1,Masculino,60,3,1,Investigador,4,Casado(a),2781,6311,0,Nao,13,3,2,1,15,5,3,14,10,4,10,Baixo,Muito Alto,Alto,Medio,Bom,Excelente,Mestrado,7.9309254,26-35,Ate 3k,Medio (6-10),11-20 anos,2781.0,0.121212125,0.93333334,2.3333333,0,0.1,Baixo
40,0,Viaja Raramente,107,Vendas,10,3,Curso Tecnico,2,Feminino,84,2,2,Executivo de Vendas,2,Divorciado(a),6852,11591,7,Nao,12,3,2,1,7,2,4,5,1,1,3,Medio,Medio,Medio,Medio,Excelente,Excelente,Mestrado,8.832441,36-45,6k-10k,Medio (6-10),3-5 anos,3426.0,0.025,0.71428573,2.0,0,40.5,Alto
25,0,Viaja Raramente,1356,Vendas,10,4,Ciencias da Vida,3,Masculino,57,3,2,Executivo de Vendas,4,Solteiro(a),4950,20623,0,Nao,14,3,2,0,5,4,3,4,3,1,1,Alto,Muito Alto,Alto,Medio,Bom,Excelente,Doutoramento,8.507345,18-25,3k-6k,Medio (6-10),3-5 anos,2475.0,0.04,0.8,3.0,0,1.3,Baixo
30,0,Viaja Raramente,1465,Investigacao e Desenvolvimento,1,3,Medicina,4,Masculino,63,3,1,Investigador,2,Casado(a),3579,9369,0,Sim,21,4,1,1,12,2,3,11,9,5,7,Muito Alto,Medio,Alto,Baixo,Bom,Excecional,Mestrado,8.183118,26-35,3k-6k,Perto (0-5),11-20 anos,3579.0,0.16666667,0.9166667,2.3333333,2,9.8,Medio
42,0,Viaja Frequentemente,458,Investigacao e Desenvolvimento,26,5,Medicina,1,Feminino,60,3,3,Director de Investigacao,1,Casado(a),13191,23281,3,Sim,17,3,3,0,20,6,3,1,0,0,0,Baixo,Baixo,Alto,Alto,Bom,Excelente,Pos-Doc,9.487366,36-45,10k-15k,Muito Longe (21+),0-2 anos,4397.0,0.0,0.05,1.6666666,2,56.6,Alto
35,0,Sem Viagem,1212,Vendas,8,2,Marketing,3,Feminino,78,2,3,Executivo de Vendas,4,Casado(a),10377,13755,4,Sim,11,3,2,1,16,6,2,13,2,4,12,Alto,Muito Alto,Medio,Medio,Regular,Excelente,Licenciatura,9.247443,26-35,10k-15k,Medio (6-10),11-20 anos,3459.0,0.114285715,0.8125,3.0,3,31.8,Alto
27,0,Viaja Raramente,1103,Investigacao e Desenvolvimento,14,3,Ciencias da Vida,1,Masculino,42,3,1,Investigador,1,Casado(a),2235,14377,1,Sim,14,3,4,2,9,3,2,9,7,6,8,Baixo,Baixo,Alto,Muito Alto,Regular,Excelente,Mestrado,7.712444,26-35,Ate 3k,Longe (11-20),6-10 anos,2235.0,0.22222222,1.0,2.0,3,44.8,Alto
54,0,Viaja Frequentemente,966,Investigacao e Desenvolvimento,1,4,Ciencias da Vida,4,Feminino,53,3,3,Director de Producao,3,Divorciado(a),10502,9659,7,Nao,17,3,1,1,33,2,1,5,4,1,4,Muito Alto,Alto,Alto,Baixo,Mau,Excelente,Doutoramento,9.259417,46-55,10k-15k,Perto (0-5),3-5 anos,3500.6667,0.018518519,0.15151516,2.6666667,0,9.6,Medio
44,0,Viaja Raramente,1117,Investigacao e Desenvolvimento,2,1,Ciencias da Vida,1,Feminino,72,4,1,Investigador,4,Casado(a),2011,19982,1,Nao,13,3,4,1,10,5,3,10,5,7,7,Baixo,Muito Alto,Muito Alto,Muito Alto,Bom,Excelente,Abaixo da Licenciatura,7.6068845,36-45,Ate 3k,Perto (0-5),6-10 anos,2011.0,0.1590909,1.0,3.0,0,2.5,Baixo
19,1,Sem Viagem,504,Investigacao e Desenvolvimento,10,3,Medicina,1,Feminino,96,2,1,Investigador,2,Solteiro(a),1859,6148,1,Sim,25,4,2,0,1,2,4,1,1,0,0,Baixo,Medio,Medio,Medio,Excelente,Excecional,Mestrado,7.5283318,18-25,Ate 3k,Medio (6-10),0-2 anos,1859.0,0.0,1.0,1.6666666,1,98.7,Alto
29,0,Viaja Raramente,1010,Investigacao e Desenvolvimento,1,3,Ciencias da Vida,1,Feminino,97,3,1,Investigador,4,Divorciado(a),3760,5598,1,Nao,15,3,1,3,3,5,3,3,2,1,2,Baixo,Muito Alto,Alto,Baixo,Bom,Excelente,Mestrado,8.23244,26-35,3k-6k,Perto (0-5),3-5 anos,3760.0,0.03448276,1.0,2.0,0,1.1,Baixo
54,0,Viaja Raramente,685,Investigacao e Desenvolvimento,3,3,Ciencias da Vida,4,Masculino,85,3,4,Director de Investigacao,4,Casado(a),17779,23474,3,Nao,14,3,1,0,36,2,3,10,9,0,9,Muito Alto,Muito Alto,Alto,Baixo,Bom,Excelente,Mestrado,9.78583,46-55,Acima 15k,Perto (0-5),6-10 anos,4444.75,0.0,0.2777778,3.0,0,0.5,Baixo
31,0,Viaja Raramente,1332,Investigacao e Desenvolvimento,11,2,Medicina,3,Masculino,80,3,2,Representante de Saude,1,Casado(a),6833,17089,1,Sim,12,3,4,0,6,2,2,6,5,0,1,Alto,Baixo,Alto,Muito Alto,Regular,Excelente,Licenciatura,8.829665,26-35,6k-10k,Longe (11-20),6-10 anos,3416.5,0.0,1.0,2.6666667,3,33.4,Alto
31,0,Viaja Raramente,1062,Investigacao e Desenvolvimento,24,3,Medicina,3,Feminino,96,2,2,Representante de Saude,1,Solteiro(a),6812,17198,1,Nao,19,3,2,0,10,2,3,10,9,1,8,Alto,Baixo,Medio,Medio,Bom,Excelente,Mestrado,8.826588,26-35,6k-10k,Muito Longe (21+),6-10 anos,3406.0,0.032258064,1.0,2.0,0,18.9,Medio
59,0,Viaja Raramente,326,Vendas,3,3,Ciencias da Vida,3,Feminino,48,2,2,Executivo de Vendas,4,Solteiro(a),5171,16490,5,Nao,17,3,4,0,13,2,3,6,1,0,5,Alto,Muito Alto,Medio,Muito Alto,Bom,Excelente,Mestrado,8.551015,56-65,3k-6k,Perto (0-5),6-10 anos,2585.5,0.0,0.46153846,3.6666667,0,10.3,Medio
43,0,Viaja Raramente,920,Investigacao e Desenvolvimento,3,3,Ciencias da Vida,3,Masculino,96,1,5,Director de Investigacao,4,Casado(a),19740,18625,3,Nao,14,3,2,1,25,2,3,8,7,0,7,Alto,Muito Alto,Baixo,Medio,Bom,Excelente,Mestrado,9.890453,36-45,Acima 15k,Perto (0-5),6-10 anos,3948.0,0.0,0.32,3.0,0,1.2,Baixo
49,0,Viaja Raramente,1098,Investigacao e Desenvolvimento,4,2,Medicina,1,Masculino,85,2,5,Gestor,3,Casado(a),18711,12124,2,Nao,13,3,3,1,23,2,4,1,0,0,0,Baixo,Alto,Medio,Alto,Excelente,Excelente,Licenciatura,9.836921,46-55,Acima 15k,Perto (0-5),0-2 anos,3742.2,0.0,0.04347826,2.3333333,0,1.7,Baixo
36,0,Viaja Frequentemente,469,Investigacao e Desenvolvimento,3,3,Curso Tecnico,3,Masculino,46,3,1,Investigador,2,Casado(a),3692,9256,1,Nao,12,3,3,0,12,2,2,11,10,0,7,Alto,Medio,Alto,Alto,Regular,Excelente,Mestrado,8.214194,36-45,3k-6k,Perto (0-5),11-20 anos,3692.0,0.0,0.9166667,2.6666667,0,24.8,Alto
48,0,Viaja Raramente,969,Investigacao e Desenvolvimento,2,2,Curso Tecnico,4,Masculino,76,4,1,Tecnico de Laboratorio,2,Solteiro(a),2559,16620,5,Nao,11,3,3,0,7,4,2,1,0,0,0,Muito Alto,Medio,Muito Alto,Alto,Regular,Excelente,Licenciatura,7.8477626,46-55,Ate 3k,Perto (0-5),0-2 anos,2559.0,0.0,0.14285715,3.0,0,50.4,Alto
27,0,Viaja Raramente,1167,Investigacao e Desenvolvimento,4,2,Ciencias da Vida,1,Masculino,76,3,1,Investigador,3,Divorciado(a),2517,3208,1,Nao,11,3,2,3,5,2,3,5,3,0,3,Baixo,Alto,Alto,Medio,Bom,Excelente,Licenciatura,7.83122,26-35,Ate 3k,Perto (0-5),3-5 anos,2517.0,0.0,1.0,2.0,0,0.8,Baixo
29,0,Viaja Raramente,1329,Investigacao e Desenvolvimento,7,3,Ciencias da Vida,3,Masculino,82,3,2,Representante de Saude,4,Divorciado(a),6623,4204,1,Sim,11,3,2,2,6,2,3,6,0,1,0,Alto,Muito Alto,Alto,Medio,Bom,Excelente,Mestrado,8.798454,26-35,6k-10k,Medio (6-10),6-10 anos,3311.5,0.03448276,1.0,3.0,2,3.1,Medio
48,0,Viaja Raramente,715,Investigacao e Desenvolvimento,1,3,Ciencias da Vida,4,Masculino,76,2,5,Director de Investigacao,4,Solteiro(a),18265,8733,6,Nao,12,3,3,0,25,3,4,1,0,0,0,Muito Alto,Muito Alto,Medio,Alto,Excelente,Excelente,Mestrado,9.812797,46-55,Acima 15k,Perto (0-5),0-2 anos,3653.0,0.0,0.04,3.6666667,0,0.6,Baixo
29,0,Viaja Raramente,694,Investigacao e Desenvolvimento,1,3,Ciencias da Vida,4,Feminino,87,2,4,Director de Investigacao,4,Divorciado(a),16124,3423,3,Nao,14,3,2,2,9,2,2,7,7,1,7,Muito Alto,Muito Alto,Medio,Medio,Regular,Excelente,Mestrado,9.688127,26-35,Acima 15k,Perto (0-5),6-10 anos,4031.0,0.03448276,0.7777778,3.3333333,0,0.2,Baixo
34,0,Viaja Raramente,1320,Investigacao e Desenvolvimento,20,3,Curso Tecnico,3,Feminino,89,4,1,Investigador,3,Casado(a),2585,21643,0,Nao,17,3,4,0,2,5,2,1,0,0,0,Alto,Alto,Muito Alto,Muito Alto,Regular,Excelente,Mestrado,7.8578677,26-35,Ate 3k,Longe (11-20),0-2 anos,2585.0,0.0,0.5,3.3333333,0,36.5,Alto
44,0,Viaja Raramente,1099,Vendas,5,3,Marketing,2,Masculino,88,3,5,Gestor,2,Casado(a),18213,8751,7,Nao,11,3,3,1,26,5,3,22,9,3,10,Medio,Medio,Alto,Alto,Bom,Excelente,Mestrado,9.809946,36-45,Acima 15k,Perto (0-5),20+ anos,3642.6,0.06818182,0.84615386,2.3333333,0,0.7,Baixo
33,0,Viaja Raramente,536,Vendas,10,5,Marketing,4,Masculino,82,4,3,Executivo de Vendas,3,Divorciado(a),8380,21708,0,Sim,14,3,4,2,10,3,3,9,8,0,8,Muito Alto,Alto,Muito Alto,Muito Alto,Bom,Excelente,Pos-Doc,9.033723,26-35,6k-10k,Medio (6-10),6-10 anos,2793.3333,0.0,0.9,3.6666667,2,0.2,Baixo
19,0,Viaja Raramente,265,Investigacao e Desenvolvimento,25,3,Ciencias da Vida,2,Feminino,57,4,1,Investigador,4,Solteiro(a),2994,21221,1,Sim,12,3,4,0,1,2,3,1,0,0,1,Medio,Muito Alto,Muito Alto,Muito Alto,Bom,Excelente,Mestrado,8.0047,18-25,Ate 3k,Muito Longe (21+),0-2 anos,2994.0,0.0,1.0,3.3333333,2,39.8,Alto
23,0,Viaja Raramente,373,Investigacao e Desenvolvimento,1,2,Ciencias da Vida,4,Masculino,47,3,1,Investigador,3,Casado(a),1223,16901,1,Nao,22,4,4,1,1,2,3,1,0,0,1,Muito Alto,Alto,Alto,Muito Alto,Bom,Excecional,Licenciatura,7.1098795,18-25,Ate 3k,Perto (0-5),0-2 anos,1223.0,0.0,1.0,3.6666667,0,3.0,Baixo
25,1,Viaja Frequentemente,599,Vendas,24,1,Ciencias da Vida,3,Masculino,73,1,1,Representante de Vendas,4,Solteiro(a),1118,8040,1,Sim,14,3,4,0,1,4,3,1,0,1,0,Alto,Muito Alto,Baixo,Muito Alto,Bom,Excelente,Abaixo da Licenciatura,7.0201907,18-25,Ate 3k,Muito Longe (21+),0-2 anos,1118.0,0.04,1.0,3.6666667,2,99.6,Alto
26,0,Viaja Raramente,583,Investigacao e Desenvolvimento,4,2,Ciencias da Vida,3,Masculino,53,3,1,Investigador,4,Solteiro(a),2875,9973,1,Sim,20,4,2,0,8,2,2,8,5,2,2,Alto,Muito Alto,Alto,Medio,Regular,Excecional,Licenciatura,7.9641557,26-35,Ate 3k,Perto (0-5),6-10 anos,2875.0,0.07692308,1.0,3.0,3,25.4,Alto
45,1,Viaja Raramente,1449,Vendas,2,3,Marketing,1,Feminino,94,1,5,Gestor,2,Solteiro(a),18824,2493,2,Sim,16,3,1,0,26,2,3,24,10,1,11,Baixo,Medio,Baixo,Baixo,Bom,Excelente,Mestrado,9.842941,36-45,Acima 15k,Perto (0-5),20+ anos,3764.8,0.022222223,0.9230769,1.3333334,2,90.7,Alto
55,0,Sem Viagem,177,Investigacao e Desenvolvimento,8,1,Medicina,4,Masculino,37,2,4,Representante de Saude,2,Divorciado(a),13577,25592,1,Sim,15,3,4,1,34,3,3,33,9,15,0,Muito Alto,Medio,Medio,Muito Alto,Bom,Excelente,Abaixo da Licenciatura,9.516206,46-55,10k-15k,Medio (6-10),20+ anos,3394.25,0.27272728,0.9705882,3.3333333,2,3.7,Medio
21,1,Viaja Frequentemente,251,Investigacao e Desenvolvimento,10,2,Ciencias da Vida,1,Feminino,45,2,1,Tecnico de Laboratorio,3,Solteiro(a),2625,25308,1,Nao,20,4,3,0,2,2,1,2,2,2,2,Baixo,Alto,Medio,Alto,Mau,Excecional,Licenciatura,7.873217,18-25,Ate 3k,Medio (6-10),0-2 anos,2625.0,0.0952381,1.0,2.3333333,0,98.6,Alto
46,0,Viaja Raramente,168,Vendas,4,2,Marketing,4,Feminino,33,2,5,Gestor,2,Casado(a),18789,9946,2,Nao,14,3,3,1,26,2,3,11,4,0,8,Muito Alto,Medio,Medio,Alto,Bom,Excelente,Licenciatura,9.84108,46-55,Acima 15k,Perto (0-5),11-20 anos,3757.8,0.0,0.42307693,3.0,0,2.7,Baixo
34,0,Viaja Raramente,131,Vendas,2,3,Marketing,3,Feminino,86,3,2,Executivo de Vendas,1,Solteiro(a),4538,6039,0,Sim,12,3,4,0,4,3,3,3,2,0,2,Alto,Baixo,Alto,Muito Alto,Bom,Excelente,Mestrado,8.420462,26-35,3k-6k,Perto (0-5),3-5 anos,2269.0,0.0,0.75,2.6666667,2,32.3,Alto
51,0,Viaja Frequentemente,237,Vendas,9,3,Ciencias da Vida,4,Masculino,83,3,5,Gestor,2,Divorciado(a),19847,19196,4,Sim,24,4,1,1,31,5,2,29,10,11,10,Muito Alto,Medio,Alto,Baixo,Regular,Excecional,Mestrado,9.895859,46-55,Acima 15k,Medio (6-10),20+ anos,3969.4,0.21568628,0.9354839,2.3333333,3,13.2,Medio
59,0,Viaja Raramente,1429,Investigacao e Desenvolvimento,18,4,Medicina,4,Masculino,67,3,3,Director de Producao,4,Solteiro(a),10512,20002,6,Nao,12,3,4,0,25,6,2,9,7,5,4,Muito Alto,Muito Alto,Alto,Muito Alto,Regular,Excelente,Doutoramento,9.260367,56-65,10k-15k,Longe (11-20),6-10 anos,3504.0,0.084745765,0.36,4.0,0,6.9,Medio
34,0,Viaja Frequentemente,135,Investigacao e Desenvolvimento,19,3,Medicina,3,Feminino,46,3,2,Tecnico de Laboratorio,2,Divorciado(a),4444,22534,4,Nao,13,3,3,2,15,2,4,11,8,5,10,Alto,Medio,Alto,Alto,Excelente,Excelente,Mestrado,8.399535,26-35,3k-6k,Longe (11-20),11-20 anos,2222.0,0.14705883,0.73333335,2.6666667,0,0.7,Baixo
28,0,Viaja Frequentemente,791,Investigacao e Desenvolvimento,1,4,Medicina,4,Masculino,44,3,1,Tecnico de Laboratorio,3,Solteiro(a),2154,6842,0,Sim,11,3,3,0,5,2,2,4,2,0,2,Muito Alto,Alto,Alto,Alto,Regular,Excelente,Doutoramento,7.675546,26-35,Ate 3k,Perto (0-5),3-5 anos,2154.0,0.0,0.8,3.3333333,3,89.2,Alto
44,0,Viaja Raramente,1199,Investigacao e Desenvolvimento,4,2,Ciencias da Vida,3,Masculino,92,4,5,Gestor,1,Divorciado(a),19190,17477,1,Nao,14,3,4,2,26,4,2,25,9,14,13,Alto,Baixo,Muito Alto,Muito Alto,Regular,Excelente,Licenciatura,9.862197,36-45,Acima 15k,Perto (0-5),20+ anos,3838.0,0.3181818,0.96153843,2.6666667,0,2.0,Baixo
34,0,Viaja Frequentemente,648,Recursos Humanos,11,3,Ciencias da Vida,3,Masculino,56,2,2,Recursos Humanos,2,Casado(a),4490,21833,4,Nao,11,3,4,2,14,5,4,10,9,1,8,Alto,Medio,Medio,Muito Alto,Excelente,Excelente,Mestrado,8.409831,26-35,3k-6k,Longe (11-20),6-10 anos,2245.0,0.029411765,0.71428573,3.0,0,3.7,Medio
35,0,Viaja Raramente,735,Investigacao e Desenvolvimento,6,1,Ciencias da Vida,3,Masculino,66,3,1,Investigador,3,Casado(a),3506,6020,0,Sim,14,3,4,0,4,3,3,3,2,2,2,Alto,Alto,Alto,Muito Alto,Bom,Excelente,Abaixo da Licenciatura,8.162517,26-35,3k-6k,Medio (6-10),3-5 anos,3506.0,0.057142857,0.75,3.3333333,2,13.4,Medio
42,0,Viaja Raramente,603,Investigacao e Desenvolvimento,7,4,Medicina,2,Feminino,78,4,2,Investigador,2,Casado(a),2372,5628,6,Sim,16,3,4,0,18,2,3,1,0,0,0,Medio,Medio,Muito Alto,Muito Alto,Bom,Excelente,Doutoramento,7.77191,36-45,Ate 3k,Medio (6-10),0-2 anos,1186.0,0.0,0.055555556,2.6666667,2,24.5,Alto
43,0,Viaja Raramente,531,Vendas,4,4,Marketing,4,Feminino,56,2,3,Executivo de Vendas,4,Solteiro(a),10231,20364,3,Nao,14,3,4,0,23,3,4,21,7,15,17,Muito Alto,Muito Alto,Medio,Muito Alto,Excelente,Excelente,Doutoramento,9.233275,36-45,10k-15k,Perto (0-5),20+ anos,3410.3333,0.3488372,0.9130435,4.0,0,5.4,Medio
36,0,Viaja Raramente,429,Investigacao e Desenvolvimento,2,4,Ciencias da Vida,3,Feminino,53,3,2,Director de Producao,2,Solteiro(a),5410,2323,9,Sim,11,3,4,0,18,2,3,16,14,5,12,Alto,Medio,Alto,Muito Alto,Bom,Excelente,Doutoramento,8.5961895,36-45,3k-6k,Perto (0-5),11-20 anos,2705.0,0.1388889,0.8888889,3.0,2,4.1,Medio
44,1,Viaja Raramente,621,Investigacao e Desenvolvimento,15,3,Medicina,1,Feminino,73,3,3,Representante de Saude,4,Casado(a),7978,14075,1,Nao,11,3,4,1,10,2,3,10,7,0,5,Baixo,Muito Alto,Alto,Muito Alto,Bom,Excelente,Mestrado,8.984569,36-45,6k-10k,Longe (11-20),6-10 anos,2659.3333,0.0,1.0,3.0,0,91.2,Alto
28,0,Viaja Frequentemente,193,Investigacao e Desenvolvimento,2,3,Ciencias da Vida,4,Masculino,52,2,1,Tecnico de Laboratorio,4,Casado(a),3867,14222,1,Sim,12,3,2,1,2,2,3,2,2,2,2,Muito Alto,Muito Alto,Medio,Medio,Bom,Excelente,Mestrado,8.260493,26-35,3k-6k,Perto (0-5),0-2 anos,3867.0,0.071428575,1.0,3.3333333,2,15.3,Medio
51,0,Viaja Frequentemente,968,Investigacao e Desenvolvimento,6,2,Medicina,2,Feminino,40,2,1,Tecnico de Laboratorio,3,Solteiro(a),2838,4257,0,Nao,14,3,2,0,8,6,2,7,0,7,7,Medio,Alto,Medio,Medio,Regular,Excelente,Licenciatura,7.951207,46-55,Ate 3k,Medio (6-10),6-10 anos,2838.0,0.13725491,0.875,2.3333333,0,13.6,Medio
30,0,Sem Viagem,879,Investigacao e Desenvolvimento,9,2,Medicina,3,Feminino,72,3,2,Director de Producao,3,Solteiro(a),4695,12858,7,Sim,18,3,3,0,10,3,3,8,4,1,7,Alto,Alto,Alto,Alto,Bom,Excelente,Licenciatura,8.454467,26-35,3k-6k,Medio (6-10),6-10 anos,2347.5,0.033333335,0.8,3.0,2,31.9,Alto
29,1,Viaja Raramente,806,Investigacao e Desenvolvimento,7,3,Curso Tecnico,2,Feminino,39,3,1,Tecnico de Laboratorio,3,Divorciado(a),3339,17285,3,Sim,13,3,1,2,10,2,3,7,7,7,7,Medio,Alto,Alto,Baixo,Bom,Excelente,Mestrado,8.113726,26-35,3k-6k,Medio (6-10),6-10 anos,3339.0,0.2413793,0.7,2.0,2,99.2,Alto
28,0,Viaja Raramente,640,Investigacao e Desenvolvimento,1,3,Curso Tecnico,4,Masculino,84,3,1,Investigador,1,Solteiro(a),2080,4732,2,Nao,11,3,2,0,5,2,2,3,2,1,2,Muito Alto,Baixo,Alto,Medio,Regular,Excelente,Mestrado,7.640604,26-35,Ate 3k,Perto (0-5),3-5 anos,2080.0,0.035714287,0.6,2.3333333,0,79.9,Alto
25,0,Viaja Raramente,266,Investigacao e Desenvolvimento,1,3,Medicina,4,Feminino,40,3,1,Investigador,2,Solteiro(a),2096,18830,1,Nao,18,3,4,0,2,3,2,2,2,2,1,Muito Alto,Medio,Alto,Muito Alto,Regular,Excelente,Mestrado,7.648263,18-25,Ate 3k,Perto (0-5),0-2 anos,2096.0,0.08,1.0,3.3333333,0,8.5,Medio
32,0,Viaja Raramente,604,Vendas,8,3,Medicina,3,Masculino,56,4,2,Executivo de Vendas,4,Casado(a),6209,11693,1,Nao,15,3,3,2,10,4,4,10,7,0,8,Alto,Muito Alto,Muito Alto,Alto,Excelente,Excelente,Mestrado,8.733916,26-35,6k-10k,Medio (6-10),6-10 anos,3104.5,0.0,1.0,3.3333333,0,0.3,Baixo
45,0,Viaja Frequentemente,364,Investigacao e Desenvolvimento,25,3,Medicina,2,Feminino,83,3,5,Gestor,2,Solteiro(a),18061,13035,3,Nao,22,4,3,0,22,4,3,0,0,0,0,Medio,Medio,Alto,Alto,Bom,Excecional,Mestrado,9.801565,36-45,Acima 15k,Muito Longe (21+),0-2 anos,3612.2,0.0,0.0,2.3333333,0,4.7,Medio
39,0,Viaja Raramente,412,Investigacao e Desenvolvimento,13,4,Medicina,3,Feminino,94,2,4,Gestor,2,Divorciado(a),17123,17334,6,Sim,13,3,4,2,21,4,3,19,9,15,2,Alto,Medio,Medio,Muito Alto,Bom,Excelente,Doutoramento,9.748237,36-45,Acima 15k,Longe (11-20),11-20 anos,4280.75,0.3846154,0.9047619,3.0,2,8.4,Medio
58,0,Viaja Raramente,848,Investigacao e Desenvolvimento,23,4,Ciencias da Vida,1,Masculino,88,3,1,Investigador,3,Divorciado(a),2372,26076,1,Nao,12,3,4,2,2,3,3,2,2,2,2,Baixo,Alto,Alto,Muito Alto,Bom,Excelente,Doutoramento,7.77191,56-65,Ate 3k,Muito Longe (21+),0-2 anos,2372.0,0.03448276,1.0,2.6666667,0,3.8,Medio
32,1,Viaja Raramente,1089,Investigacao e Desenvolvimento,7,2,Ciencias da Vida,4,Masculino,79,3,2,Tecnico de Laboratorio,3,Casado(a),4883,22845,1,Nao,18,3,1,1,10,3,3,10,4,1,1,Muito Alto,Alto,Alto,Baixo,Bom,Excelente,Licenciatura,8.49372,26-35,3k-6k,Medio (6-10),6-10 anos,2441.5,0.03125,1.0,2.6666667,0,85.6,Alto
39,1,Viaja Raramente,360,Investigacao e Desenvolvimento,23,3,Medicina,3,Masculino,93,3,1,Investigador,1,Solteiro(a),3904,22154,0,Nao,13,3,1,0,6,2,3,5,2,0,3,Alto,Baixo,Alto,Baixo,Bom,Excelente,Mestrado,8.270013,36-45,3k-6k,Muito Longe (21+),3-5 anos,3904.0,0.0,0.8333333,1.6666666,0,93.1,Alto
30,0,Viaja Raramente,1138,Investigacao e Desenvolvimento,6,3,Curso Tecnico,1,Feminino,48,2,2,Tecnico de Laboratorio,4,Casado(a),4627,23631,0,Nao,12,3,1,1,10,6,3,9,2,6,7,Baixo,Muito Alto,Medio,Baixo,Bom,Excelente,Mestrado,8.43988,26-35,3k-6k,Medio (6-10),6-10 anos,2313.5,0.2,0.9,2.0,0,16.9,Medio
36,0,Viaja Raramente,325,Investigacao e Desenvolvimento,10,4,Curso Tecnico,4,Feminino,63,3,3,Representante de Saude,3,Casado(a),7094,5747,3,Nao,12,3,1,0,10,0,3,7,7,1,7,Muito Alto,Alto,Alto,Baixo,Bom,Excelente,Doutoramento,8.867146,36-45,6k-10k,Medio (6-10),6-10 anos,2364.6667,0.027777778,0.7,2.6666667,0,27.9,Alto
46,0,Viaja Raramente,991,Recursos Humanos,1,2,Ciencias da Vida,4,Feminino,44,3,1,Recursos Humanos,1,Solteiro(a),3423,22957,6,Nao,12,3,3,0,10,3,4,7,6,5,7,Muito Alto,Baixo,Alto,Alto,Excelente,Excelente,Licenciatura,8.138565,46-55,3k-6k,Perto (0-5),6-10 anos,3423.0,0.10869565,0.7,2.6666667,0,37.3,Alto
28,0,Sem Viagem,1476,Investigacao e Desenvolvimento,1,3,Ciencias da Vida,3,Feminino,55,1,2,Tecnico de Laboratorio,4,Casado(a),6674,16392,0,Nao,11,3,1,3,10,6,3,9,8,7,5,Alto,Muito Alto,Baixo,Baixo,Bom,Excelente,Mestrado,8.806125,26-35,6k-10k,Perto (0-5),6-10 anos,3337.0,0.25,0.9,2.6666667,0,1.8,Baixo
50,0,Viaja Raramente,1322,Investigacao e Desenvolvimento,28,3,Ciencias da Vida,4,Feminino,43,3,4,Director de Investigacao,1,Casado(a),16880,22422,4,Sim,11,3,2,0,25,2,3,3,2,1,2,Muito Alto,Baixo,Alto,Medio,Bom,Excelente,Mestrado,9.733944,46-55,Acima 15k,Muito Longe (21+),3-5 anos,4220.0,0.02,0.12,2.3333333,2,13.0,Medio
40,1,Viaja Raramente,299,Vendas,25,4,Marketing,4,Masculino,57,2,3,Executivo de Vendas,2,Solteiro(a),9094,17235,2,Sim,12,3,3,0,9,2,3,5,4,1,0,Muito Alto,Medio,Medio,Alto,Bom,Excelente,Doutoramento,9.11548,36-45,6k-10k,Muito Longe (21+),3-5 anos,3031.3333,0.025,0.5555556,3.0,2,95.8,Alto
52,1,Viaja Raramente,1030,Vendas,5,3,Ciencias da Vida,2,Masculino,64,3,3,Executivo de Vendas,2,Solteiro(a),8446,21534,9,Sim,19,3,3,0,10,2,2,8,7,7,7,Medio,Medio,Alto,Alto,Regular,Excelente,Mestrado,9.041567,46-55,6k-10k,Perto (0-5),6-10 anos,2815.3333,0.13461539,0.8,2.3333333,3,99.6,Alto
30,0,Viaja Raramente,634,Investigacao e Desenvolvimento,17,4,Medicina,2,Feminino,95,3,3,Gestor,1,Casado(a),11916,25927,1,Sim,23,4,4,2,9,2,3,9,1,0,8,Medio,Baixo,Alto,Muito Alto,Bom,Excecional,Doutoramento,9.385721,26-35,10k-15k,Longe (11-20),6-10 anos,3972.0,0.0,1.0,2.3333333,2,27.3,Alto
39,0,Viaja Raramente,524,Investigacao e Desenvolvimento,18,2,Ciencias da Vida,1,Masculino,32,3,2,Director de Producao,3,Solteiro(a),4534,13352,0,Nao,11,3,1,0,9,6,3,8,7,1,7,Baixo,Alto,Alto,Baixo,Bom,Excelente,Licenciatura,8.41958,36-45,3k-6k,Longe (11-20),6-10 anos,2267.0,0.025641026,0.8888889,1.6666666,0,5.1,Medio
31,0,Sem Viagem,587,Vendas,2,4,Ciencias da Vida,4,Feminino,57,3,3,Executivo de Vendas,3,Divorciado(a),9852,8935,1,Sim,19,3,1,1,10,5,2,10,8,9,6,Muito Alto,Alto,Alto,Baixo,Regular,Excelente,Doutoramento,9.195531,26-35,6k-10k,Perto (0-5),6-10 anos,3284.0,0.29032257,1.0,2.6666667,3,12.6,Medio
41,0,Sem Viagem,256,Vendas,10,2,Medicina,3,Masculino,40,1,2,Executivo de Vendas,2,Solteiro(a),6151,22074,1,Nao,13,3,1,0,19,4,3,19,2,11,9,Alto,Medio,Baixo,Baixo,Bom,Excelente,Licenciatura,8.724532,36-45,6k-10k,Medio (6-10),11-20 anos,3075.5,0.2682927,1.0,2.0,0,25.0,Alto
31,1,Viaja Frequentemente,1060,Vendas,1,3,Ciencias da Vida,4,Feminino,54,3,1,Representante de Vendas,2,Solteiro(a),2302,8319,1,Sim,11,3,1,0,3,2,4,3,2,2,2,Muito Alto,Medio,Alto,Baixo,Excelente,Excelente,Mestrado,7.7419677,26-35,Ate 3k,Perto (0-5),3-5 anos,2302.0,0.06451613,1.0,2.3333333,1,98.8,Alto
44,1,Viaja Raramente,935,Investigacao e Desenvolvimento,3,3,Ciencias da Vida,1,Masculino,89,3,1,Tecnico de Laboratorio,1,Casado(a),2362,14669,4,Nao,12,3,3,0,10,4,4,3,2,1,2,Baixo,Baixo,Alto,Alto,Excelente,Excelente,Mestrado,7.7676873,36-45,Ate 3k,Perto (0-5),3-5 anos,2362.0,0.022727273,0.3,1.6666666,0,87.2,Alto
42,0,Sem Viagem,495,Investigacao e Desenvolvimento,2,1,Ciencias da Vida,3,Masculino,37,3,4,Gestor,3,Casado(a),17861,26582,0,Sim,13,3,4,0,21,3,2,20,8,2,10,Alto,Alto,Alto,Muito Alto,Regular,Excelente,Abaixo da Licenciatura,9.790431,36-45,Acima 15k,Perto (0-5),11-20 anos,4465.25,0.04761905,0.95238096,3.3333333,3,6.6,Medio
55,0,Viaja Raramente,282,Investigacao e Desenvolvimento,2,2,Medicina,4,Feminino,58,1,5,Gestor,3,Casado(a),19187,6992,4,Nao,14,3,4,1,23,5,3,19,9,9,11,Muito Alto,Alto,Baixo,Muito Alto,Bom,Excelente,Licenciatura,9.8620405,46-55,Acima 15k,Perto (0-5),11-20 anos,3837.4,0.16363636,0.82608694,3.6666667,0,5.1,Medio
56,0,Viaja Raramente,206,Recursos Humanos,8,4,Ciencias da Vida,4,Masculino,99,3,5,Gestor,2,Solteiro(a),19717,4022,6,Nao,14,3,1,0,36,4,3,7,3,7,7,Muito Alto,Medio,Alto,Baixo,Bom,Excelente,Doutoramento,9.889287,56-65,Acima 15k,Medio (6-10),6-10 anos,3943.4,0.125,0.19444445,2.3333333,0,5.4,Medio
40,0,Sem Viagem,458,Investigacao e Desenvolvimento,16,2,Ciencias da Vida,3,Masculino,74,3,1,Investigador,3,Divorciado(a),3544,8532,9,Nao,16,3,2,1,6,0,3,4,2,0,0,Alto,Alto,Alto,Medio,Bom,Excelente,Licenciatura,8.173293,36-45,3k-6k,Longe (11-20),3-5 anos,3544.0,0.0,0.6666667,2.6666667,0,1.8,Baixo
34,0,Viaja Raramente,943,Investigacao e Desenvolvimento,9,3,Ciencias da Vida,4,Masculino,86,3,3,Representante de Saude,4,Divorciado(a),8500,5494,0,Nao,11,3,4,1,10,0,2,9,7,1,6,Muito Alto,Muito Alto,Alto,Muito Alto,Regular,Excelente,Mestrado,9.047939,26-35,6k-10k,Medio (6-10),6-10 anos,2833.3333,0.029411765,0.9,4.0,0,0.7,Baixo
40,0,Viaja Raramente,523,Investigacao e Desenvolvimento,2,3,Ciencias da Vida,3,Masculino,98,3,2,Investigador,4,Solteiro(a),4661,22455,1,Nao,13,3,3,0,9,4,3,9,8,8,8,Alto,Muito Alto,Alto,Alto,Bom,Excelente,Mestrado,8.4472,36-45,3k-6k,Perto (0-5),6-10 anos,2330.5,0.2,1.0,3.3333333,0,1.7,Baixo
41,0,Viaja Frequentemente,1018,Vendas,1,3,Marketing,3,Feminino,66,3,2,Executivo de Vendas,1,Divorciado(a),4103,4297,0,Nao,17,3,4,1,10,2,3,9,3,1,7,Alto,Baixo,Alto,Muito Alto,Bom,Excelente,Mestrado,8.319717,36-45,3k-6k,Perto (0-5),6-10 anos,2051.5,0.024390243,0.9,2.6666667,0,5.6,Medio
35,0,Viaja Frequentemente,482,Investigacao e Desenvolvimento,4,4,Ciencias da Vida,3,Masculino,87,3,2,Investigador,3,Solteiro(a),4249,2690,1,Sim,11,3,2,0,9,3,3,9,6,1,1,Alto,Alto,Alto,Medio,Bom,Excelente,Doutoramento,8.354674,26-35,3k-6k,Perto (0-5),6-10 anos,2124.5,0.028571429,1.0,2.6666667,2,15.9,Medio
51,0,Viaja Raramente,770,Recursos Humanos,5,3,Ciencias da Vida,3,Masculino,84,3,4,Gestor,2,Divorciado(a),14026,17588,1,Sim,11,3,2,1,33,2,3,33,9,0,10,Alto,Medio,Alto,Medio,Bom,Excelente,Mestrado,9.548739,46-55,10k-15k,Perto (0-5),20+ anos,3506.5,0.0,1.0,2.3333333,2,2.9,Baixo
38,0,Viaja Raramente,1009,Vendas,2,2,Ciencias da Vida,2,Feminino,31,3,2,Executivo de Vendas,1,Divorciado(a),6893,19461,3,Nao,15,3,4,1,11,3,3,7,7,1,7,Medio,Baixo,Alto,Muito Alto,Bom,Excelente,Licenciatura,8.838407,36-45,6k-10k,Perto (0-5),6-10 anos,3446.5,0.02631579,0.6363636,2.3333333,0,4.4,Medio
34,0,Viaja Raramente,507,Vendas,15,2,Medicina,3,Feminino,66,3,2,Executivo de Vendas,1,Solteiro(a),6125,23553,1,Nao,12,3,4,0,10,6,4,10,8,9,6,Alto,Baixo,Alto,Muito Alto,Excelente,Excelente,Licenciatura,8.720297,26-35,6k-10k,Longe (11-20),6-10 anos,3062.5,0.2647059,1.0,2.6666667,0,2.2,Baixo
25,0,Viaja Raramente,882,Investigacao e Desenvolvimento,19,1,Medicina,4,Masculino,67,3,1,Tecnico de Laboratorio,4,Casado(a),3669,9075,3,Nao,11,3,3,3,7,6,2,3,2,1,2,Muito Alto,Muito Alto,Alto,Alto,Regular,Excelente,Abaixo da Licenciatura,8.207947,18-25,3k-6k,Longe (11-20),3-5 anos,3669.0,0.04,0.42857143,3.6666667,0,1.1,Baixo
58,1,Viaja Raramente,601,Investigacao e Desenvolvimento,7,4,Medicina,3,Feminino,53,2,3,Director de Producao,1,Casado(a),10008,12023,7,Sim,14,3,4,0,31,0,2,10,9,5,9,Alto,Baixo,Medio,Muito Alto,Regular,Excelente,Doutoramento,9.21124,56-65,10k-15k,Medio (6-10),6-10 anos,3336.0,0.0862069,0.32258064,2.6666667,3,90.4,Alto
40,0,Viaja Raramente,329,Investigacao e Desenvolvimento,1,4,Ciencias da Vida,2,Masculino,88,3,1,Tecnico de Laboratorio,2,Casado(a),2387,6762,3,Nao,22,4,3,1,7,3,3,4,2,0,3,Medio,Medio,Alto,Alto,Bom,Excecional,Doutoramento,7.7782116,36-45,Ate 3k,Perto (0-5),3-5 anos,2387.0,0.0,0.5714286,2.3333333,0,1.0,Baixo
36,0,Viaja Frequentemente,607,Vendas,7,3,Marketing,1,Feminino,83,4,2,Executivo de Vendas,1,Casado(a),4639,2261,2,Nao,16,3,4,1,17,2,2,15,7,6,13,Baixo,Baixo,Muito Alto,Muito Alto,Regular,Excelente,Mestrado,8.44247,36-45,3k-6k,Medio (6-10),11-20 anos,2319.5,0.16666667,0.88235295,2.0,0,10.3,Medio
48,0,Viaja Raramente,855,Investigacao e Desenvolvimento,4,3,Ciencias da Vida,4,Masculino,54,3,3,Director de Producao,4,Solteiro(a),7898,18706,1,Nao,11,3,3,0,11,2,3,10,9,0,8,Muito Alto,Muito Alto,Alto,Alto,Bom,Excelente,Mestrado,8.974491,46-55,6k-10k,Perto (0-5),6-10 anos,2632.6667,0.0,0.90909094,3.6666667,0,0.9,Baixo
27,0,Viaja Raramente,1291,Vendas,11,3,Medicina,3,Feminino,98,4,1,Representante de Vendas,4,Casado(a),2534,6527,8,Nao,14,3,2,1,5,4,3,1,0,0,0,Alto,Muito Alto,Muito Alto,Medio,Bom,Excelente,Mestrado,7.837949,26-35,Ate 3k,Longe (11-20),0-2 anos,2534.0,0.0,0.2,3.0,0,6.5,Medio
51,0,Viaja Raramente,1405,Investigacao e Desenvolvimento,11,2,Curso Tecnico,4,Feminino,82,2,4,Director de Producao,2,Solteiro(a),13142,24439,3,Nao,16,3,2,0,29,1,2,5,2,0,3,Muito Alto,Medio,Medio,Medio,Regular,Excelente,Licenciatura,9.4836445,46-55,10k-15k,Longe (11-20),3-5 anos,3285.5,0.0,0.1724138,2.6666667,0,7.4,Medio
18,0,Sem Viagem,1124,Investigacao e Desenvolvimento,1,3,Ciencias da Vida,4,Feminino,97,3,1,Tecnico de Laboratorio,4,Solteiro(a),1611,19305,1,Nao,15,3,3,0,0,5,4,0,0,0,0,Muito Alto,Muito Alto,Alto,Alto,Excelente,Excelente,Mestrado,7.385231,18-25,Ate 3k,Perto (0-5),0-2 anos,1611.0,0.0,0.0,3.6666667,0,36.2,Alto
35,0,Viaja Raramente,817,Investigacao e Desenvolvimento,1,3,Medicina,4,Feminino,60,2,2,Tecnico de Laboratorio,4,Casado(a),5363,10846,0,Nao,12,3,2,1,10,0,3,9,7,0,0,Muito Alto,Muito Alto,Medio,Medio,Bom,Excelente,Mestrado,8.587465,26-35,3k-6k,Perto (0-5),6-10 anos,2681.5,0.0,0.9,3.3333333,0,1.7,Baixo
27,0,Viaja Frequentemente,793,Vendas,2,1,Ciencias da Vida,4,Masculino,43,1,2,Executivo de Vendas,4,Solteiro(a),5071,20392,3,Nao,20,4,2,0,8,3,3,6,2,0,0,Muito Alto,Muito Alto,Baixo,Medio,Bom,Excecional,Abaixo da Licenciatura,8.53149,26-35,3k-6k,Perto (0-5),6-10 anos,2535.5,0.0,0.75,3.3333333,0,5.2,Medio
55,1,Viaja Raramente,267,Vendas,13,4,Marketing,1,Masculino,85,4,4,Executivo de Vendas,3,Solteiro(a),13695,9277,6,Sim,17,3,3,0,24,2,2,19,7,3,8,Baixo,Alto,Muito Alto,Alto,Regular,Excelente,Doutoramento,9.524859,46-55,10k-15k,Longe (11-20),11-20 anos,3423.75,0.054545455,0.7916667,2.3333333,3,95.4,Alto
56,0,Viaja Raramente,1369,Investigacao e Desenvolvimento,23,3,Ciencias da Vida,4,Masculino,68,3,4,Director de Producao,2,Casado(a),13402,18235,4,Sim,12,3,1,1,33,0,3,19,16,15,9,Muito Alto,Medio,Alto,Baixo,Bom,Excelente,Mestrado,9.503234,56-65,10k-15k,Muito Longe (21+),11-20 anos,3350.5,0.26785713,0.57575756,2.3333333,2,26.4,Alto
34,0,Sem Viagem,999,Investigacao e Desenvolvimento,26,1,Curso Tecnico,1,Feminino,92,2,1,Investigador,3,Divorciado(a),2029,15891,1,Nao,20,4,3,3,5,2,3,5,4,0,0,Baixo,Alto,Medio,Alto,Bom,Excecional,Abaixo da Licenciatura,7.615791,26-35,Ate 3k,Muito Longe (21+),3-5 anos,2029.0,0.0,1.0,2.3333333,0,12.6,Medio
40,0,Viaja Raramente,1202,Investigacao e Desenvolvimento,2,1,Medicina,2,Feminino,89,4,2,Representante de Saude,3,Divorciado(a),6377,13888,5,Nao,20,4,2,3,15,0,3,12,11,11,8,Medio,Alto,Muito Alto,Medio,Bom,Excecional,Abaixo da Licenciatura,8.76061,36-45,6k-10k,Perto (0-5),11-20 anos,3188.5,0.275,0.8,2.3333333,0,0.4,Baixo
34,0,Viaja Raramente,285,Investigacao e Desenvolvimento,29,3,Medicina,2,Masculino,86,3,2,Tecnico de Laboratorio,3,Casado(a),5429,17491,4,Nao,13,3,1,2,10,1,3,8,7,7,7,Medio,Alto,Alto,Baixo,Bom,Excelente,Mestrado,8.599694,26-35,3k-6k,Muito Longe (21+),6-10 anos,2714.5,0.20588236,0.8,2.0,0,5.6,Medio
31,1,Viaja Frequentemente,703,Vendas,2,3,Ciencias da Vida,3,Feminino,90,2,1,Representante de Vendas,4,Solteiro(a),2785,11882,7,Nao,14,3,3,0,3,3,4,1,0,0,0,Alto,Muito Alto,Medio,Alto,Excelente,Excelente,Mestrado,7.932362,26-35,Ate 3k,Perto (0-5),0-2 anos,2785.0,0.0,0.33333334,3.3333333,0,92.8,Alto
35,1,Viaja Frequentemente,662,Vendas,18,4,Marketing,4,Feminino,67,3,2,Executivo de Vendas,3,Casado(a),4614,23288,0,Sim,18,3,3,1,5,0,2,4,2,3,2,Muito Alto,Alto,Alto,Alto,Regular,Excelente,Doutoramento,8.437067,26-35,3k-6k,Longe (11-20),3-5 anos,2307.0,0.08571429,0.8,3.3333333,3,93.0,Alto
38,0,Viaja Frequentemente,693,Investigacao e Desenvolvimento,7,3,Ciencias da Vida,4,Masculino,57,4,1,Investigador,3,Divorciado(a),2610,15748,1,Nao,11,3,4,3,4,2,3,4,2,0,3,Muito Alto,Alto,Muito Alto,Muito Alto,Bom,Excelente,Mestrado,7.8674884,36-45,Ate 3k,Medio (6-10),3-5 anos,2610.0,0.0,1.0,3.6666667,0,0.2,Baixo
34,0,Viaja Raramente,404,Investigacao e Desenvolvimento,2,4,Curso Tecnico,3,Feminino,98,3,2,Representante de Saude,4,Solteiro(a),6687,6163,1,Nao,11,3,4,0,14,2,4,14,11,4,11,Alto,Muito Alto,Alto,Muito Alto,Excelente,Excelente,Doutoramento,8.80807,26-35,6k-10k,Perto (0-5),11-20 anos,3343.5,0.11764706,1.0,3.6666667,0,0.7,Baixo
28,0,Viaja Raramente,736,Vendas,26,3,Ciencias da Vida,3,Masculino,48,2,2,Executivo de Vendas,1,Casado(a),4724,24232,1,Nao,11,3,3,1,5,0,3,5,3,0,4,Alto,Baixo,Medio,Alto,Bom,Excelente,Mestrado,8.460623,26-35,3k-6k,Muito Longe (21+),3-5 anos,2362.0,0.0,1.0,2.3333333,0,8.2,Medio
31,1,Viaja Raramente,330,Investigacao e Desenvolvimento,22,4,Medicina,4,Masculino,98,3,2,Director de Producao,3,Casado(a),6179,21057,1,Sim,15,3,4,2,10,3,2,10,2,6,7,Muito Alto,Alto,Alto,Muito Alto,Regular,Excelente,Doutoramento,8.729074,26-35,6k-10k,Muito Longe (21+),6-10 anos,3089.5,0.19354838,1.0,3.6666667,3,92.5,Alto
39,0,Viaja Raramente,1498,Vendas,21,4,Ciencias da Vida,1,Masculino,44,2,2,Executivo de Vendas,4,Casado(a),6120,3567,3,Sim,12,3,4,2,8,2,4,5,4,1,4,Baixo,Muito Alto,Medio,Muito Alto,Excelente,Excelente,Doutoramento,8.7194805,36-45,6k-10k,Muito Longe (21+),3-5 anos,3060.0,0.025641026,0.625,3.0,1,19.5,Medio
51,0,Viaja Frequentemente,541,Vendas,2,3,Marketing,2,Masculino,52,3,3,Executivo de Vendas,2,Casado(a),10596,15395,2,Nao,11,3,2,0,14,5,3,4,2,3,2,Medio,Medio,Alto,Medio,Bom,Excelente,Mestrado,9.268326,46-55,10k-15k,Perto (0-5),3-5 anos,3532.0,0.05882353,0.2857143,2.0,0,19.4,Medio
41,0,Viaja Frequentemente,1200,Investigacao e Desenvolvimento,22,3,Ciencias da Vida,4,Feminino,75,3,2,Investigador,4,Divorciado(a),5467,13953,3,Sim,14,3,1,2,12,4,2,6,2,3,3,Muito Alto,Muito Alto,Alto,Baixo,Regular,Excelente,Mestrado,8.606668,36-45,3k-6k,Muito Longe (21+),6-10 anos,2733.5,0.07317073,0.5,3.0,3,19.1,Medio
37,0,Viaja Raramente,1439,Investigacao e Desenvolvimento,4,1,Ciencias da Vida,3,Masculino,54,3,1,Investigador,3,Casado(a),2996,5182,7,Sim,15,3,4,0,8,2,3,6,4,1,3,Alto,Alto,Alto,Muito Alto,Bom,Excelente,Abaixo da Licenciatura,8.005367,36-45,Ate 3k,Perto (0-5),6-10 anos,2996.0,0.027027028,0.75,3.3333333,2,43.1,Alto
33,0,Viaja Frequentemente,1111,Vendas,5,1,Ciencias da Vida,2,Masculino,61,3,2,Executivo de Vendas,4,Casado(a),9998,19293,6,Nao,13,3,1,0,8,2,4,5,4,1,2,Medio,Muito Alto,Alto,Baixo,Excelente,Excelente,Abaixo da Licenciatura,9.21024,26-35,6k-10k,Perto (0-5),3-5 anos,4999.0,0.030303031,0.625,2.3333333,0,34.6,Alto
32,0,Viaja Raramente,499,Vendas,2,1,Marketing,3,Masculino,36,3,2,Executivo de Vendas,2,Casado(a),4078,20497,0,Sim,13,3,1,3,4,3,2,3,2,1,2,Alto,Medio,Alto,Baixo,Regular,Excelente,Abaixo da Licenciatura,8.313607,26-35,3k-6k,Perto (0-5),3-5 anos,2039.0,0.03125,0.75,2.0,3,29.5,Alto
39,0,Sem Viagem,1485,Investigacao e Desenvolvimento,25,2,Ciencias da Vida,3,Masculino,71,3,3,Representante de Saude,3,Casado(a),10920,3449,3,Nao,21,4,2,1,13,2,3,6,4,0,5,Alto,Alto,Alto,Medio,Bom,Excecional,Licenciatura,9.298443,36-45,10k-15k,Muito Longe (21+),6-10 anos,3640.0,0.0,0.46153846,2.6666667,0,0.5,Baixo
25,0,Viaja Raramente,1372,Vendas,18,1,Ciencias da Vida,1,Masculino,93,4,2,Executivo de Vendas,3,Casado(a),6232,12477,2,Nao,11,3,2,0,6,3,2,3,2,1,2,Baixo,Alto,Muito Alto,Medio,Regular,Excelente,Abaixo da Licenciatura,8.737613,18-25,6k-10k,Longe (11-20),3-5 anos,3116.0,0.04,0.5,2.0,0,14.4,Medio
52,0,Viaja Frequentemente,322,Investigacao e Desenvolvimento,28,2,Medicina,4,Feminino,59,4,4,Director de Producao,3,Casado(a),13247,9731,2,Sim,11,3,2,1,24,3,2,5,3,0,2,Muito Alto,Alto,Muito Alto,Medio,Regular,Excelente,Licenciatura,9.491602,46-55,10k-15k,Muito Longe (21+),3-5 anos,3311.75,0.0,0.20833333,3.0,3,2.0,Baixo
43,0,Viaja Raramente,930,Investigacao e Desenvolvimento,6,3,Medicina,1,Feminino,73,2,2,Investigador,3,Solteiro(a),4081,20003,1,Sim,14,3,1,0,20,3,1,20,7,1,8,Baixo,Alto,Medio,Baixo,Mau,Excelente,Mestrado,8.3143425,36-45,3k-6k,Medio (6-10),11-20 anos,2040.5,0.023255814,1.0,1.6666666,4,15.9,Medio
27,0,Viaja Raramente,205,Vendas,10,3,Marketing,4,Feminino,98,2,2,Executivo de Vendas,4,Casado(a),5769,7100,1,Sim,11,3,4,0,6,3,3,6,2,4,4,Muito Alto,Muito Alto,Medio,Muito Alto,Bom,Excelente,Mestrado,8.660427,26-35,3k-6k,Medio (6-10),6-10 anos,2884.5,0.14814815,1.0,4.0,2,67.4,Alto
27,1,Viaja Raramente,135,Investigacao e Desenvolvimento,17,4,Ciencias da Vida,4,Feminino,51,3,1,Investigador,3,Solteiro(a),2394,25681,1,Sim,13,3,4,0,8,2,3,8,2,7,7,Muito Alto,Alto,Alto,Muito Alto,Bom,Excelente,Doutoramento,7.7811384,26-35,Ate 3k,Longe (11-20),6-10 anos,2394.0,0.25925925,1.0,3.6666667,2,95.1,Alto
26,0,Viaja Raramente,683,Investigacao e Desenvolvimento,2,1,Medicina,1,Masculino,36,2,1,Investigador,4,Solteiro(a),3904,4050,0,Nao,12,3,4,0,5,2,3,4,3,1,1,Baixo,Muito Alto,Medio,Muito Alto,Bom,Excelente,Abaixo da Licenciatura,8.270013,26-35,3k-6k,Perto (0-5),3-5 anos,3904.0,0.03846154,0.8,3.0,0,5.2,Medio
42,0,Viaja Raramente,1147,Recursos Humanos,10,3,Recursos Humanos,3,Feminino,31,3,4,Gestor,1,Casado(a),16799,16616,0,Nao,14,3,3,1,21,5,3,20,7,0,9,Alto,Baixo,Alto,Alto,Bom,Excelente,Mestrado,9.729135,36-45,Acima 15k,Medio (6-10),11-20 anos,4199.75,0.0,0.95238096,2.3333333,0,0.2,Baixo
52,0,Viaja Raramente,258,Investigacao e Desenvolvimento,8,4,Outro,3,Feminino,54,3,1,Tecnico de Laboratorio,1,Casado(a),2950,17363,9,Nao,13,3,3,0,12,2,1,5,4,0,4,Alto,Baixo,Alto,Alto,Mau,Excelente,Doutoramento,7.989899,46-55,Ate 3k,Medio (6-10),3-5 anos,2950.0,0.0,0.41666666,2.3333333,0,28.1,Alto
37,0,Viaja Raramente,1462,Investigacao e Desenvolvimento,11,3,Medicina,1,Feminino,94,3,1,Tecnico de Laboratorio,3,Solteiro(a),3629,19106,4,Nao,18,3,1,0,8,6,3,3,2,0,2,Baixo,Alto,Alto,Baixo,Bom,Excelente,Mestrado,8.196988,36-45,3k-6k,Longe (11-20),3-5 anos,3629.0,0.0,0.375,1.6666666,0,14.4,Medio
35,0,Viaja Frequentemente,200,Investigacao e Desenvolvimento,18,2,Ciencias da Vida,3,Masculino,60,3,3,Director de Producao,4,Solteiro(a),9362,19944,2,Nao,11,3,3,0,10,2,3,2,2,2,2,Alto,Muito Alto,Alto,Alto,Bom,Excelente,Licenciatura,9.144521,26-35,6k-10k,Longe (11-20),0-2 anos,3120.6667,0.057142857,0.2,3.3333333,0,1.6,Baixo
25,0,Viaja Raramente,949,Investigacao e Desenvolvimento,1,3,Curso Tecnico,1,Masculino,81,3,1,Tecnico de Laboratorio,4,Casado(a),3229,4910,4,Nao,11,3,2,1,7,2,2,3,2,0,2,Baixo,Muito Alto,Alto,Medio,Regular,Excelente,Mestrado,8.080237,18-25,3k-6k,Perto (0-5),3-5 anos,3229.0,0.0,0.42857143,2.3333333,0,23.0,Alto
26,0,Viaja Raramente,652,Investigacao e Desenvolvimento,7,3,Outro,3,Masculino,100,4,1,Tecnico de Laboratorio,1,Solteiro(a),3578,23577,0,Nao,12,3,4,0,8,2,3,7,7,0,7,Alto,Baixo,Muito Alto,Muito Alto,Bom,Excelente,Mestrado,8.182838,26-35,3k-6k,Medio (6-10),6-10 anos,3578.0,0.0,0.875,2.6666667,0,4.1,Medio
29,0,Viaja Raramente,332,Recursos Humanos,17,3,Outro,2,Masculino,51,2,3,Recursos Humanos,1,Solteiro(a),7988,9769,1,Nao,13,3,1,0,10,3,2,10,9,0,9,Medio,Baixo,Medio,Baixo,Regular,Excelente,Mestrado,8.985821,26-35,6k-10k,Longe (11-20),6-10 anos,2662.6667,0.0,1.0,1.3333334,0,41.7,Alto
49,1,Viaja Frequentemente,1475,Investigacao e Desenvolvimento,28,2,Ciencias da Vida,1,Masculino,97,2,2,Tecnico de Laboratorio,1,Solteiro(a),4284,22710,3,Nao,20,4,1,0,20,2,3,4,3,1,3,Baixo,Baixo,Medio,Baixo,Bom,Excecional,Licenciatura,8.362876,46-55,3k-6k,Muito Longe (21+),3-5 anos,2142.0,0.020408163,0.2,1.0,0,96.7,Alto
29,1,Viaja Frequentemente,337,Investigacao e Desenvolvimento,14,1,Outro,3,Feminino,84,3,3,Representante de Saude,4,Solteiro(a),7553,22930,0,Sim,12,3,1,0,9,1,3,8,7,7,7,Alto,Muito Alto,Alto,Baixo,Bom,Excelente,Abaixo da Licenciatura,8.929832,26-35,6k-10k,Longe (11-20),6-10 anos,2517.6667,0.2413793,0.8888889,2.6666667,2,97.1,Alto
54,0,Viaja Raramente,971,Investigacao e Desenvolvimento,1,3,Medicina,4,Feminino,54,3,4,Director de Investigacao,4,Solteiro(a),17328,5652,6,Nao,19,3,4,0,29,3,2,20,7,12,7,Muito Alto,Muito Alto,Alto,Muito Alto,Regular,Excelente,Mestrado,9.760137,46-55,Acima 15k,Perto (0-5),11-20 anos,4332.0,0.22222222,0.6896552,4.0,0,9.2,Medio
58,0,Viaja Raramente,1055,Investigacao e Desenvolvimento,1,3,Medicina,4,Feminino,76,3,5,Director de Investigacao,1,Casado(a),19701,22456,3,Sim,21,4,3,1,32,3,3,9,8,1,5,Muito Alto,Baixo,Alto,Alto,Bom,Excecional,Mestrado,9.888475,56-65,Acima 15k,Perto (0-5),6-10 anos,3940.2,0.01724138,0.28125,2.6666667,2,0.3,Baixo
55,0,Viaja Raramente,1136,Investigacao e Desenvolvimento,1,4,Medicina,2,Masculino,81,4,4,Director de Investigacao,4,Divorciado(a),14732,12414,2,Nao,13,3,4,2,31,4,4,7,7,0,0,Medio,Muito Alto,Muito Alto,Muito Alto,Excelente,Excelente,Doutoramento,9.597845,46-55,10k-15k,Perto (0-5),6-10 anos,3683.0,0.0,0.22580644,3.3333333,0,0.4,Baixo
36,0,Viaja Raramente,1174,Vendas,3,4,Marketing,1,Feminino,99,3,2,Executivo de Vendas,2,Solteiro(a),9278,20763,3,Sim,16,3,4,0,15,3,3,5,4,0,1,Baixo,Medio,Alto,Muito Alto,Bom,Excelente,Doutoramento,9.1355095,36-45,6k-10k,Perto (0-5),3-5 anos,4639.0,0.0,0.33333334,2.3333333,2,16.1,Medio
31,1,Viaja Frequentemente,667,Vendas,1,4,Ciencias da Vida,2,Feminino,50,1,1,Representante de Vendas,3,Solteiro(a),1359,16154,1,Nao,12,3,2,0,1,3,3,1,0,0,0,Medio,Alto,Baixo,Medio,Bom,Excelente,Doutoramento,7.21524,26-35,Ate 3k,Perto (0-5),0-2 anos,1359.0,0.0,1.0,2.3333333,0,97.9,Alto
30,0,Viaja Raramente,855,Vendas,7,4,Marketing,4,Feminino,73,3,2,Executivo de Vendas,1,Divorciado(a),4779,12761,7,Nao,14,3,2,2,8,3,3,3,2,0,2,Muito Alto,Baixo,Alto,Medio,Bom,Excelente,Doutoramento,8.472196,26-35,3k-6k,Medio (6-10),3-5 anos,2389.5,0.0,0.375,2.3333333,0,3.4,Medio
31,0,Viaja Raramente,182,Investigacao e Desenvolvimento,8,5,Ciencias da Vida,1,Feminino,93,3,4,Director de Investigacao,2,Solteiro(a),16422,8847,3,Nao,11,3,3,0,9,3,4,3,2,1,0,Baixo,Medio,Alto,Alto,Excelente,Excelente,Pos-Doc,9.706438,26-35,Acima 15k,Medio (6-10),3-5 anos,4105.5,0.032258064,0.33333334,2.0,0,11.5,Medio
34,0,Viaja Frequentemente,560,Investigacao e Desenvolvimento,1,4,Outro,4,Masculino,91,3,1,Investigador,1,Divorciado(a),2996,20284,5,Nao,14,3,3,2,10,2,3,4,3,1,3,Muito Alto,Baixo,Alto,Alto,Bom,Excelente,Doutoramento,8.005367,26-35,Ate 3k,Perto (0-5),3-5 anos,2996.0,0.029411765,0.4,2.6666667,0,1.5,Baixo
31,1,Viaja Raramente,202,Investigacao e Desenvolvimento,8,3,Ciencias da Vida,1,Feminino,34,2,1,Investigador,2,Solteiro(a),1261,22262,1,Nao,12,3,3,0,1,3,4,1,0,0,0,Baixo,Medio,Medio,Alto,Excelente,Excelente,Mestrado,7.140453,26-35,Ate 3k,Medio (6-10),0-2 anos,1261.0,0.0,1.0,2.0,0,98.9,Alto
27,0,Viaja Raramente,1377,Investigacao e Desenvolvimento,11,1,Ciencias da Vida,2,Masculino,91,3,1,Tecnico de Laboratorio,1,Casado(a),2099,7679,0,Nao,14,3,2,0,6,3,4,5,0,1,4,Medio,Baixo,Alto,Medio,Excelente,Excelente,Abaixo da Licenciatura,7.6496925,26-35,Ate 3k,Longe (11-20),3-5 anos,2099.0,0.037037037,0.8333333,1.6666666,0,43.3,Alto
36,0,Viaja Raramente,172,Investigacao e Desenvolvimento,4,4,Ciencias da Vida,1,Masculino,37,2,2,Tecnico de Laboratorio,4,Solteiro(a),5810,22604,1,Nao,16,3,3,0,10,2,2,10,4,1,8,Baixo,Muito Alto,Medio,Alto,Regular,Excelente,Doutoramento,8.667508,36-45,3k-6k,Perto (0-5),6-10 anos,2905.0,0.027777778,1.0,2.6666667,0,6.8,Medio
36,0,Viaja Raramente,329,Vendas,16,4,Marketing,3,Feminino,98,2,2,Executivo de Vendas,1,Casado(a),5647,13494,4,Nao,13,3,1,2,11,3,2,3,2,0,2,Alto,Baixo,Medio,Baixo,Regular,Excelente,Doutoramento,8.639057,36-45,3k-6k,Longe (11-20),3-5 anos,2823.5,0.0,0.27272728,1.6666666,0,6.2,Medio
47,0,Viaja Raramente,465,Investigacao e Desenvolvimento,1,3,Curso Tecnico,1,Masculino,74,3,1,Investigador,4,Casado(a),3420,10205,7,Nao,12,3,3,1,17,2,2,6,5,1,2,Baixo,Muito Alto,Alto,Alto,Regular,Excelente,Mestrado,8.137689,46-55,3k-6k,Perto (0-5),6-10 anos,3420.0,0.021276595,0.3529412,2.6666667,0,2.2,Baixo
25,1,Viaja Raramente,383,Vendas,9,2,Ciencias da Vida,1,Masculino,68,2,1,Representante de Vendas,1,Casado(a),4400,15182,3,Nao,12,3,1,0,6,2,3,3,2,2,2,Baixo,Baixo,Medio,Baixo,Bom,Excelente,Licenciatura,8.389587,18-25,3k-6k,Medio (6-10),3-5 anos,4400.0,0.08,0.5,1.0,0,98.7,Alto
37,0,Sem Viagem,1413,Investigacao e Desenvolvimento,5,2,Curso Tecnico,3,Masculino,84,4,1,Tecnico de Laboratorio,3,Solteiro(a),3500,25470,0,Nao,14,3,1,0,7,2,1,6,5,1,3,Alto,Alto,Muito Alto,Baixo,Mau,Excelente,Licenciatura,8.160804,36-45,3k-6k,Perto (0-5),6-10 anos,3500.0,0.027027028,0.85714287,2.3333333,0,12.2,Medio
56,0,Viaja Raramente,1255,Investigacao e Desenvolvimento,1,2,Ciencias da Vida,1,Feminino,90,3,1,Investigador,1,Casado(a),2066,10494,2,Nao,22,4,4,1,5,3,4,3,2,1,0,Baixo,Baixo,Alto,Muito Alto,Excelente,Excecional,Licenciatura,7.6338534,56-65,Ate 3k,Perto (0-5),3-5 anos,2066.0,0.017857144,0.6,2.0,0,12.9,Medio
47,0,Viaja Raramente,359,Investigacao e Desenvolvimento,2,4,Medicina,1,Feminino,82,3,4,Director de Investigacao,3,Casado(a),17169,26703,3,Nao,19,3,2,2,26,2,4,20,17,5,6,Baixo,Alto,Alto,Medio,Excelente,Excelente,Doutoramento,9.750919,46-55,Acima 15k,Perto (0-5),11-20 anos,4292.25,0.10638298,0.7692308,2.0,0,0.7,Baixo
24,0,Viaja Raramente,1476,Vendas,4,1,Medicina,4,Feminino,42,3,2,Executivo de Vendas,3,Casado(a),4162,15211,1,Sim,12,3,3,2,5,3,3,5,4,0,3,Muito Alto,Alto,Alto,Alto,Bom,Excelente,Abaixo da Licenciatura,8.333991,18-25,3k-6k,Perto (0-5),3-5 anos,2081.0,0.0,1.0,3.3333333,2,0.3,Baixo
32,0,Viaja Raramente,601,Vendas,7,5,Marketing,4,Masculino,97,3,2,Executivo de Vendas,4,Casado(a),9204,23343,4,Nao,12,3,3,1,7,3,2,4,3,0,3,Muito Alto,Muito Alto,Alto,Alto,Regular,Excelente,Pos-Doc,9.127502,26-35,6k-10k,Medio (6-10),3-5 anos,4602.0,0.0,0.5714286,3.6666667,0,2.6,Baixo
34,0,Viaja Raramente,401,Investigacao e Desenvolvimento,1,3,Ciencias da Vida,4,Feminino,86,2,1,Tecnico de Laboratorio,2,Casado(a),3294,3708,5,Nao,17,3,1,1,7,2,2,5,4,0,2,Muito Alto,Medio,Medio,Baixo,Regular,Excelente,Mestrado,8.100162,26-35,3k-6k,Perto (0-5),3-5 anos,3294.0,0.0,0.71428573,2.3333333,0,5.3,Medio
41,0,Viaja Raramente,1283,Investigacao e Desenvolvimento,5,5,Medicina,2,Masculino,90,4,1,Investigador,3,Casado(a),2127,5561,2,Sim,12,3,1,0,7,5,2,4,2,0,3,Medio,Alto,Muito Alto,Baixo,Regular,Excelente,Pos-Doc,7.6629376,36-45,Ate 3k,Perto (0-5),3-5 anos,2127.0,0.0,0.5714286,2.0,3,25.6,Alto
40,0,Sem Viagem,663,Investigacao e Desenvolvimento,9,4,Outro,3,Masculino,81,3,2,Tecnico de Laboratorio,3,Divorciado(a),3975,23099,3,Nao,11,3,3,2,11,2,4,8,7,0,7,Alto,Alto,Alto,Alto,Excelente,Excelente,Doutoramento,8.288032,36-45,3k-6k,Medio (6-10),6-10 anos,1987.5,0.0,0.72727275,3.0,0,0.5,Baixo
31,0,Viaja Raramente,326,Vendas,8,2,Ciencias da Vida,1,Masculino,31,3,3,Executivo de Vendas,4,Divorciado(a),10793,8386,1,Nao,18,3,1,1,13,5,3,13,7,9,9,Baixo,Muito Alto,Alto,Baixo,Bom,Excelente,Licenciatura,9.286746,26-35,10k-15k,Medio (6-10),11-20 anos,3597.6667,0.29032257,1.0,2.0,0,6.4,Medio
46,1,Viaja Raramente,377,Vendas,9,3,Marketing,1,Masculino,52,3,3,Executivo de Vendas,4,Divorciado(a),10096,15986,4,Nao,11,3,1,1,28,1,4,7,7,4,3,Baixo,Muito Alto,Alto,Baixo,Excelente,Excelente,Mestrado,9.219994,46-55,10k-15k,Medio (6-10),6-10 anos,3365.3333,0.08695652,0.25,2.0,0,89.4,Alto
39,1,Sem Viagem,592,Investigacao e Desenvolvimento,2,3,Ciencias da Vida,1,Feminino,54,2,1,Tecnico de Laboratorio,1,Solteiro(a),3646,17181,2,Sim,23,4,2,0,11,2,4,1,0,0,0,Baixo,Baixo,Medio,Medio,Excelente,Excecional,Mestrado,8.20166,36-45,3k-6k,Perto (0-5),0-2 anos,3646.0,0.0,0.09090909,1.3333334,1,97.5,Alto
31,1,Viaja Frequentemente,1445,Investigacao e Desenvolvimento,1,5,Ciencias da Vida,3,Feminino,100,4,3,Director de Producao,2,Solteiro(a),7446,8931,1,Nao,11,3,1,0,10,2,3,10,8,4,7,Alto,Medio,Muito Alto,Baixo,Bom,Excelente,Pos-Doc,8.915566,26-35,6k-10k,Perto (0-5),6-10 anos,2482.0,0.12903225,1.0,2.0,0,92.9,Alto
45,0,Viaja Raramente,1038,Investigacao e Desenvolvimento,20,3,Medicina,2,Masculino,95,1,3,Representante de Saude,1,Divorciado(a),10851,19863,2,Sim,18,3,2,1,24,2,3,7,7,0,7,Medio,Baixo,Baixo,Medio,Bom,Excelente,Mestrado,9.292105,36-45,10k-15k,Longe (11-20),6-10 anos,3617.0,0.0,0.29166666,1.6666666,2,27.0,Alto
31,0,Viaja Raramente,1398,Recursos Humanos,8,2,Medicina,4,Feminino,96,4,1,Recursos Humanos,2,Solteiro(a),2109,24609,9,Nao,18,3,4,0,8,3,3,3,2,0,2,Muito Alto,Medio,Muito Alto,Muito Alto,Bom,Excelente,Licenciatura,7.6544433,26-35,Ate 3k,Medio (6-10),3-5 anos,2109.0,0.0,0.375,3.3333333,0,2.7,Baixo
31,1,Viaja Frequentemente,523,Investigacao e Desenvolvimento,2,3,Ciencias da Vida,2,Masculino,94,3,1,Tecnico de Laboratorio,4,Casado(a),3722,21081,6,Sim,13,3,3,1,7,2,1,2,2,2,2,Medio,Muito Alto,Alto,Alto,Mau,Excelente,Mestrado,8.222285,26-35,3k-6k,Perto (0-5),0-2 anos,3722.0,0.06451613,0.2857143,3.0,4,97.5,Alto
45,0,Viaja Raramente,1448,Investigacao e Desenvolvimento,29,3,Curso Tecnico,2,Masculino,55,3,3,Director de Producao,4,Casado(a),9380,14720,4,Sim,18,3,4,2,10,4,4,3,1,1,2,Medio,Muito Alto,Alto,Muito Alto,Excelente,Excelente,Mestrado,9.146441,36-45,6k-10k,Muito Longe (21+),3-5 anos,3126.6667,0.022222223,0.3,3.3333333,1,6.6,Medio
48,0,Viaja Raramente,1221,Vendas,7,3,Marketing,3,Masculino,96,3,2,Executivo de Vendas,1,Divorciado(a),5486,24795,4,Nao,11,3,1,3,15,3,3,2,2,2,2,Alto,Baixo,Alto,Baixo,Bom,Excelente,Mestrado,8.610137,46-55,3k-6k,Medio (6-10),0-2 anos,2743.0,0.041666668,0.13333334,1.6666666,0,5.7,Medio
34,1,Viaja Raramente,1107,Recursos Humanos,9,4,Curso Tecnico,1,Feminino,52,3,1,Recursos Humanos,3,Casado(a),2742,3072,1,Nao,15,3,4,0,2,0,3,2,2,2,2,Baixo,Alto,Alto,Muito Alto,Bom,Excelente,Doutoramento,7.9168077,26-35,Ate 3k,Medio (6-10),0-2 anos,2742.0,0.05882353,1.0,2.6666667,0,91.9,Alto
40,0,Sem Viagem,218,Investigacao e Desenvolvimento,8,1,Medicina,4,Masculino,55,2,3,Director de Investigacao,2,Divorciado(a),13757,25178,2,Nao,11,3,3,1,16,5,3,9,8,4,8,Muito Alto,Medio,Medio,Alto,Bom,Excelente,Abaixo da Licenciatura,9.529376,36-45,10k-15k,Medio (6-10),6-10 anos,4585.6665,0.1,0.5625,3.0,0,0.5,Baixo
28,0,Viaja Raramente,866,Vendas,5,3,Medicina,4,Masculino,84,3,2,Executivo de Vendas,1,Solteiro(a),8463,23490,0,Nao,18,3,4,0,6,4,3,5,4,1,3,Muito Alto,Baixo,Alto,Muito Alto,Bom,Excelente,Mestrado,9.043577,26-35,6k-10k,Perto (0-5),3-5 anos,4231.5,0.035714287,0.8333333,3.0,0,1.3,Baixo
44,0,Sem Viagem,981,Investigacao e Desenvolvimento,5,3,Ciencias da Vida,3,Masculino,90,2,1,Tecnico de Laboratorio,3,Solteiro(a),3162,7973,3,Nao,14,3,4,0,7,5,3,5,2,0,3,Alto,Alto,Medio,Muito Alto,Bom,Excelente,Mestrado,8.059277,36-45,3k-6k,Perto (0-5),3-5 anos,3162.0,0.0,0.71428573,3.3333333,0,0.9,Baixo
53,0,Viaja Raramente,447,Investigacao e Desenvolvimento,2,3,Medicina,4,Masculino,39,4,4,Director de Investigacao,2,Solteiro(a),16598,19764,4,Nao,12,3,2,0,35,2,2,9,8,8,8,Muito Alto,Medio,Muito Alto,Medio,Regular,Excelente,Mestrado,9.717097,46-55,Acima 15k,Perto (0-5),6-10 anos,4149.5,0.1509434,0.25714287,2.6666667,0,1.0,Baixo
49,0,Viaja Raramente,1495,Investigacao e Desenvolvimento,5,4,Curso Tecnico,1,Masculino,96,3,2,Representante de Saude,3,Casado(a),6651,21534,2,Nao,14,3,2,1,20,0,2,3,2,1,2,Baixo,Alto,Alto,Medio,Regular,Excelente,Doutoramento,8.802672,46-55,6k-10k,Perto (0-5),3-5 anos,3325.5,0.020408163,0.15,2.0,0,5.2,Medio
40,0,Viaja Raramente,896,Investigacao e Desenvolvimento,2,3,Medicina,3,Masculino,68,3,1,Investigador,3,Divorciado(a),2345,8045,2,Nao,14,3,3,1,8,3,4,3,1,1,2,Alto,Alto,Alto,Alto,Excelente,Excelente,Mestrado,7.760467,36-45,Ate 3k,Perto (0-5),3-5 anos,2345.0,0.025,0.375,3.0,0,2.0,Baixo
44,0,Viaja Raramente,1467,Investigacao e Desenvolvimento,20,3,Ciencias da Vida,4,Masculino,49,3,1,Investigador,2,Solteiro(a),3420,21158,1,Nao,13,3,3,0,6,3,2,5,2,1,3,Muito Alto,Medio,Alto,Alto,Regular,Excelente,Mestrado,8.137689,36-45,3k-6k,Longe (11-20),3-5 anos,3420.0,0.022727273,0.8333333,3.0,0,8.2,Medio
33,0,Viaja Frequentemente,430,Vendas,7,3,Medicina,4,Masculino,54,3,2,Executivo de Vendas,1,Casado(a),4373,17456,0,Nao,14,3,1,2,5,2,3,4,3,0,3,Muito Alto,Baixo,Alto,Baixo,Bom,Excelente,Mestrado,8.383433,26-35,3k-6k,Medio (6-10),3-5 anos,2186.5,0.0,0.8,2.0,0,3.0,Baixo
34,0,Viaja Raramente,1326,Vendas,3,3,Outro,4,Masculino,81,1,2,Executivo de Vendas,1,Solteiro(a),4759,15891,3,Nao,18,3,4,0,15,2,3,13,9,3,12,Muito Alto,Baixo,Baixo,Muito Alto,Bom,Excelente,Mestrado,8.468003,26-35,3k-6k,Perto (0-5),11-20 anos,2379.5,0.0882353,0.8666667,3.0,0,9.1,Medio
30,0,Viaja Raramente,1358,Vendas,16,1,Ciencias da Vida,4,Masculino,96,3,2,Executivo de Vendas,3,Casado(a),5301,2939,8,Nao,15,3,3,2,4,2,2,2,1,2,2,Muito Alto,Alto,Alto,Alto,Regular,Excelente,Abaixo da Licenciatura,8.575839,26-35,3k-6k,Longe (11-20),0-2 anos,2650.5,0.06666667,0.5,3.3333333,0,22.0,Alto
42,0,Viaja Frequentemente,748,Investigacao e Desenvolvimento,9,2,Medicina,1,Feminino,74,3,1,Tecnico de Laboratorio,4,Solteiro(a),3673,16458,1,Nao,13,3,3,0,12,3,3,12,9,5,8,Baixo,Muito Alto,Alto,Alto,Bom,Excelente,Licenciatura,8.209036,36-45,3k-6k,Medio (6-10),11-20 anos,3673.0,0.11904762,1.0,2.6666667,0,2.5,Baixo
44,0,Viaja Frequentemente,383,Vendas,1,5,Marketing,1,Feminino,79,3,2,Executivo de Vendas,3,Casado(a),4768,9282,7,Nao,12,3,3,1,11,4,2,1,0,0,0,Baixo,Alto,Alto,Alto,Regular,Excelente,Pos-Doc,8.469892,36-45,3k-6k,Perto (0-5),0-2 anos,2384.0,0.0,0.09090909,2.3333333,0,54.4,Alto
30,0,Sem Viagem,990,Investigacao e Desenvolvimento,7,3,Curso Tecnico,3,Masculino,64,3,1,Investigador,3,Divorciado(a),1274,7152,1,Nao,13,3,2,2,1,2,2,1,0,0,0,Alto,Alto,Alto,Medio,Regular,Excelente,Mestrado,7.1507015,26-35,Ate 3k,Medio (6-10),0-2 anos,1274.0,0.0,1.0,2.6666667,0,17.1,Medio
57,0,Viaja Raramente,405,Investigacao e Desenvolvimento,1,2,Ciencias da Vida,2,Masculino,93,4,2,Investigador,3,Casado(a),4900,2721,0,Nao,24,4,1,1,13,2,2,12,9,2,8,Medio,Alto,Muito Alto,Baixo,Regular,Excecional,Licenciatura,8.497194,56-65,3k-6k,Perto (0-5),11-20 anos,2450.0,0.03508772,0.9230769,2.0,0,2.3,Baixo
49,0,Viaja Raramente,1490,Investigacao e Desenvolvimento,7,4,Ciencias da Vida,3,Masculino,35,3,3,Representante de Saude,2,Divorciado(a),10466,20948,3,Nao,14,3,2,2,29,3,3,8,7,0,7,Alto,Medio,Alto,Medio,Bom,Excelente,Doutoramento,9.255982,46-55,10k-15k,Medio (6-10),6-10 anos,3488.6667,0.0,0.27586207,2.3333333,0,0.2,Baixo
34,0,Viaja Frequentemente,829,Investigacao e Desenvolvimento,15,3,Medicina,2,Masculino,71,3,4,Director de Investigacao,1,Divorciado(a),17007,11929,7,Nao,14,3,4,2,16,3,2,14,8,6,9,Medio,Baixo,Alto,Muito Alto,Regular,Excelente,Mestrado,9.741439,26-35,Acima 15k,Longe (11-20),11-20 anos,4251.75,0.1764706,0.875,2.3333333,0,3.7,Medio
28,1,Viaja Frequentemente,1496,Vendas,1,3,Curso Tecnico,1,Masculino,92,3,1,Representante de Vendas,3,Casado(a),2909,15747,3,Nao,15,3,4,1,5,3,4,3,2,1,2,Baixo,Alto,Alto,Muito Alto,Excelente,Excelente,Mestrado,7.9759083,26-35,Ate 3k,Perto (0-5),3-5 anos,2909.0,0.035714287,0.6,2.6666667,0,93.8,Alto
29,1,Viaja Frequentemente,115,Vendas,13,3,Curso Tecnico,1,Feminino,51,3,2,Executivo de Vendas,2,Solteiro(a),5765,17485,5,Nao,11,3,1,0,7,4,1,5,3,0,0,Baixo,Medio,Alto,Baixo,Mau,Excelente,Mestrado,8.659734,26-35,3k-6k,Longe (11-20),3-5 anos,2882.5,0.0,0.71428573,1.3333334,0,99.8,Alto
34,1,Viaja Raramente,790,Vendas,24,4,Medicina,1,Feminino,40,2,2,Executivo de Vendas,2,Solteiro(a),4599,7815,0,Sim,23,4,3,0,16,2,4,15,9,10,10,Baixo,Medio,Medio,Alto,Excelente,Excecional,Doutoramento,8.433811,26-35,3k-6k,Muito Longe (21+),11-20 anos,2299.5,0.29411766,0.9375,2.0,1,97.4,Alto
35,0,Viaja Raramente,660,Vendas,7,1,Ciencias da Vida,4,Masculino,76,3,1,Representante de Vendas,3,Casado(a),2404,16192,1,Nao,13,3,1,1,1,3,3,1,0,0,0,Muito Alto,Alto,Alto,Baixo,Bom,Excelente,Abaixo da Licenciatura,7.785305,26-35,Ate 3k,Medio (6-10),0-2 anos,2404.0,0.0,1.0,2.6666667,0,30.5,Alto
24,1,Viaja Frequentemente,381,Investigacao e Desenvolvimento,9,3,Medicina,2,Masculino,89,3,1,Tecnico de Laboratorio,1,Solteiro(a),3172,16998,2,Sim,11,3,3,0,4,2,2,0,0,0,0,Medio,Baixo,Alto,Alto,Regular,Excelente,Mestrado,8.062433,18-25,3k-6k,Medio (6-10),0-2 anos,3172.0,0.0,0.0,2.0,3,99.8,Alto
24,0,Sem Viagem,830,Vendas,13,2,Ciencias da Vida,4,Feminino,78,3,1,Representante de Vendas,2,Casado(a),2033,7103,1,Nao,13,3,3,1,1,2,3,1,0,0,0,Muito Alto,Medio,Alto,Alto,Bom,Excelente,Licenciatura,7.6177597,18-25,Ate 3k,Longe (11-20),0-2 anos,2033.0,0.0,1.0,3.0,0,64.4,Alto
44,0,Viaja Frequentemente,1193,Investigacao e Desenvolvimento,2,1,Medicina,2,Masculino,86,3,3,Director de Producao,3,Solteiro(a),10209,19719,5,Sim,18,3,2,0,16,2,2,2,2,2,2,Medio,Alto,Alto,Medio,Regular,Excelente,Abaixo da Licenciatura,9.231123,36-45,10k-15k,Perto (0-5),0-2 anos,3403.0,0.045454547,0.125,2.3333333,3,72.9,Alto
29,0,Viaja Raramente,1246,Vendas,19,3,Ciencias da Vida,3,Masculino,77,2,2,Executivo de Vendas,3,Divorciado(a),8620,23757,1,Nao,14,3,3,2,10,3,3,10,7,0,4,Alto,Alto,Medio,Alto,Bom,Excelente,Mestrado,9.061956,26-35,6k-10k,Longe (11-20),6-10 anos,4310.0,0.0,1.0,3.0,0,2.1,Baixo
30,0,Viaja Raramente,330,Recursos Humanos,1,3,Ciencias da Vida,3,Masculino,46,3,1,Recursos Humanos,3,Divorciado(a),2064,15428,0,Nao,21,4,1,1,6,3,4,5,3,1,3,Alto,Alto,Alto,Baixo,Excelente,Excecional,Mestrado,7.6328855,26-35,Ate 3k,Perto (0-5),3-5 anos,2064.0,0.033333335,0.8333333,2.3333333,0,1.3,Baixo
55,0,Viaja Raramente,1229,Investigacao e Desenvolvimento,4,4,Ciencias da Vida,4,Masculino,30,3,2,Representante de Saude,3,Casado(a),4035,16143,0,Sim,16,3,2,0,4,2,3,3,2,1,2,Muito Alto,Alto,Alto,Medio,Bom,Excelente,Doutoramento,8.303009,46-55,3k-6k,Perto (0-5),3-5 anos,2017.5,0.018181818,0.75,3.0,2,15.8,Medio
33,0,Viaja Raramente,1099,Investigacao e Desenvolvimento,4,4,Medicina,1,Feminino,82,2,1,Tecnico de Laboratorio,2,Casado(a),3838,8192,8,Nao,11,3,4,0,8,5,3,5,4,0,2,Baixo,Medio,Medio,Muito Alto,Bom,Excelente,Doutoramento,8.252967,26-35,3k-6k,Perto (0-5),3-5 anos,3838.0,0.0,0.625,2.3333333,0,4.6,Medio
47,0,Viaja Raramente,571,Vendas,14,3,Medicina,3,Feminino,78,3,2,Executivo de Vendas,3,Casado(a),4591,24200,3,Sim,17,3,3,1,11,4,2,5,4,1,2,Alto,Alto,Alto,Alto,Regular,Excelente,Mestrado,8.432071,46-55,3k-6k,Longe (11-20),3-5 anos,2295.5,0.021276595,0.45454547,3.0,3,6.8,Medio
28,1,Viaja Frequentemente,289,Investigacao e Desenvolvimento,2,2,Medicina,3,Masculino,38,2,1,Tecnico de Laboratorio,1,Solteiro(a),2561,5355,7,Nao,11,3,3,0,8,2,2,0,0,0,0,Alto,Baixo,Medio,Alto,Regular,Excelente,Licenciatura,7.8485436,26-35,Ate 3k,Perto (0-5),0-2 anos,2561.0,0.0,0.0,2.3333333,0,98.4,Alto
28,0,Viaja Raramente,1423,Investigacao e Desenvolvimento,1,3,Ciencias da Vida,1,Masculino,72,2,1,Investigador,3,Divorciado(a),1563,12530,1,Nao,14,3,4,1,1,2,1,1,0,0,0,Baixo,Alto,Medio,Muito Alto,Mau,Excelente,Mestrado,7.355002,26-35,Ate 3k,Perto (0-5),0-2 anos,1563.0,0.0,1.0,2.6666667,0,50.6,Alto
28,0,Viaja Frequentemente,467,Vendas,7,3,Ciencias da Vida,3,Masculino,55,3,2,Executivo de Vendas,1,Solteiro(a),4898,11827,0,Nao,14,3,4,0,5,5,3,4,2,1,3,Alto,Baixo,Alto,Muito Alto,Bom,Excelente,Mestrado,8.496786,26-35,3k-6k,Medio (6-10),3-5 anos,2449.0,0.035714287,0.8,2.6666667,0,8.2,Medio
49,0,Viaja Raramente,271,Investigacao e Desenvolvimento,3,2,Medicina,3,Feminino,43,2,2,Tecnico de Laboratorio,1,Casado(a),4789,23070,4,Nao,25,4,1,1,10,3,3,3,2,1,2,Alto,Baixo,Medio,Baixo,Bom,Excecional,Licenciatura,8.474286,46-55,3k-6k,Perto (0-5),3-5 anos,2394.5,0.020408163,0.3,1.6666666,0,23.6,Alto
29,0,Viaja Frequentemente,410,Investigacao e Desenvolvimento,2,1,Ciencias da Vida,4,Feminino,97,3,1,Tecnico de Laboratorio,2,Casado(a),3180,4668,0,Nao,13,3,3,3,4,3,3,3,2,0,2,Muito Alto,Medio,Alto,Alto,Bom,Excelente,Abaixo da Licenciatura,8.064951,26-35,3k-6k,Perto (0-5),3-5 anos,3180.0,0.0,0.75,3.0,0,4.0,Medio
28,0,Viaja Raramente,1083,Investigacao e Desenvolvimento,29,1,Ciencias da Vida,3,Masculino,96,1,2,Director de Producao,2,Casado(a),6549,3173,1,Nao,14,3,2,2,8,2,2,8,6,1,7,Alto,Medio,Baixo,Medio,Regular,Excelente,Abaixo da Licenciatura,8.78722,26-35,6k-10k,Muito Longe (21+),6-10 anos,3274.5,0.035714287,1.0,2.3333333,0,2.1,Baixo
33,0,Viaja Raramente,516,Investigacao e Desenvolvimento,8,5,Ciencias da Vida,4,Masculino,69,3,2,Representante de Saude,3,Solteiro(a),6388,22049,2,Sim,17,3,1,0,14,6,3,0,0,0,0,Muito Alto,Alto,Alto,Baixo,Bom,Excelente,Pos-Doc,8.762333,26-35,6k-10k,Medio (6-10),0-2 anos,3194.0,0.0,0.0,2.6666667,2,21.0,Alto
32,0,Viaja Raramente,495,Investigacao e Desenvolvimento,10,3,Medicina,3,Masculino,64,3,3,Gestor,4,Solteiro(a),11244,21072,2,Nao,25,4,2,0,10,5,4,5,2,0,0,Alto,Muito Alto,Alto,Medio,Excelente,Excecional,Mestrado,9.327679,26-35,10k-15k,Medio (6-10),3-5 anos,3748.0,0.0,0.5,3.0,0,0.3,Baixo
54,0,Viaja Frequentemente,1050,Investigacao e Desenvolvimento,11,4,Medicina,2,Feminino,87,3,4,Gestor,4,Divorciado(a),16032,24456,3,Nao,20,4,1,1,26,2,3,14,9,1,12,Medio,Muito Alto,Alto,Baixo,Bom,Excecional,Doutoramento,9.6824045,46-55,Acima 15k,Longe (11-20),11-20 anos,4008.0,0.018518519,0.53846157,2.3333333,0,0.3,Baixo
29,1,Viaja Raramente,224,Investigacao e Desenvolvimento,1,4,Curso Tecnico,1,Masculino,100,2,1,Investigador,1,Solteiro(a),2362,7568,6,Nao,13,3,3,0,11,2,1,9,7,0,7,Baixo,Baixo,Medio,Alto,Mau,Excelente,Doutoramento,7.7676873,26-35,Ate 3k,Perto (0-5),6-10 anos,2362.0,0.0,0.8181818,1.6666666,0,97.4,Alto
44,0,Viaja Raramente,136,Investigacao e Desenvolvimento,28,3,Ciencias da Vida,4,Masculino,32,3,4,Director de Investigacao,1,Casado(a),16328,22074,3,Nao,13,3,3,1,24,1,4,20,6,14,17,Muito Alto,Baixo,Alto,Alto,Excelente,Excelente,Mestrado,9.700698,36-45,Acima 15k,Muito Longe (21+),11-20 anos,4082.0,0.3181818,0.8333333,2.6666667,0,2.6,Baixo
39,0,Viaja Raramente,1089,Investigacao e Desenvolvimento,6,3,Ciencias da Vida,2,Feminino,32,3,3,Director de Producao,2,Solteiro(a),8376,9150,4,Nao,18,3,4,0,9,3,3,2,0,2,2,Medio,Medio,Alto,Muito Alto,Bom,Excelente,Mestrado,9.033245,36-45,6k-10k,Medio (6-10),0-2 anos,2792.0,0.051282052,0.22222222,2.6666667,0,0.7,Baixo
46,0,Viaja Raramente,228,Vendas,3,3,Ciencias da Vida,3,Feminino,51,3,4,Gestor,2,Casado(a),16606,11380,8,Nao,12,3,4,1,23,2,4,13,12,5,1,Alto,Medio,Alto,Muito Alto,Excelente,Excelente,Mestrado,9.71758,46-55,Acima 15k,Perto (0-5),11-20 anos,4151.5,0.10869565,0.5652174,3.0,0,12.5,Medio
35,0,Viaja Raramente,1029,Investigacao e Desenvolvimento,16,3,Ciencias da Vida,4,Feminino,91,2,3,Representante de Saude,2,Solteiro(a),8606,21195,1,Nao,19,3,4,0,11,3,1,11,8,3,3,Muito Alto,Medio,Medio,Muito Alto,Mau,Excelente,Mestrado,9.060331,26-35,6k-10k,Longe (11-20),11-20 anos,2868.6667,0.08571429,1.0,3.3333333,0,13.7,Medio
23,0,Viaja Raramente,507,Investigacao e Desenvolvimento,20,1,Ciencias da Vida,1,Masculino,97,3,2,Tecnico de Laboratorio,3,Solteiro(a),2272,24812,0,Nao,14,3,2,0,5,2,3,4,3,1,2,Baixo,Alto,Alto,Medio,Bom,Excelente,Abaixo da Licenciatura,7.7288556,18-25,Ate 3k,Longe (11-20),3-5 anos,1136.0,0.04347826,0.8,2.0,0,23.8,Alto
40,1,Viaja Raramente,676,Investigacao e Desenvolvimento,9,4,Ciencias da Vida,4,Masculino,86,3,1,Tecnico de Laboratorio,1,Solteiro(a),2018,21831,3,Nao,14,3,2,0,15,3,1,5,4,1,0,Muito Alto,Baixo,Alto,Medio,Mau,Excelente,Doutoramento,7.6103578,36-45,Ate 3k,Medio (6-10),3-5 anos,2018.0,0.025,0.33333334,2.3333333,0,91.5,Alto
34,0,Viaja Raramente,971,Vendas,1,3,Curso Tecnico,4,Masculino,64,2,3,Executivo de Vendas,3,Casado(a),7083,12288,1,Sim,14,3,4,0,10,3,3,10,9,8,6,Muito Alto,Alto,Medio,Muito Alto,Bom,Excelente,Mestrado,8.865594,26-35,6k-10k,Perto (0-5),6-10 anos,2361.0,0.23529412,1.0,3.6666667,2,38.2,Alto
31,1,Viaja Frequentemente,561,Investigacao e Desenvolvimento,3,3,Ciencias da Vida,4,Feminino,33,3,1,Investigador,3,Solteiro(a),4084,4156,1,Nao,12,3,1,0,7,2,1,7,2,7,7,Muito Alto,Alto,Alto,Baixo,Mau,Excelente,Mestrado,8.315077,26-35,3k-6k,Perto (0-5),6-10 anos,4084.0,0.22580644,1.0,2.6666667,0,93.1,Alto
50,0,Viaja Frequentemente,333,Investigacao e Desenvolvimento,22,5,Medicina,3,Masculino,88,1,4,Director de Investigacao,4,Solteiro(a),14411,24450,1,Sim,13,3,4,0,32,2,3,32,6,13,9,Alto,Muito Alto,Baixo,Muito Alto,Bom,Excelente,Pos-Doc,9.575816,46-55,10k-15k,Muito Longe (21+),20+ anos,3602.75,0.26,1.0,3.6666667,2,51.9,Alto
34,0,Viaja Raramente,1440,Vendas,7,2,Curso Tecnico,2,Masculino,55,3,1,Representante de Vendas,3,Casado(a),2308,4944,0,Sim,25,4,2,1,12,4,3,11,10,5,7,Medio,Alto,Alto,Medio,Bom,Excecional,Licenciatura,7.74457,26-35,Ate 3k,Medio (6-10),11-20 anos,2308.0,0.14705883,0.9166667,2.3333333,2,32.4,Alto
42,0,Viaja Raramente,1210,Investigacao e Desenvolvimento,2,3,Medicina,3,Masculino,68,2,1,Tecnico de Laboratorio,2,Casado(a),4841,24052,4,Nao,14,3,2,1,4,3,3,1,0,0,0,Alto,Medio,Medio,Medio,Bom,Excelente,Mestrado,8.485084,36-45,3k-6k,Perto (0-5),0-2 anos,4841.0,0.0,0.25,2.3333333,0,3.8,Medio
37,0,Viaja Raramente,674,Investigacao e Desenvolvimento,13,3,Medicina,1,Masculino,47,3,2,Investigador,4,Casado(a),4285,3031,1,Nao,17,3,1,0,10,2,3,10,8,3,7,Baixo,Muito Alto,Alto,Baixo,Bom,Excelente,Mestrado,8.36311,36-45,3k-6k,Longe (11-20),6-10 anos,2142.5,0.08108108,1.0,2.0,0,7.0,Medio
29,0,Viaja Raramente,441,Investigacao e Desenvolvimento,8,1,Outro,3,Feminino,39,1,2,Representante de Saude,1,Casado(a),9715,7288,3,Nao,13,3,3,1,9,3,3,7,7,0,7,Alto,Baixo,Baixo,Alto,Bom,Excelente,Abaixo da Licenciatura,9.181529,26-35,6k-10k,Medio (6-10),6-10 anos,4857.5,0.0,0.7777778,2.3333333,0,8.1,Medio
33,0,Viaja Raramente,575,Investigacao e Desenvolvimento,25,3,Ciencias da Vida,4,Masculino,44,2,2,Director de Producao,2,Solteiro(a),4320,24152,1,Nao,13,3,4,0,5,2,3,5,3,0,2,Muito Alto,Medio,Medio,Muito Alto,Bom,Excelente,Mestrado,8.371243,26-35,3k-6k,Muito Longe (21+),3-5 anos,2160.0,0.0,1.0,3.3333333,0,0.1,Baixo
45,0,Viaja Raramente,950,Investigacao e Desenvolvimento,28,3,Curso Tecnico,4,Masculino,97,3,1,Investigador,4,Casado(a),2132,4585,4,Nao,20,4,4,1,8,3,3,5,4,0,3,Muito Alto,Muito Alto,Alto,Muito Alto,Bom,Excecional,Mestrado,7.6652846,36-45,Ate 3k,Muito Longe (21+),3-5 anos,2132.0,0.0,0.625,4.0,0,0.8,Baixo
42,0,Viaja Frequentemente,288,Investigacao e Desenvolvimento,2,3,Ciencias da Vida,4,Masculino,40,3,3,Representante de Saude,4,Casado(a),10124,18611,2,Sim,14,3,3,1,24,3,1,20,8,13,9,Muito Alto,Muito Alto,Alto,Alto,Mau,Excelente,Mestrado,9.222763,36-45,10k-15k,Perto (0-5),11-20 anos,3374.6667,0.30952382,0.8333333,3.6666667,4,5.2,Medio
40,0,Viaja Raramente,1342,Vendas,9,2,Medicina,1,Masculino,47,3,2,Executivo de Vendas,1,Casado(a),5473,19345,0,Nao,12,3,4,0,9,5,4,8,4,7,1,Baixo,Baixo,Alto,Muito Alto,Excelente,Excelente,Licenciatura,8.607765,36-45,3k-6k,Medio (6-10),6-10 anos,2736.5,0.175,0.8888889,2.0,0,1.9,Baixo
33,0,Viaja Raramente,589,Investigacao e Desenvolvimento,28,4,Ciencias da Vida,2,Masculino,79,3,2,Tecnico de Laboratorio,3,Casado(a),5207,22949,1,Sim,12,3,2,1,15,3,3,15,14,5,7,Medio,Alto,Alto,Medio,Bom,Excelente,Doutoramento,8.557951,26-35,3k-6k,Muito Longe (21+),11-20 anos,2603.5,0.15151516,1.0,2.3333333,2,4.2,Medio
40,0,Viaja Raramente,898,Recursos Humanos,6,2,Medicina,3,Masculino,38,3,4,Gestor,4,Solteiro(a),16437,17381,1,Sim,21,4,4,0,21,2,3,21,7,7,7,Alto,Muito Alto,Alto,Muito Alto,Bom,Excecional,Licenciatura,9.707351,36-45,Acima 15k,Medio (6-10),20+ anos,4109.25,0.175,1.0,3.6666667,2,33.6,Alto
24,0,Viaja Raramente,350,Investigacao e Desenvolvimento,21,2,Curso Tecnico,3,Masculino,57,2,1,Tecnico de Laboratorio,1,Divorciado(a),2296,10036,0,Nao,14,3,2,3,2,3,3,1,1,0,0,Alto,Baixo,Medio,Medio,Bom,Excelente,Licenciatura,7.7393594,18-25,Ate 3k,Muito Longe (21+),0-2 anos,2296.0,0.0,0.5,2.0,0,91.4,Alto
40,0,Sem Viagem,1142,Investigacao e Desenvolvimento,8,2,Ciencias da Vida,4,Masculino,72,3,2,Representante de Saude,4,Divorciado(a),4069,8841,3,Sim,18,3,3,0,8,2,3,2,2,2,2,Muito Alto,Muito Alto,Alto,Alto,Bom,Excelente,Licenciatura,8.3113985,36-45,3k-6k,Medio (6-10),0-2 anos,2034.5,0.05,0.25,3.6666667,2,2.6,Baixo
45,0,Viaja Raramente,538,Investigacao e Desenvolvimento,1,4,Curso Tecnico,1,Masculino,66,3,3,Representante de Saude,2,Divorciado(a),7441,20933,1,Nao,12,3,1,3,10,4,3,10,8,7,7,Baixo,Medio,Alto,Baixo,Bom,Excelente,Doutoramento,8.914895,36-45,6k-10k,Perto (0-5),6-10 anos,2480.3333,0.15555556,1.0,1.3333334,0,10.9,Medio
35,0,Viaja Raramente,1402,Vendas,28,4,Ciencias da Vida,2,Feminino,98,2,1,Representante de Vendas,3,Casado(a),2430,26204,0,Nao,23,4,1,2,6,5,3,5,3,4,2,Medio,Alto,Medio,Baixo,Bom,Excecional,Doutoramento,7.796058,26-35,Ate 3k,Muito Longe (21+),3-5 anos,2430.0,0.114285715,0.8333333,2.0,0,5.9,Medio
32,0,Viaja Raramente,824,Investigacao e Desenvolvimento,5,2,Ciencias da Vida,4,Feminino,67,2,2,Investigador,2,Casado(a),5878,15624,3,Nao,12,3,1,1,12,2,3,7,1,2,5,Muito Alto,Medio,Medio,Baixo,Bom,Excelente,Licenciatura,8.679142,26-35,3k-6k,Perto (0-5),6-10 anos,2939.0,0.0625,0.5833333,2.3333333,0,2.7,Baixo
36,0,Viaja Raramente,1157,Vendas,2,4,Ciencias da Vida,3,Masculino,70,3,1,Representante de Vendas,4,Solteiro(a),2644,17001,3,Sim,21,4,4,0,7,3,2,3,2,1,2,Alto,Muito Alto,Alto,Muito Alto,Regular,Excecional,Doutoramento,7.8804264,36-45,Ate 3k,Perto (0-5),3-5 anos,2644.0,0.027777778,0.42857143,3.6666667,3,16.7,Medio
48,0,Viaja Raramente,492,Vendas,16,4,Ciencias da Vida,3,Feminino,96,3,2,Executivo de Vendas,3,Divorciado(a),6439,13693,8,Nao,14,3,3,1,18,2,3,8,7,7,7,Alto,Alto,Alto,Alto,Bom,Excelente,Doutoramento,8.770284,46-55,6k-10k,Longe (11-20),6-10 anos,3219.5,0.14583333,0.44444445,3.0,0,2.8,Baixo
29,0,Viaja Raramente,598,Investigacao e Desenvolvimento,9,3,Ciencias da Vida,3,Masculino,91,4,1,Investigador,3,Casado(a),2451,22376,6,Nao,18,3,1,2,5,2,2,1,0,0,0,Alto,Alto,Muito Alto,Baixo,Regular,Excelente,Mestrado,7.8046594,26-35,Ate 3k,Medio (6-10),0-2 anos,2451.0,0.0,0.2,2.3333333,0,29.2,Alto
33,0,Viaja Raramente,1242,Vendas,8,4,Ciencias da Vida,1,Masculino,46,3,2,Executivo de Vendas,1,Casado(a),6392,10589,2,Nao,13,3,4,1,8,6,1,2,2,2,2,Baixo,Baixo,Alto,Muito Alto,Mau,Excelente,Doutoramento,8.762959,26-35,6k-10k,Medio (6-10),0-2 anos,3196.0,0.060606062,0.25,2.0,0,4.4,Medio
30,1,Viaja Raramente,740,Vendas,1,3,Ciencias da Vida,2,Masculino,64,2,2,Executivo de Vendas,1,Casado(a),9714,5323,1,Nao,11,3,4,1,10,4,3,10,8,6,7,Medio,Baixo,Medio,Muito Alto,Bom,Excelente,Mestrado,9.181426,26-35,6k-10k,Perto (0-5),6-10 anos,4857.0,0.2,1.0,2.3333333,0,84.3,Alto
38,0,Viaja Frequentemente,888,Recursos Humanos,10,4,Recursos Humanos,3,Masculino,71,3,2,Recursos Humanos,3,Casado(a),6077,14814,3,Nao,11,3,3,0,10,2,3,6,3,1,2,Alto,Alto,Alto,Alto,Bom,Excelente,Doutoramento,8.712431,36-45,6k-10k,Medio (6-10),6-10 anos,3038.5,0.02631579,0.6,3.0,0,21.8,Alto
35,0,Viaja Raramente,992,Investigacao e Desenvolvimento,1,3,Medicina,4,Masculino,68,2,1,Tecnico de Laboratorio,1,Solteiro(a),2450,21731,1,Nao,19,3,2,0,3,3,3,3,0,1,2,Muito Alto,Baixo,Medio,Medio,Bom,Excelente,Mestrado,7.804251,26-35,Ate 3k,Perto (0-5),3-5 anos,2450.0,0.028571429,1.0,2.3333333,0,4.0,Medio
30,0,Viaja Raramente,1288,Vendas,29,4,Curso Tecnico,3,Masculino,33,3,3,Executivo de Vendas,2,Casado(a),9250,17799,3,Nao,12,3,2,1,9,3,3,4,2,1,3,Alto,Medio,Alto,Medio,Bom,Excelente,Doutoramento,9.132487,26-35,6k-10k,Muito Longe (21+),3-5 anos,3083.3333,0.033333335,0.44444445,2.3333333,0,0.2,Baixo
35,1,Viaja Raramente,104,Investigacao e Desenvolvimento,2,3,Ciencias da Vida,1,Feminino,69,3,1,Tecnico de Laboratorio,1,Divorciado(a),2074,26619,1,Sim,12,3,4,1,1,2,3,1,0,0,0,Baixo,Baixo,Alto,Muito Alto,Bom,Excelente,Mestrado,7.6377163,26-35,Ate 3k,Perto (0-5),0-2 anos,2074.0,0.0,1.0,2.0,2,97.3,Alto
53,1,Viaja Raramente,607,Investigacao e Desenvolvimento,2,5,Curso Tecnico,3,Feminino,78,2,3,Director de Producao,4,Casado(a),10169,14618,0,Nao,16,3,2,1,34,4,3,33,7,1,9,Alto,Muito Alto,Medio,Medio,Bom,Excelente,Pos-Doc,9.227198,46-55,10k-15k,Perto (0-5),20+ anos,3389.6667,0.018867925,0.9705882,3.0,0,87.6,Alto
38,1,Viaja Raramente,903,Investigacao e Desenvolvimento,2,3,Medicina,3,Masculino,81,3,2,Director de Producao,2,Casado(a),4855,7653,4,Nao,11,3,1,2,7,2,3,5,2,1,4,Alto,Medio,Alto,Baixo,Bom,Excelente,Mestrado,8.48797,36-45,3k-6k,Perto (0-5),3-5 anos,2427.5,0.02631579,0.71428573,2.0,0,90.3,Alto
32,0,Sem Viagem,1200,Investigacao e Desenvolvimento,1,4,Curso Tecnico,4,Masculino,62,3,2,Investigador,1,Casado(a),4087,25174,4,Nao,14,3,2,1,9,3,2,6,5,1,2,Muito Alto,Baixo,Alto,Medio,Regular,Excelente,Doutoramento,8.315811,26-35,3k-6k,Perto (0-5),6-10 anos,2043.5,0.03125,0.6666667,2.3333333,0,2.0,Baixo
48,0,Viaja Raramente,1108,Investigacao e Desenvolvimento,15,4,Outro,3,Feminino,65,3,1,Investigador,1,Casado(a),2367,16530,8,Nao,12,3,4,1,10,3,2,8,2,7,6,Alto,Baixo,Alto,Muito Alto,Regular,Excelente,Doutoramento,7.769801,46-55,Ate 3k,Longe (11-20),6-10 anos,2367.0,0.14583333,0.8,2.6666667,0,33.3,Alto
34,0,Viaja Raramente,479,Investigacao e Desenvolvimento,7,4,Medicina,1,Masculino,35,3,1,Investigador,4,Solteiro(a),2972,22061,1,Nao,13,3,3,0,1,4,1,1,0,0,0,Baixo,Muito Alto,Alto,Alto,Mau,Excelente,Doutoramento,7.997327,26-35,Ate 3k,Medio (6-10),0-2 anos,2972.0,0.0,1.0,2.6666667,0,23.0,Alto
55,0,Viaja Raramente,685,Vendas,26,5,Marketing,3,Masculino,60,2,5,Gestor,4,Casado(a),19586,23037,1,Nao,21,4,3,1,36,3,3,36,6,2,13,Alto,Muito Alto,Medio,Alto,Bom,Excecional,Pos-Doc,9.882622,46-55,Acima 15k,Muito Longe (21+),20+ anos,3917.2,0.036363635,1.0,3.3333333,0,7.1,Medio
34,0,Viaja Raramente,1351,Investigacao e Desenvolvimento,1,4,Ciencias da Vida,2,Masculino,45,3,2,Investigador,4,Casado(a),5484,13008,9,Nao,17,3,2,1,9,3,2,2,2,2,1,Medio,Muito Alto,Alto,Medio,Regular,Excelente,Doutoramento,8.609773,26-35,3k-6k,Perto (0-5),0-2 anos,2742.0,0.05882353,0.22222222,2.6666667,0,2.2,Baixo
26,0,Viaja Raramente,474,Investigacao e Desenvolvimento,3,3,Ciencias da Vida,1,Feminino,89,3,1,Investigador,4,Casado(a),2061,11133,1,Nao,21,4,1,0,1,5,3,1,0,0,0,Baixo,Muito Alto,Alto,Baixo,Bom,Excecional,Mestrado,7.6314316,26-35,Ate 3k,Perto (0-5),0-2 anos,2061.0,0.0,1.0,2.0,0,34.5,Alto
38,0,Viaja Raramente,1245,Vendas,14,3,Ciencias da Vida,3,Masculino,80,3,2,Executivo de Vendas,2,Casado(a),9924,12355,0,Nao,11,3,4,1,10,3,3,9,8,7,7,Alto,Medio,Alto,Muito Alto,Bom,Excelente,Mestrado,9.202812,36-45,6k-10k,Longe (11-20),6-10 anos,4962.0,0.18421052,0.9,3.0,0,15.7,Medio
38,0,Viaja Raramente,437,Vendas,16,3,Ciencias da Vida,2,Feminino,90,3,2,Executivo de Vendas,2,Solteiro(a),4198,16379,2,Nao,12,3,2,0,8,5,4,3,2,1,2,Medio,Medio,Alto,Medio,Excelente,Excelente,Mestrado,8.342602,36-45,3k-6k,Longe (11-20),3-5 anos,2099.0,0.02631579,0.375,2.0,0,7.5,Medio
36,0,Viaja Raramente,884,Vendas,1,4,Ciencias da Vida,2,Feminino,73,3,2,Executivo de Vendas,3,Solteiro(a),6815,21447,6,Nao,13,3,1,0,15,5,3,1,0,0,0,Medio,Alto,Alto,Baixo,Bom,Excelente,Doutoramento,8.827028,36-45,6k-10k,Perto (0-5),0-2 anos,3407.5,0.0,0.06666667,2.0,0,6.1,Medio
29,0,Viaja Raramente,1370,Investigacao e Desenvolvimento,3,1,Medicina,2,Masculino,87,3,1,Tecnico de Laboratorio,1,Solteiro(a),4723,16213,1,Sim,18,3,4,0,10,3,3,10,9,1,5,Medio,Baixo,Alto,Muito Alto,Bom,Excelente,Abaixo da Licenciatura,8.460411,26-35,3k-6k,Perto (0-5),6-10 anos,4723.0,0.03448276,1.0,2.3333333,2,12.0,Medio
35,0,Viaja Raramente,670,Investigacao e Desenvolvimento,10,4,Medicina,1,Feminino,51,3,2,Representante de Saude,3,Solteiro(a),6142,4223,3,Sim,16,3,3,0,10,4,3,5,2,0,4,Baixo,Alto,Alto,Alto,Bom,Excelente,Doutoramento,8.723068,26-35,6k-10k,Medio (6-10),3-5 anos,3071.0,0.0,0.5,2.3333333,2,16.6,Medio
39,0,Viaja Raramente,1462,Vendas,6,3,Medicina,4,Masculino,38,4,3,Executivo de Vendas,3,Casado(a),8237,4658,2,Nao,11,3,1,1,11,3,3,7,6,7,6,Muito Alto,Alto,Muito Alto,Baixo,Bom,Excelente,Mestrado,9.016513,36-45,6k-10k,Medio (6-10),6-10 anos,2745.6667,0.17948718,0.6363636,2.6666667,0,0.9,Baixo
29,0,Viaja Frequentemente,995,Investigacao e Desenvolvimento,2,1,Ciencias da Vida,1,Masculino,87,3,2,Representante de Saude,4,Divorciado(a),8853,24483,1,Nao,19,3,4,1,6,0,4,6,4,1,3,Baixo,Muito Alto,Alto,Muito Alto,Excelente,Excelente,Abaixo da Licenciatura,9.088625,26-35,6k-10k,Perto (0-5),6-10 anos,4426.5,0.03448276,1.0,3.0,0,9.4,Medio
50,0,Viaja Raramente,264,Vendas,9,3,Marketing,3,Masculino,59,3,5,Gestor,3,Casado(a),19331,19519,4,Sim,16,3,3,1,27,2,3,1,0,0,0,Alto,Alto,Alto,Alto,Bom,Excelente,Mestrado,9.869517,46-55,Acima 15k,Medio (6-10),0-2 anos,3866.2,0.0,0.037037037,3.0,2,11.6,Medio
23,0,Viaja Raramente,977,Investigacao e Desenvolvimento,10,3,Curso Tecnico,4,Masculino,45,4,1,Investigador,3,Casado(a),2073,12826,2,Nao,16,3,4,1,4,2,3,2,2,2,2,Muito Alto,Alto,Muito Alto,Muito Alto,Bom,Excelente,Mestrado,7.637234,18-25,Ate 3k,Medio (6-10),0-2 anos,2073.0,0.08695652,0.5,3.6666667,0,3.6,Medio
36,0,Viaja Frequentemente,1302,Investigacao e Desenvolvimento,6,4,Ciencias da Vida,1,Masculino,80,4,2,Tecnico de Laboratorio,1,Casado(a),5562,19711,3,Sim,13,3,4,1,9,3,3,3,2,0,2,Baixo,Baixo,Muito Alto,Muito Alto,Bom,Excelente,Doutoramento,8.623893,36-45,3k-6k,Medio (6-10),3-5 anos,2781.0,0.0,0.33333334,2.0,2,13.9,Medio
42,0,Viaja Raramente,1059,Investigacao e Desenvolvimento,9,2,Outro,4,Masculino,93,2,5,Gestor,4,Solteiro(a),19613,26362,8,Nao,22,4,4,0,24,2,3,1,0,0,1,Muito Alto,Muito Alto,Medio,Muito Alto,Bom,Excecional,Licenciatura,9.883999,36-45,Acima 15k,Medio (6-10),0-2 anos,3922.6,0.0,0.041666668,4.0,0,0.9,Baixo
35,0,Viaja Raramente,750,Investigacao e Desenvolvimento,28,3,Ciencias da Vida,2,Masculino,46,4,2,Tecnico de Laboratorio,3,Casado(a),3407,25348,1,Nao,17,3,4,2,10,3,2,10,9,6,8,Medio,Alto,Muito Alto,Muito Alto,Regular,Excelente,Mestrado,8.133881,26-35,3k-6k,Muito Longe (21+),6-10 anos,1703.5,0.17142858,1.0,3.0,0,0.7,Baixo
34,0,Viaja Frequentemente,653,Investigacao e Desenvolvimento,10,4,Curso Tecnico,4,Masculino,92,2,2,Representante de Saude,3,Casado(a),5063,15332,1,Nao,14,3,2,1,8,3,2,8,2,7,7,Muito Alto,Alto,Medio,Medio,Regular,Excelente,Doutoramento,8.529912,26-35,3k-6k,Medio (6-10),6-10 anos,2531.5,0.20588236,1.0,3.0,0,65.4,Alto
40,0,Viaja Raramente,118,Vendas,14,2,Ciencias da Vida,4,Feminino,84,3,2,Executivo de Vendas,1,Casado(a),4639,11262,1,Nao,15,3,3,1,5,2,3,5,4,1,2,Muito Alto,Baixo,Alto,Alto,Bom,Excelente,Licenciatura,8.44247,36-45,3k-6k,Longe (11-20),3-5 anos,2319.5,0.025,1.0,2.6666667,0,0.2,Baixo
43,0,Viaja Raramente,990,Investigacao e Desenvolvimento,27,3,Curso Tecnico,4,Masculino,87,4,1,Tecnico de Laboratorio,2,Divorciado(a),4876,5855,5,Nao,12,3,3,1,8,0,3,6,4,0,2,Muito Alto,Medio,Muito Alto,Alto,Bom,Excelente,Mestrado,8.492286,36-45,3k-6k,Muito Longe (21+),6-10 anos,4876.0,0.0,0.75,3.0,0,2.2,Baixo
35,0,Viaja Raramente,1349,Investigacao e Desenvolvimento,7,2,Ciencias da Vida,3,Masculino,63,2,1,Tecnico de Laboratorio,4,Casado(a),2690,7713,1,Nao,18,3,4,1,1,5,2,1,0,0,1,Alto,Muito Alto,Medio,Muito Alto,Regular,Excelente,Licenciatura,7.8976684,26-35,Ate 3k,Medio (6-10),0-2 anos,2690.0,0.0,1.0,3.6666667,0,13.4,Medio
46,0,Viaja Raramente,563,Vendas,1,4,Ciencias da Vida,4,Masculino,56,4,4,Gestor,1,Solteiro(a),17567,3156,1,Nao,15,3,2,0,27,5,1,26,0,0,12,Muito Alto,Baixo,Muito Alto,Medio,Mau,Excelente,Doutoramento,9.773834,46-55,Acima 15k,Perto (0-5),20+ anos,4391.75,0.0,0.962963,2.3333333,0,4.1,Medio
28,1,Viaja Raramente,329,Investigacao e Desenvolvimento,24,3,Medicina,3,Masculino,51,3,1,Tecnico de Laboratorio,2,Casado(a),2408,7324,1,Sim,17,3,3,3,1,3,3,1,1,0,0,Alto,Medio,Alto,Alto,Bom,Excelente,Mestrado,7.786967,26-35,Ate 3k,Muito Longe (21+),0-2 anos,2408.0,0.0,1.0,2.6666667,2,98.1,Alto
22,0,Sem Viagem,457,Investigacao e Desenvolvimento,26,2,Outro,2,Feminino,85,2,1,Investigador,3,Casado(a),2814,10293,1,Sim,14,3,2,0,4,2,2,4,2,1,3,Medio,Alto,Medio,Medio,Regular,Excelente,Licenciatura,7.9427176,18-25,Ate 3k,Muito Longe (21+),3-5 anos,2814.0,0.045454547,1.0,2.3333333,3,74.7,Alto
50,0,Viaja Frequentemente,1234,Investigacao e Desenvolvimento,20,5,Medicina,2,Masculino,41,3,4,Representante de Saude,3,Casado(a),11245,20689,2,Sim,15,3,3,1,32,3,3,30,8,12,13,Medio,Alto,Alto,Alto,Bom,Excelente,Pos-Doc,9.327767,46-55,10k-15k,Longe (11-20),20+ anos,2811.25,0.24,0.9375,2.6666667,2,4.4,Medio
32,0,Viaja Raramente,634,Investigacao e Desenvolvimento,5,4,Outro,2,Feminino,35,4,1,Investigador,4,Casado(a),3312,18783,3,Nao,17,3,4,2,6,3,3,3,2,0,2,Medio,Muito Alto,Muito Alto,Muito Alto,Bom,Excelente,Doutoramento,8.105609,26-35,3k-6k,Perto (0-5),3-5 anos,3312.0,0.0,0.5,3.3333333,0,0.0,Baixo
44,0,Viaja Raramente,1313,Investigacao e Desenvolvimento,7,3,Medicina,2,Feminino,31,3,5,Director de Investigacao,4,Divorciado(a),19049,3549,0,Sim,14,3,4,1,23,4,2,22,7,1,10,Medio,Muito Alto,Alto,Muito Alto,Regular,Excelente,Mestrado,9.854822,36-45,Acima 15k,Medio (6-10),20+ anos,3809.8,0.022727273,0.95652175,3.3333333,3,0.4,Baixo
30,0,Viaja Raramente,241,Investigacao e Desenvolvimento,7,3,Medicina,2,Masculino,48,2,1,Investigador,2,Casado(a),2141,5348,1,Nao,12,3,2,1,6,3,2,6,4,1,1,Medio,Medio,Medio,Medio,Regular,Excelente,Mestrado,7.669495,26-35,Ate 3k,Medio (6-10),6-10 anos,2141.0,0.033333335,1.0,2.0,0,2.7,Baixo
45,0,Viaja Raramente,1015,Investigacao e Desenvolvimento,5,5,Medicina,3,Feminino,50,1,2,Tecnico de Laboratorio,1,Solteiro(a),5769,23447,1,Sim,14,3,1,0,10,3,3,10,7,1,4,Alto,Baixo,Baixo,Baixo,Bom,Excelente,Pos-Doc,8.660427,36-45,3k-6k,Perto (0-5),6-10 anos,2884.5,0.022222223,1.0,1.6666666,2,17.1,Medio
45,0,Sem Viagem,336,Vendas,26,3,Marketing,1,Masculino,52,2,2,Executivo de Vendas,1,Casado(a),4385,24162,1,Nao,15,3,1,1,10,2,3,10,7,4,5,Baixo,Baixo,Medio,Baixo,Bom,Excelente,Mestrado,8.386173,36-45,3k-6k,Muito Longe (21+),6-10 anos,2192.5,0.08888889,1.0,1.0,0,15.7,Medio
31,0,Viaja Frequentemente,715,Vendas,2,4,Outro,4,Masculino,54,3,2,Executivo de Vendas,1,Solteiro(a),5332,21602,7,Nao,13,3,4,0,10,3,3,5,2,0,3,Muito Alto,Baixo,Alto,Muito Alto,Bom,Excelente,Doutoramento,8.581669,26-35,3k-6k,Perto (0-5),3-5 anos,2666.0,0.0,0.5,3.0,0,4.1,Medio
36,0,Viaja Raramente,559,Investigacao e Desenvolvimento,12,4,Ciencias da Vida,3,Feminino,76,3,2,Director de Producao,3,Casado(a),4663,12421,9,Sim,12,3,2,2,7,2,3,3,2,1,1,Alto,Alto,Alto,Medio,Bom,Excelente,Doutoramento,8.447629,36-45,3k-6k,Longe (11-20),3-5 anos,2331.5,0.027777778,0.42857143,2.6666667,2,9.5,Medio
34,0,Viaja Frequentemente,426,Investigacao e Desenvolvimento,10,4,Ciencias da Vida,3,Masculino,42,4,2,Director de Producao,4,Divorciado(a),4724,17000,1,Nao,13,3,1,1,9,3,3,9,7,7,2,Alto,Muito Alto,Muito Alto,Baixo,Bom,Excelente,Doutoramento,8.460623,26-35,3k-6k,Medio (6-10),6-10 anos,2362.0,0.20588236,1.0,2.6666667,0,2.7,Baixo
49,0,Viaja Raramente,722,Investigacao e Desenvolvimento,25,4,Ciencias da Vida,3,Feminino,84,3,1,Tecnico de Laboratorio,1,Casado(a),3211,22102,1,Nao,14,3,4,1,10,3,2,9,6,1,4,Alto,Baixo,Alto,Muito Alto,Regular,Excelente,Doutoramento,8.074649,46-55,3k-6k,Muito Longe (21+),6-10 anos,3211.0,0.020408163,0.9,2.6666667,0,6.8,Medio
39,0,Viaja Raramente,1387,Investigacao e Desenvolvimento,10,5,Medicina,2,Masculino,76,3,2,Director de Producao,1,Casado(a),5377,3835,2,Nao,13,3,4,3,10,3,3,7,7,7,7,Medio,Baixo,Alto,Muito Alto,Bom,Excelente,Pos-Doc,8.590072,36-45,3k-6k,Medio (6-10),6-10 anos,2688.5,0.17948718,0.7,2.3333333,0,0.6,Baixo
27,0,Viaja Raramente,1302,Investigacao e Desenvolvimento,19,3,Outro,4,Masculino,67,2,1,Tecnico de Laboratorio,1,Divorciado(a),4066,16290,1,Nao,11,3,1,2,7,3,3,7,7,0,7,Muito Alto,Baixo,Medio,Baixo,Bom,Excelente,Mestrado,8.310661,26-35,3k-6k,Longe (11-20),6-10 anos,4066.0,0.0,1.0,2.0,0,2.4,Baixo
35,0,Viaja Raramente,819,Investigacao e Desenvolvimento,18,5,Ciencias da Vida,2,Masculino,48,4,2,Investigador,1,Casado(a),5208,26312,1,Nao,11,3,4,0,16,2,3,16,15,1,10,Medio,Baixo,Muito Alto,Muito Alto,Bom,Excelente,Pos-Doc,8.558144,26-35,3k-6k,Longe (11-20),11-20 anos,2604.0,0.028571429,1.0,2.3333333,0,0.6,Baixo
28,0,Viaja Raramente,580,Investigacao e Desenvolvimento,27,3,Medicina,2,Feminino,39,1,2,Director de Producao,1,Divorciado(a),4877,20460,0,Nao,21,4,2,1,6,5,2,5,3,0,0,Medio,Baixo,Baixo,Medio,Regular,Excecional,Mestrado,8.492491,26-35,3k-6k,Muito Longe (21+),3-5 anos,2438.5,0.0,0.8333333,1.6666666,0,26.3,Alto
21,0,Viaja Raramente,546,Investigacao e Desenvolvimento,5,1,Medicina,3,Masculino,97,3,1,Investigador,4,Solteiro(a),3117,26009,1,Nao,18,3,3,0,3,2,3,2,2,2,2,Alto,Muito Alto,Alto,Alto,Bom,Excelente,Abaixo da Licenciatura,8.044947,18-25,3k-6k,Perto (0-5),0-2 anos,3117.0,0.0952381,0.6666667,3.3333333,0,11.7,Medio
18,1,Viaja Frequentemente,544,Vendas,3,2,Medicina,2,Feminino,70,3,1,Representante de Vendas,4,Solteiro(a),1569,18420,1,Sim,12,3,3,0,0,2,4,0,0,0,0,Medio,Muito Alto,Alto,Alto,Excelente,Excelente,Licenciatura,7.358831,18-25,Ate 3k,Perto (0-5),0-2 anos,1569.0,0.0,0.0,3.0,1,98.9,Alto
47,0,Viaja Raramente,1176,Recursos Humanos,26,4,Ciencias da Vida,4,Feminino,98,3,5,Gestor,3,Casado(a),19658,5220,3,Nao,11,3,3,1,27,2,3,5,2,1,0,Muito Alto,Alto,Alto,Alto,Bom,Excelente,Doutoramento,9.886291,46-55,Acima 15k,Muito Longe (21+),3-5 anos,3931.6,0.021276595,0.18518518,3.3333333,0,0.2,Baixo
39,0,Viaja Raramente,170,Investigacao e Desenvolvimento,3,2,Medicina,3,Masculino,76,2,2,Tecnico de Laboratorio,3,Divorciado(a),3069,10302,0,Nao,15,3,4,1,11,3,3,10,8,0,7,Alto,Alto,Medio,Muito Alto,Bom,Excelente,Licenciatura,8.029433,36-45,3k-6k,Perto (0-5),6-10 anos,1534.5,0.0,0.90909094,3.3333333,0,0.9,Baixo
40,0,Viaja Raramente,884,Investigacao e Desenvolvimento,15,3,Ciencias da Vida,1,Feminino,80,2,3,Director de Producao,3,Casado(a),10435,25800,1,Nao,13,3,4,2,18,2,3,18,15,14,12,Baixo,Alto,Medio,Muito Alto,Bom,Excelente,Mestrado,9.253016,36-45,10k-15k,Longe (11-20),11-20 anos,3478.3333,0.35,1.0,2.6666667,0,22.6,Alto
35,0,Sem Viagem,208,Investigacao e Desenvolvimento,8,4,Ciencias da Vida,3,Feminino,52,3,2,Representante de Saude,3,Casado(a),4148,12250,1,Nao,12,3,4,1,15,5,3,14,11,2,9,Alto,Alto,Alto,Muito Alto,Bom,Excelente,Doutoramento,8.330623,26-35,3k-6k,Medio (6-10),11-20 anos,2074.0,0.057142857,0.93333334,3.3333333,0,0.0,Baixo
37,0,Viaja Raramente,671,Investigacao e Desenvolvimento,19,3,Ciencias da Vida,3,Masculino,85,3,2,Director de Producao,3,Casado(a),5768,26493,3,Nao,17,3,1,3,9,2,2,4,3,0,2,Alto,Alto,Alto,Baixo,Regular,Excelente,Mestrado,8.6602545,36-45,3k-6k,Longe (11-20),3-5 anos,2884.0,0.0,0.44444445,2.3333333,0,0.4,Baixo
39,0,Viaja Frequentemente,711,Investigacao e Desenvolvimento,4,3,Medicina,1,Feminino,81,3,2,Director de Producao,3,Solteiro(a),5042,3140,0,Nao,13,3,4,0,10,2,1,9,2,3,8,Baixo,Alto,Alto,Muito Alto,Mau,Excelente,Mestrado,8.525757,36-45,3k-6k,Perto (0-5),6-10 anos,2521.0,0.07692308,0.9,2.6666667,0,6.8,Medio
45,0,Viaja Raramente,1329,Investigacao e Desenvolvimento,2,2,Outro,4,Feminino,59,2,2,Director de Producao,4,Divorciado(a),5770,5388,1,Nao,19,3,1,2,10,3,3,10,7,3,9,Muito Alto,Muito Alto,Medio,Baixo,Bom,Excelente,Licenciatura,8.660601,36-45,3k-6k,Perto (0-5),6-10 anos,2885.0,0.06666667,1.0,3.0,0,0.4,Baixo
38,0,Viaja Raramente,397,Investigacao e Desenvolvimento,2,2,Medicina,4,Feminino,54,2,3,Director de Producao,3,Casado(a),7756,14199,3,Sim,19,3,4,1,10,6,4,5,4,0,2,Muito Alto,Alto,Medio,Muito Alto,Excelente,Excelente,Licenciatura,8.956351,36-45,6k-10k,Perto (0-5),3-5 anos,2585.3333,0.0,0.5,3.6666667,1,0.3,Baixo
35,1,Viaja Raramente,737,Vendas,10,3,Medicina,4,Masculino,55,2,3,Executivo de Vendas,1,Casado(a),10306,21530,9,Nao,17,3,3,0,15,3,3,13,12,6,0,Muito Alto,Baixo,Medio,Alto,Bom,Excelente,Mestrado,9.240579,26-35,10k-15k,Medio (6-10),11-20 anos,3435.3333,0.17142858,0.8666667,2.6666667,0,93.5,Alto
37,0,Viaja Raramente,1470,Investigacao e Desenvolvimento,10,3,Medicina,2,Feminino,71,3,1,Investigador,2,Casado(a),3936,9953,1,Nao,11,3,1,1,8,2,1,8,4,7,7,Medio,Medio,Alto,Baixo,Mau,Excelente,Mestrado,8.278174,36-45,3k-6k,Medio (6-10),6-10 anos,3936.0,0.1891892,1.0,1.6666666,0,12.3,Medio
40,0,Viaja Raramente,448,Investigacao e Desenvolvimento,16,3,Ciencias da Vida,3,Feminino,84,3,3,Director de Producao,4,Solteiro(a),7945,19948,6,Sim,15,3,4,0,18,2,2,4,2,3,3,Alto,Muito Alto,Alto,Muito Alto,Regular,Excelente,Mestrado,8.980424,36-45,6k-10k,Longe (11-20),3-5 anos,2648.3333,0.075,0.22222222,3.6666667,3,19.0,Medio
44,0,Viaja Frequentemente,602,Recursos Humanos,1,5,Recursos Humanos,1,Masculino,37,3,2,Recursos Humanos,4,Casado(a),5743,10503,4,Sim,11,3,3,0,14,3,3,10,7,0,2,Baixo,Muito Alto,Alto,Alto,Bom,Excelente,Pos-Doc,8.655911,36-45,3k-6k,Perto (0-5),6-10 anos,2871.5,0.0,0.71428573,2.6666667,2,12.5,Medio
48,0,Viaja Frequentemente,365,Investigacao e Desenvolvimento,4,5,Medicina,3,Masculino,89,2,4,Gestor,4,Casado(a),15202,5602,2,Nao,25,4,2,1,23,3,3,2,2,2,2,Alto,Muito Alto,Medio,Medio,Bom,Excecional,Pos-Doc,9.629248,46-55,Acima 15k,Perto (0-5),0-2 anos,3800.5,0.041666668,0.08695652,3.0,0,0.3,Baixo
35,1,Viaja Raramente,763,Vendas,15,2,Medicina,1,Masculino,59,1,2,Executivo de Vendas,4,Divorciado(a),5440,22098,6,Sim,14,3,4,2,7,2,2,2,2,2,2,Baixo,Muito Alto,Baixo,Muito Alto,Regular,Excelente,Licenciatura,8.601718,26-35,3k-6k,Longe (11-20),0-2 anos,2720.0,0.057142857,0.2857143,3.0,3,96.5,Alto
24,0,Viaja Frequentemente,567,Investigacao e Desenvolvimento,2,1,Curso Tecnico,1,Feminino,32,3,1,Investigador,4,Solteiro(a),3760,17218,1,Sim,13,3,3,0,6,2,3,6,3,1,3,Baixo,Muito Alto,Alto,Alto,Bom,Excelente,Abaixo da Licenciatura,8.23244,18-25,3k-6k,Perto (0-5),6-10 anos,3760.0,0.041666668,1.0,2.6666667,2,17.8,Medio
27,0,Viaja Raramente,486,Investigacao e Desenvolvimento,8,3,Medicina,2,Feminino,86,4,1,Investigador,3,Casado(a),3517,22490,7,Nao,17,3,1,0,5,0,3,3,2,0,2,Medio,Alto,Muito Alto,Baixo,Bom,Excelente,Mestrado,8.1656475,26-35,3k-6k,Medio (6-10),3-5 anos,3517.0,0.0,0.6,2.0,0,37.6,Alto
27,0,Viaja Frequentemente,591,Investigacao e Desenvolvimento,2,3,Medicina,4,Masculino,87,3,1,Investigador,4,Solteiro(a),2580,6297,2,Nao,13,3,3,0,6,0,2,4,2,1,2,Muito Alto,Muito Alto,Alto,Alto,Regular,Excelente,Mestrado,7.855932,26-35,Ate 3k,Perto (0-5),3-5 anos,2580.0,0.037037037,0.6666667,3.6666667,0,20.4,Alto
40,1,Viaja Raramente,1329,Investigacao e Desenvolvimento,7,3,Ciencias da Vida,1,Masculino,73,3,1,Tecnico de Laboratorio,1,Solteiro(a),2166,3339,3,Sim,14,3,2,0,10,3,1,4,2,0,3,Baixo,Baixo,Alto,Medio,Mau,Excelente,Mestrado,7.681099,36-45,Ate 3k,Medio (6-10),3-5 anos,2166.0,0.0,0.4,1.3333334,4,98.3,Alto
29,0,Viaja Raramente,469,Vendas,10,3,Medicina,3,Masculino,42,2,2,Executivo de Vendas,3,Solteiro(a),5869,23413,9,Nao,11,3,3,0,8,2,3,5,2,1,4,Alto,Alto,Medio,Alto,Bom,Excelente,Mestrado,8.677609,26-35,3k-6k,Medio (6-10),3-5 anos,2934.5,0.03448276,0.625,3.0,0,39.3,Alto
36,0,Viaja Raramente,711,Investigacao e Desenvolvimento,5,4,Ciencias da Vida,2,Feminino,42,3,3,Representante de Saude,1,Casado(a),8008,22792,4,Nao,12,3,3,2,9,6,3,3,2,0,2,Medio,Baixo,Alto,Alto,Bom,Excelente,Doutoramento,8.988321,36-45,6k-10k,Perto (0-5),3-5 anos,2669.3333,0.0,0.33333334,2.0,0,5.1,Medio
25,0,Viaja Frequentemente,772,Investigacao e Desenvolvimento,2,1,Ciencias da Vida,4,Masculino,77,4,2,Director de Producao,3,Divorciado(a),5206,4973,1,Nao,17,3,3,2,7,6,3,7,7,0,7,Muito Alto,Alto,Muito Alto,Alto,Bom,Excelente,Abaixo da Licenciatura,8.557759,18-25,3k-6k,Perto (0-5),6-10 anos,2603.0,0.0,1.0,3.3333333,0,0.2,Baixo
39,0,Viaja Raramente,492,Investigacao e Desenvolvimento,12,3,Medicina,4,Masculino,66,3,2,Director de Producao,2,Casado(a),5295,7693,4,Nao,21,4,3,0,7,3,3,5,4,1,0,Muito Alto,Medio,Alto,Alto,Bom,Excecional,Mestrado,8.574707,36-45,3k-6k,Longe (11-20),3-5 anos,2647.5,0.025641026,0.71428573,3.0,0,6.9,Medio
49,0,Viaja Raramente,301,Investigacao e Desenvolvimento,22,4,Outro,1,Feminino,72,3,4,Director de Investigacao,2,Casado(a),16413,3498,3,Nao,16,3,2,2,27,2,3,4,2,1,2,Baixo,Medio,Alto,Medio,Bom,Excelente,Doutoramento,9.70589,46-55,Acima 15k,Muito Longe (21+),3-5 anos,4103.25,0.020408163,0.14814815,1.6666666,0,0.8,Baixo
50,0,Viaja Raramente,813,Investigacao e Desenvolvimento,17,5,Ciencias da Vida,4,Feminino,50,2,3,Director de Investigacao,1,Divorciado(a),13269,21981,5,Nao,15,3,3,3,19,3,3,14,11,1,11,Muito Alto,Baixo,Medio,Alto,Bom,Excelente,Pos-Doc,9.493261,46-55,10k-15k,Longe (11-20),11-20 anos,4423.0,0.02,0.7368421,2.6666667,0,0.6,Baixo
20,0,Viaja Raramente,1141,Vendas,2,3,Medicina,3,Feminino,31,3,1,Representante de Vendas,3,Solteiro(a),2783,13251,1,Nao,19,3,1,0,2,3,3,2,2,2,2,Alto,Alto,Alto,Baixo,Bom,Excelente,Mestrado,7.931644,18-25,Ate 3k,Perto (0-5),0-2 anos,2783.0,0.1,1.0,2.3333333,0,17.9,Medio
34,0,Viaja Raramente,1130,Investigacao e Desenvolvimento,3,3,Ciencias da Vida,4,Feminino,66,3,2,Investigador,2,Divorciado(a),5433,19332,1,Nao,12,3,3,1,11,2,3,11,8,7,9,Muito Alto,Medio,Alto,Alto,Bom,Excelente,Mestrado,8.6004305,26-35,3k-6k,Perto (0-5),11-20 anos,2716.5,0.20588236,1.0,3.0,0,0.3,Baixo
36,0,Viaja Raramente,311,Investigacao e Desenvolvimento,7,3,Ciencias da Vida,1,Masculino,77,3,1,Tecnico de Laboratorio,2,Solteiro(a),2013,10950,2,Nao,11,3,3,0,15,4,3,4,3,1,3,Baixo,Medio,Alto,Alto,Bom,Excelente,Mestrado,7.607878,36-45,Ate 3k,Medio (6-10),3-5 anos,2013.0,0.027777778,0.26666668,2.0,0,34.6,Alto
49,0,Viaja Raramente,465,Investigacao e Desenvolvimento,6,1,Ciencias da Vida,3,Feminino,41,2,4,Representante de Saude,3,Casado(a),13966,11652,2,Sim,19,3,2,1,30,3,3,15,11,2,12,Alto,Alto,Medio,Medio,Bom,Excelente,Abaixo da Licenciatura,9.544453,46-55,10k-15k,Medio (6-10),11-20 anos,3491.5,0.040816326,0.5,2.6666667,2,1.4,Baixo
36,0,Sem Viagem,894,Investigacao e Desenvolvimento,1,4,Medicina,4,Feminino,33,2,2,Director de Producao,3,Casado(a),4374,15411,0,Nao,15,3,3,0,4,6,3,3,2,1,2,Muito Alto,Alto,Medio,Alto,Bom,Excelente,Doutoramento,8.383662,36-45,3k-6k,Perto (0-5),3-5 anos,2187.0,0.027777778,0.75,3.3333333,0,0.7,Baixo
36,0,Viaja Raramente,1040,Investigacao e Desenvolvimento,3,2,Ciencias da Vida,4,Masculino,79,4,2,Representante de Saude,1,Divorciado(a),6842,26308,6,Nao,20,4,1,1,13,3,3,5,4,0,4,Muito Alto,Baixo,Muito Alto,Baixo,Bom,Excecional,Licenciatura,8.830981,36-45,6k-10k,Perto (0-5),3-5 anos,3421.0,0.0,0.3846154,2.0,0,1.2,Baixo
54,0,Viaja Raramente,584,Investigacao e Desenvolvimento,22,5,Medicina,2,Feminino,91,3,4,Gestor,3,Casado(a),17426,18685,3,Nao,25,4,3,1,36,6,3,10,8,4,7,Medio,Alto,Alto,Alto,Bom,Excecional,Pos-Doc,9.765776,46-55,Acima 15k,Muito Longe (21+),6-10 anos,4356.5,0.074074075,0.2777778,2.6666667,0,0.2,Baixo
43,0,Viaja Raramente,1291,Investigacao e Desenvolvimento,15,2,Ciencias da Vida,3,Masculino,65,2,4,Director de Investigacao,3,Casado(a),17603,3525,1,Nao,24,4,1,1,14,3,3,14,10,6,11,Alto,Alto,Medio,Baixo,Bom,Excecional,Licenciatura,9.775882,36-45,Acima 15k,Longe (11-20),11-20 anos,4400.75,0.13953489,1.0,2.3333333,0,1.8,Baixo
35,1,Viaja Frequentemente,880,Vendas,12,4,Outro,4,Masculino,36,3,2,Executivo de Vendas,4,Solteiro(a),4581,10414,3,Sim,24,4,1,0,13,2,4,11,9,6,7,Muito Alto,Muito Alto,Alto,Baixo,Excelente,Excecional,Doutoramento,8.429891,26-35,3k-6k,Longe (11-20),11-20 anos,2290.5,0.17142858,0.84615386,3.0,1,93.1,Alto
38,0,Viaja Frequentemente,1189,Investigacao e Desenvolvimento,1,3,Ciencias da Vida,4,Masculino,90,3,2,Investigador,4,Casado(a),4735,9867,7,Nao,15,3,4,2,19,4,4,13,11,2,9,Muito Alto,Muito Alto,Alto,Muito Alto,Excelente,Excelente,Mestrado,8.462948,36-45,3k-6k,Perto (0-5),11-20 anos,2367.5,0.05263158,0.68421054,4.0,0,0.8,Baixo
29,0,Viaja Raramente,991,Vendas,5,3,Medicina,1,Masculino,43,2,2,Executivo de Vendas,2,Divorciado(a),4187,3356,1,Sim,13,3,2,1,10,3,2,10,0,0,9,Baixo,Medio,Medio,Medio,Regular,Excelente,Mestrado,8.339978,26-35,3k-6k,Perto (0-5),6-10 anos,2093.5,0.0,1.0,1.6666666,3,9.9,Medio
33,0,Viaja Raramente,392,Vendas,2,4,Medicina,4,Masculino,93,3,2,Executivo de Vendas,4,Divorciado(a),5505,3921,1,Nao,14,3,3,2,6,5,3,6,2,0,4,Muito Alto,Muito Alto,Alto,Alto,Bom,Excelente,Doutoramento,8.613594,26-35,3k-6k,Perto (0-5),6-10 anos,2752.5,0.0,1.0,3.6666667,0,0.0,Baixo
32,0,Viaja Raramente,977,Investigacao e Desenvolvimento,2,3,Medicina,4,Masculino,45,3,2,Investigador,2,Divorciado(a),5470,25518,0,Nao,13,3,3,2,10,4,2,9,5,1,6,Muito Alto,Medio,Alto,Alto,Regular,Excelente,Mestrado,8.607217,26-35,3k-6k,Perto (0-5),6-10 anos,2735.0,0.03125,0.9,3.0,0,0.2,Baixo
31,0,Viaja Raramente,1112,Vendas,5,4,Ciencias da Vida,1,Feminino,67,3,2,Executivo de Vendas,4,Casado(a),5476,22589,1,Nao,11,3,1,2,10,2,3,10,0,0,2,Baixo,Muito Alto,Alto,Baixo,Bom,Excelente,Doutoramento,8.608313,26-35,3k-6k,Perto (0-5),6-10 anos,2738.0,0.0,1.0,2.0,0,2.4,Baixo
49,0,Viaja Raramente,464,Investigacao e Desenvolvimento,16,3,Medicina,4,Feminino,74,3,1,Tecnico de Laboratorio,1,Divorciado(a),2587,24941,4,Sim,16,3,2,1,17,2,2,2,2,2,2,Muito Alto,Baixo,Alto,Medio,Regular,Excelente,Mestrado,7.8586407,46-55,Ate 3k,Longe (11-20),0-2 anos,2587.0,0.040816326,0.11764706,2.3333333,3,31.1,Alto
38,0,Viaja Frequentemente,148,Investigacao e Desenvolvimento,2,3,Medicina,4,Feminino,42,2,1,Tecnico de Laboratorio,2,Solteiro(a),2440,23826,1,Nao,22,4,2,0,4,3,3,4,3,3,3,Muito Alto,Medio,Medio,Medio,Bom,Excecional,Mestrado,7.8001633,36-45,Ate 3k,Perto (0-5),3-5 anos,2440.0,0.078947365,1.0,2.6666667,0,5.4,Medio
47,0,Viaja Raramente,1225,Vendas,2,4,Ciencias da Vida,2,Feminino,47,4,4,Gestor,2,Divorciado(a),15972,21086,6,Nao,14,3,3,3,29,2,3,3,2,1,2,Medio,Medio,Muito Alto,Alto,Bom,Excelente,Doutoramento,9.678655,46-55,Acima 15k,Perto (0-5),3-5 anos,3993.0,0.021276595,0.10344828,2.3333333,0,0.5,Baixo
49,0,Viaja Raramente,809,Investigacao e Desenvolvimento,1,3,Ciencias da Vida,3,Masculino,36,3,4,Gestor,3,Solteiro(a),15379,22384,4,Nao,14,3,1,0,23,2,3,8,7,0,0,Alto,Alto,Alto,Baixo,Bom,Excelente,Mestrado,9.640823,46-55,Acima 15k,Perto (0-5),6-10 anos,3844.75,0.0,0.3478261,2.3333333,0,2.4,Baixo
41,0,Viaja Raramente,1206,Vendas,23,2,Ciencias da Vida,4,Masculino,80,3,3,Executivo de Vendas,3,Solteiro(a),7082,11591,3,Sim,16,3,4,0,21,2,3,2,0,0,2,Muito Alto,Alto,Alto,Muito Alto,Bom,Excelente,Licenciatura,8.865453,36-45,6k-10k,Muito Longe (21+),0-2 anos,2360.6667,0.0,0.0952381,3.6666667,2,10.8,Medio
20,0,Viaja Raramente,727,Vendas,9,1,Ciencias da Vida,4,Masculino,54,3,1,Representante de Vendas,1,Solteiro(a),2728,21082,1,Nao,11,3,1,0,2,3,3,2,2,0,2,Muito Alto,Baixo,Alto,Baixo,Bom,Excelente,Abaixo da Licenciatura,7.9116907,18-25,Ate 3k,Medio (6-10),0-2 anos,2728.0,0.0,1.0,2.0,0,42.2,Alto
33,0,Sem Viagem,530,Vendas,16,3,Ciencias da Vida,3,Feminino,36,3,2,Executivo de Vendas,4,Divorciado(a),5368,16130,1,Sim,25,4,3,1,7,2,3,6,5,1,2,Alto,Muito Alto,Alto,Alto,Bom,Excecional,Mestrado,8.588397,26-35,3k-6k,Longe (11-20),6-10 anos,2684.0,0.030303031,0.85714287,3.3333333,2,1.2,Baixo
36,0,Viaja Raramente,1351,Investigacao e Desenvolvimento,26,4,Ciencias da Vida,1,Masculino,80,3,2,Representante de Saude,3,Casado(a),5347,7419,6,Nao,14,3,2,2,10,2,2,3,2,0,2,Baixo,Alto,Alto,Medio,Regular,Excelente,Doutoramento,8.584478,36-45,3k-6k,Muito Longe (21+),3-5 anos,2673.5,0.0,0.3,2.0,0,8.5,Medio
44,0,Viaja Raramente,528,Recursos Humanos,1,3,Ciencias da Vida,3,Feminino,44,3,1,Recursos Humanos,4,Divorciado(a),3195,4167,4,Sim,18,3,1,3,8,2,3,2,2,2,2,Alto,Muito Alto,Alto,Baixo,Bom,Excelente,Mestrado,8.069655,36-45,3k-6k,Perto (0-5),0-2 anos,3195.0,0.045454547,0.25,2.6666667,2,13.9,Medio
23,1,Viaja Raramente,1320,Investigacao e Desenvolvimento,8,1,Medicina,4,Masculino,93,2,1,Tecnico de Laboratorio,3,Solteiro(a),3989,20586,1,Sim,11,3,1,0,5,2,3,5,4,1,2,Muito Alto,Alto,Medio,Baixo,Bom,Excelente,Abaixo da Licenciatura,8.291547,18-25,3k-6k,Medio (6-10),3-5 anos,3989.0,0.04347826,1.0,2.6666667,2,91.3,Alto
38,0,Viaja Raramente,1495,Investigacao e Desenvolvimento,4,2,Medicina,4,Feminino,87,3,1,Tecnico de Laboratorio,3,Casado(a),3306,26176,7,Nao,19,3,4,1,7,5,2,0,0,0,0,Muito Alto,Alto,Alto,Muito Alto,Regular,Excelente,Licenciatura,8.103797,36-45,3k-6k,Perto (0-5),0-2 anos,3306.0,0.0,0.0,3.6666667,0,5.4,Medio
53,0,Viaja Raramente,1395,Investigacao e Desenvolvimento,24,4,Medicina,2,Masculino,48,4,3,Representante de Saude,4,Casado(a),7005,3458,3,Nao,15,3,3,0,11,2,3,4,3,1,2,Medio,Muito Alto,Muito Alto,Alto,Bom,Excelente,Doutoramento,8.854522,46-55,6k-10k,Muito Longe (21+),3-5 anos,2335.0,0.018867925,0.36363637,3.0,0,0.7,Baixo
48,1,Viaja Frequentemente,708,Vendas,7,2,Medicina,4,Feminino,95,3,1,Representante de Vendas,3,Casado(a),2655,11740,2,Sim,11,3,3,2,19,3,3,9,7,7,7,Muito Alto,Alto,Alto,Alto,Bom,Excelente,Licenciatura,7.8845763,46-55,Ate 3k,Medio (6-10),6-10 anos,2655.0,0.14583333,0.47368422,3.3333333,2,93.5,Alto
32,1,Viaja Raramente,1259,Investigacao e Desenvolvimento,2,4,Ciencias da Vida,4,Masculino,95,3,1,Tecnico de Laboratorio,2,Solteiro(a),1393,24852,1,Nao,12,3,1,0,1,2,3,1,0,0,0,Muito Alto,Medio,Alto,Baixo,Bom,Excelente,Doutoramento,7.2399325,26-35,Ate 3k,Perto (0-5),0-2 anos,1393.0,0.0,1.0,2.3333333,0,86.1,Alto
26,0,Sem Viagem,786,Investigacao e Desenvolvimento,7,3,Medicina,4,Masculino,76,3,1,Tecnico de Laboratorio,4,Solteiro(a),2570,11925,1,Nao,20,4,3,0,7,5,3,7,7,5,7,Muito Alto,Muito Alto,Alto,Alto,Bom,Excecional,Mestrado,7.8520503,26-35,Ate 3k,Medio (6-10),6-10 anos,2570.0,0.1923077,1.0,3.6666667,0,2.5,Baixo
55,0,Viaja Raramente,1441,Investigacao e Desenvolvimento,22,3,Curso Tecnico,1,Masculino,94,2,1,Investigador,2,Divorciado(a),3537,23737,5,Nao,12,3,4,1,8,1,3,4,2,1,2,Baixo,Medio,Medio,Muito Alto,Bom,Excelente,Mestrado,8.171317,46-55,3k-6k,Muito Longe (21+),3-5 anos,3537.0,0.018181818,0.5,2.3333333,0,24.3,Alto
34,0,Viaja Raramente,1157,Investigacao e Desenvolvimento,5,2,Medicina,2,Masculino,57,2,2,Tecnico de Laboratorio,4,Casado(a),3986,11912,1,Nao,14,3,3,1,15,3,4,15,10,4,13,Medio,Muito Alto,Medio,Alto,Excelente,Excelente,Licenciatura,8.290794,26-35,3k-6k,Perto (0-5),11-20 anos,1993.0,0.11764706,1.0,3.0,0,0.1,Baixo
60,0,Viaja Raramente,370,Investigacao e Desenvolvimento,1,4,Medicina,3,Masculino,92,1,3,Representante de Saude,4,Divorciado(a),10883,20467,3,Nao,20,4,3,1,19,2,4,1,0,0,0,Alto,Muito Alto,Baixo,Alto,Excelente,Excecional,Doutoramento,9.295049,56-65,10k-15k,Perto (0-5),0-2 anos,3627.6667,0.0,0.05263158,3.3333333,0,0.8,Baixo
33,0,Viaja Raramente,267,Investigacao e Desenvolvimento,21,3,Medicina,2,Masculino,79,4,1,Tecnico de Laboratorio,2,Casado(a),2028,13637,1,Nao,18,3,4,3,14,6,3,14,11,2,13,Medio,Medio,Muito Alto,Muito Alto,Bom,Excelente,Mestrado,7.6152983,26-35,Ate 3k,Muito Longe (21+),11-20 anos,2028.0,0.060606062,1.0,2.6666667,0,0.2,Baixo
37,0,Viaja Frequentemente,1278,Vendas,1,4,Medicina,3,Masculino,31,1,2,Executivo de Vendas,4,Divorciado(a),9525,7677,1,Nao,14,3,3,2,6,2,2,6,3,1,3,Alto,Muito Alto,Baixo,Alto,Regular,Excelente,Doutoramento,9.16178,36-45,6k-10k,Perto (0-5),6-10 anos,4762.5,0.027027028,1.0,3.3333333,0,8.3,Medio
34,0,Viaja Raramente,678,Investigacao e Desenvolvimento,19,3,Ciencias da Vida,2,Feminino,35,2,1,Investigador,4,Casado(a),2929,20338,1,Nao,12,3,2,0,10,3,3,10,9,8,7,Medio,Muito Alto,Medio,Medio,Bom,Excelente,Mestrado,7.9827576,26-35,Ate 3k,Longe (11-20),6-10 anos,2929.0,0.23529412,1.0,2.6666667,0,17.4,Medio
23,1,Viaja Raramente,427,Vendas,7,3,Ciencias da Vida,3,Masculino,99,3,1,Representante de Vendas,4,Divorciado(a),2275,25103,1,Sim,21,4,2,1,3,2,3,3,2,0,2,Alto,Muito Alto,Alto,Medio,Bom,Excecional,Mestrado,7.730175,18-25,Ate 3k,Medio (6-10),3-5 anos,2275.0,0.0,1.0,3.0,2,86.6,Alto
44,0,Viaja Raramente,921,Investigacao e Desenvolvimento,2,3,Ciencias da Vida,3,Feminino,96,4,3,Representante de Saude,4,Casado(a),7879,14810,1,Sim,19,3,2,1,9,2,3,8,7,6,7,Alto,Muito Alto,Muito Alto,Medio,Bom,Excelente,Mestrado,8.972083,36-45,6k-10k,Perto (0-5),6-10 anos,2626.3333,0.13636364,0.8888889,3.0,2,3.6,Medio
35,0,Viaja Frequentemente,146,Investigacao e Desenvolvimento,2,4,Medicina,1,Masculino,79,2,1,Investigador,4,Solteiro(a),4930,13970,0,Sim,14,3,3,0,6,2,4,5,4,1,4,Baixo,Muito Alto,Medio,Alto,Excelente,Excelente,Doutoramento,8.503297,26-35,3k-6k,Perto (0-5),3-5 anos,4930.0,0.028571429,0.8333333,2.6666667,1,15.3,Medio
43,0,Viaja Raramente,1179,Vendas,2,3,Medicina,4,Masculino,73,3,2,Executivo de Vendas,4,Casado(a),7847,6069,1,Sim,17,3,1,1,10,3,3,10,9,8,8,Muito Alto,Muito Alto,Alto,Baixo,Bom,Excelente,Mestrado,8.968014,36-45,6k-10k,Perto (0-5),6-10 anos,3923.5,0.18604651,1.0,3.0,2,5.1,Medio
24,0,Viaja Raramente,581,Investigacao e Desenvolvimento,9,3,Medicina,3,Masculino,62,4,1,Investigador,3,Casado(a),4401,17616,1,Nao,16,3,4,1,5,1,3,5,3,0,4,Alto,Alto,Muito Alto,Muito Alto,Bom,Excelente,Mestrado,8.389814,18-25,3k-6k,Medio (6-10),3-5 anos,4401.0,0.0,1.0,3.3333333,0,0.1,Baixo
41,0,Viaja Raramente,918,Vendas,6,3,Marketing,4,Masculino,35,3,3,Executivo de Vendas,3,Solteiro(a),9241,15869,1,Nao,12,3,2,0,10,3,3,10,8,8,7,Muito Alto,Alto,Alto,Medio,Bom,Excelente,Mestrado,9.131514,36-45,6k-10k,Medio (6-10),6-10 anos,3080.3333,0.19512194,1.0,3.0,0,22.0,Alto
29,0,Viaja Raramente,1082,Investigacao e Desenvolvimento,9,4,Medicina,4,Feminino,43,3,1,Tecnico de Laboratorio,3,Casado(a),2974,25412,9,Nao,17,3,3,1,9,2,3,5,3,1,2,Muito Alto,Alto,Alto,Alto,Bom,Excelente,Doutoramento,7.997999,26-35,Ate 3k,Medio (6-10),3-5 anos,2974.0,0.03448276,0.5555556,3.3333333,0,2.0,Baixo
36,0,Viaja Raramente,530,Vendas,2,4,Ciencias da Vida,3,Feminino,51,3,2,Representante de Vendas,4,Solteiro(a),4502,7439,3,Nao,15,3,3,0,17,2,2,13,7,6,7,Alto,Muito Alto,Alto,Alto,Regular,Excelente,Doutoramento,8.412499,36-45,3k-6k,Perto (0-5),11-20 anos,2251.0,0.16666667,0.7647059,3.3333333,0,14.0,Medio
45,0,Sem Viagem,1238,Investigacao e Desenvolvimento,1,1,Ciencias da Vida,3,Masculino,74,2,3,Representante de Saude,3,Casado(a),10748,3395,3,Nao,23,4,4,1,25,3,2,23,15,14,4,Alto,Alto,Medio,Muito Alto,Regular,Excecional,Abaixo da Licenciatura,9.282568,36-45,10k-15k,Perto (0-5),20+ anos,3582.6667,0.31111112,0.92,3.3333333,0,3.6,Medio
24,1,Viaja Raramente,240,Recursos Humanos,22,1,Recursos Humanos,4,Masculino,58,1,1,Recursos Humanos,3,Casado(a),1555,11585,1,Nao,11,3,3,1,1,2,3,1,0,0,0,Muito Alto,Alto,Baixo,Alto,Bom,Excelente,Abaixo da Licenciatura,7.3498735,18-25,Ate 3k,Muito Longe (21+),0-2 anos,1555.0,0.0,1.0,3.3333333,0,94.2,Alto
47,1,Viaja Frequentemente,1093,Vendas,9,3,Ciencias da Vida,3,Masculino,82,1,4,Executivo de Vendas,3,Casado(a),12936,24164,7,Nao,11,3,3,0,25,3,1,23,5,14,10,Alto,Alto,Baixo,Alto,Mau,Excelente,Mestrado,9.467847,46-55,10k-15k,Medio (6-10),20+ anos,3234.0,0.29787233,0.92,3.0,0,98.4,Alto
26,0,Viaja Raramente,390,Investigacao e Desenvolvimento,17,4,Medicina,4,Masculino,62,1,1,Tecnico de Laboratorio,3,Casado(a),2305,6217,1,Nao,15,3,3,3,3,3,4,3,2,0,2,Muito Alto,Alto,Baixo,Alto,Excelente,Excelente,Doutoramento,7.74327,26-35,Ate 3k,Longe (11-20),3-5 anos,2305.0,0.0,1.0,3.3333333,0,18.3,Medio
45,0,Viaja Raramente,1005,Investigacao e Desenvolvimento,28,2,Curso Tecnico,4,Feminino,48,2,4,Director de Investigacao,2,Solteiro(a),16704,17119,1,Nao,11,3,3,0,21,2,3,21,6,8,6,Muito Alto,Medio,Medio,Alto,Bom,Excelente,Licenciatura,9.723463,36-45,Acima 15k,Muito Longe (21+),20+ anos,4176.0,0.17777778,1.0,3.0,0,32.6,Alto
32,0,Viaja Frequentemente,585,Investigacao e Desenvolvimento,10,3,Ciencias da Vida,1,Masculino,56,3,1,Investigador,3,Casado(a),3433,17360,6,Nao,13,3,1,1,10,3,2,5,2,1,3,Baixo,Alto,Alto,Baixo,Regular,Excelente,Mestrado,8.141481,26-35,3k-6k,Medio (6-10),3-5 anos,3433.0,0.03125,0.5,1.6666666,0,57.6,Alto
31,0,Viaja Raramente,741,Investigacao e Desenvolvimento,2,4,Ciencias da Vida,2,Masculino,69,3,1,Tecnico de Laboratorio,3,Casado(a),3477,18103,1,Nao,14,3,4,1,6,2,4,5,2,0,3,Medio,Alto,Alto,Muito Alto,Excelente,Excelente,Doutoramento,8.154213,26-35,3k-6k,Perto (0-5),3-5 anos,3477.0,0.0,0.8333333,3.0,0,2.0,Baixo
41,0,Sem Viagem,552,Recursos Humanos,4,3,Recursos Humanos,3,Masculino,60,1,2,Recursos Humanos,2,Casado(a),6430,20794,6,Nao,19,3,2,1,10,4,3,3,2,1,2,Alto,Medio,Baixo,Medio,Bom,Excelente,Mestrado,8.768886,36-45,6k-10k,Perto (0-5),3-5 anos,3215.0,0.024390243,0.3,2.3333333,0,5.6,Medio
40,0,Viaja Raramente,369,Investigacao e Desenvolvimento,8,2,Ciencias da Vida,2,Feminino,92,3,2,Director de Producao,1,Casado(a),6516,5041,2,Sim,16,3,2,1,18,3,3,1,0,0,0,Medio,Baixo,Alto,Medio,Bom,Excelente,Licenciatura,8.782169,36-45,6k-10k,Medio (6-10),0-2 anos,3258.0,0.0,0.055555556,1.6666666,2,31.2,Alto
24,0,Viaja Raramente,506,Investigacao e Desenvolvimento,29,1,Medicina,2,Masculino,91,3,1,Tecnico de Laboratorio,1,Divorciado(a),3907,3622,1,Nao,13,3,2,3,6,2,4,6,2,1,2,Medio,Baixo,Alto,Medio,Excelente,Excelente,Abaixo da Licenciatura,8.270781,18-25,3k-6k,Muito Longe (21+),6-10 anos,3907.0,0.041666668,1.0,1.6666666,0,5.9,Medio
46,0,Viaja Raramente,717,Investigacao e Desenvolvimento,13,4,Ciencias da Vida,3,Masculino,34,3,2,Representante de Saude,2,Solteiro(a),5562,9697,6,Nao,14,3,4,0,19,3,3,10,7,0,9,Alto,Medio,Alto,Muito Alto,Bom,Excelente,Doutoramento,8.623893,46-55,3k-6k,Longe (11-20),6-10 anos,2781.0,0.0,0.5263158,3.0,0,0.7,Baixo
35,0,Viaja Raramente,1370,Investigacao e Desenvolvimento,27,4,Ciencias da Vida,4,Masculino,49,3,2,Director de Producao,3,Casado(a),6883,5151,2,Nao,16,3,2,1,17,3,3,7,7,0,7,Muito Alto,Alto,Alto,Medio,Bom,Excelente,Doutoramento,8.836955,26-35,6k-10k,Muito Longe (21+),6-10 anos,3441.5,0.0,0.4117647,3.0,0,0.0,Baixo
30,0,Viaja Raramente,793,Investigacao e Desenvolvimento,16,1,Ciencias da Vida,2,Masculino,33,3,1,Investigador,4,Casado(a),2862,3811,1,Nao,12,3,2,1,10,2,2,10,0,0,8,Medio,Muito Alto,Alto,Medio,Regular,Excelente,Abaixo da Licenciatura,7.9596252,26-35,Ate 3k,Longe (11-20),6-10 anos,2862.0,0.0,1.0,2.6666667,0,1.2,Baixo
47,0,Sem Viagem,543,Vendas,2,4,Marketing,3,Masculino,87,3,2,Executivo de Vendas,2,Casado(a),4978,3536,7,Nao,11,3,4,1,4,3,1,1,0,0,0,Alto,Medio,Alto,Muito Alto,Mau,Excelente,Doutoramento,8.512984,46-55,3k-6k,Perto (0-5),0-2 anos,2489.0,0.0,0.25,3.0,0,22.1,Alto
46,0,Viaja Raramente,1277,Vendas,2,3,Ciencias da Vida,3,Masculino,74,3,3,Executivo de Vendas,4,Divorciado(a),10368,5596,4,Sim,12,3,2,1,13,5,2,10,6,0,3,Alto,Muito Alto,Alto,Medio,Regular,Excelente,Mestrado,9.246576,46-55,10k-15k,Perto (0-5),6-10 anos,3456.0,0.0,0.7692308,3.0,3,2.8,Baixo
36,1,Viaja Raramente,1456,Vendas,13,5,Marketing,2,Masculino,96,2,2,Executivo de Vendas,1,Divorciado(a),6134,8658,5,Sim,13,3,2,3,16,3,3,2,2,2,2,Medio,Baixo,Medio,Medio,Bom,Excelente,Pos-Doc,8.7217655,36-45,6k-10k,Longe (11-20),0-2 anos,3067.0,0.055555556,0.125,1.6666666,2,98.4,Alto
32,1,Viaja Raramente,964,Vendas,1,2,Ciencias da Vida,1,Masculino,34,1,2,Executivo de Vendas,2,Solteiro(a),6735,12147,6,Nao,15,3,2,0,10,2,3,0,0,0,0,Baixo,Medio,Baixo,Medio,Bom,Excelente,Licenciatura,8.815222,26-35,6k-10k,Perto (0-5),0-2 anos,3367.5,0.0,0.0,1.6666666,0,96.0,Alto
23,0,Viaja Raramente,160,Investigacao e Desenvolvimento,4,1,Medicina,3,Feminino,51,3,1,Tecnico de Laboratorio,2,Solteiro(a),3295,12862,1,Nao,13,3,3,0,3,3,1,3,2,1,2,Alto,Medio,Alto,Alto,Mau,Excelente,Abaixo da Licenciatura,8.100465,18-25,3k-6k,Perto (0-5),3-5 anos,3295.0,0.04347826,1.0,2.6666667,0,12.2,Medio
31,0,Viaja Frequentemente,163,Investigacao e Desenvolvimento,24,1,Curso Tecnico,4,Feminino,30,3,2,Director de Producao,4,Solteiro(a),5238,6670,2,Nao,20,4,4,0,9,3,2,5,4,1,4,Muito Alto,Muito Alto,Alto,Muito Alto,Regular,Excecional,Abaixo da Licenciatura,8.563886,26-35,3k-6k,Muito Longe (21+),3-5 anos,2619.0,0.032258064,0.5555556,4.0,0,5.3,Medio
39,0,Sem Viagem,792,Investigacao e Desenvolvimento,1,3,Ciencias da Vida,4,Masculino,77,3,2,Tecnico de Laboratorio,4,Casado(a),6472,8989,1,Sim,15,3,4,1,9,2,3,9,8,5,8,Muito Alto,Muito Alto,Alto,Muito Alto,Bom,Excelente,Mestrado,8.775395,36-45,6k-10k,Perto (0-5),6-10 anos,3236.0,0.12820514,1.0,4.0,2,0.9,Baixo
32,0,Viaja Raramente,371,Vendas,19,3,Ciencias da Vida,4,Masculino,80,1,3,Executivo de Vendas,3,Casado(a),9610,3840,3,Nao,13,3,3,1,10,2,1,4,3,0,2,Muito Alto,Alto,Baixo,Alto,Mau,Excelente,Mestrado,9.170664,26-35,6k-10k,Longe (11-20),3-5 anos,3203.3333,0.0,0.4,3.3333333,0,7.9,Medio
40,0,Viaja Raramente,611,Vendas,7,4,Medicina,2,Masculino,88,3,5,Gestor,2,Solteiro(a),19833,4349,1,Nao,14,3,2,0,21,3,2,21,8,12,8,Medio,Medio,Alto,Medio,Regular,Excelente,Doutoramento,9.895153,36-45,Acima 15k,Medio (6-10),20+ anos,3966.6,0.3,1.0,2.0,0,3.3,Medio
45,0,Viaja Raramente,176,Recursos Humanos,4,3,Ciencias da Vida,3,Feminino,56,1,3,Recursos Humanos,3,Casado(a),9756,6595,4,Nao,21,4,3,2,9,2,4,5,0,0,3,Alto,Alto,Baixo,Alto,Excelente,Excecional,Mestrado,9.18574,36-45,6k-10k,Perto (0-5),3-5 anos,3252.0,0.0,0.5555556,3.0,0,24.5,Alto
30,0,Viaja Frequentemente,1312,Investigacao e Desenvolvimento,2,4,Curso Tecnico,4,Feminino,78,2,1,Investigador,1,Solteiro(a),4968,26427,0,Nao,16,3,4,0,10,2,3,9,7,0,7,Muito Alto,Baixo,Medio,Muito Alto,Bom,Excelente,Doutoramento,8.510974,26-35,3k-6k,Perto (0-5),6-10 anos,4968.0,0.0,0.9,3.0,0,3.3,Medio
24,0,Viaja Frequentemente,897,Recursos Humanos,10,3,Medicina,1,Masculino,59,3,1,Recursos Humanos,4,Casado(a),2145,2097,0,Nao,14,3,4,1,3,2,3,2,2,2,1,Baixo,Muito Alto,Alto,Muito Alto,Bom,Excelente,Mestrado,7.671361,18-25,Ate 3k,Medio (6-10),0-2 anos,2145.0,0.083333336,0.6666667,3.0,0,15.8,Medio
30,1,Viaja Frequentemente,600,Recursos Humanos,8,3,Recursos Humanos,3,Feminino,66,2,1,Recursos Humanos,4,Divorciado(a),2180,9732,6,Nao,11,3,3,1,6,0,2,4,2,1,2,Alto,Muito Alto,Medio,Alto,Regular,Excelente,Mestrado,7.6875386,26-35,Ate 3k,Medio (6-10),3-5 anos,2180.0,0.033333335,0.6666667,3.3333333,0,89.9,Alto
31,0,Viaja Raramente,1003,Vendas,5,3,Curso Tecnico,1,Masculino,51,3,2,Executivo de Vendas,3,Casado(a),8346,20943,1,Nao,19,3,3,1,6,3,3,5,2,0,2,Baixo,Alto,Alto,Alto,Bom,Excelente,Mestrado,9.029657,26-35,6k-10k,Perto (0-5),3-5 anos,4173.0,0.0,0.8333333,2.3333333,0,5.4,Medio
27,0,Viaja Raramente,1054,Investigacao e Desenvolvimento,8,3,Medicina,3,Feminino,67,3,1,Investigador,4,Solteiro(a),3445,6152,1,Nao,11,3,3,0,6,5,2,6,2,1,4,Alto,Muito Alto,Alto,Alto,Regular,Excelente,Mestrado,8.144969,26-35,3k-6k,Medio (6-10),6-10 anos,3445.0,0.037037037,1.0,3.3333333,0,1.5,Baixo
29,1,Viaja Raramente,428,Vendas,9,3,Marketing,2,Feminino,52,1,1,Representante de Vendas,2,Solteiro(a),2760,14630,1,Nao,13,3,3,0,2,3,3,2,2,2,2,Medio,Medio,Baixo,Alto,Bom,Excelente,Mestrado,7.9233484,26-35,Ate 3k,Medio (6-10),0-2 anos,2760.0,0.06896552,1.0,2.3333333,0,95.5,Alto
29,0,Viaja Frequentemente,461,Investigacao e Desenvolvimento,1,3,Ciencias da Vida,4,Masculino,70,4,2,Representante de Saude,3,Solteiro(a),6294,23060,8,Sim,12,3,4,0,10,5,4,3,2,0,2,Muito Alto,Alto,Muito Alto,Muito Alto,Excelente,Excelente,Mestrado,8.747511,26-35,6k-10k,Perto (0-5),3-5 anos,3147.0,0.0,0.3,3.6666667,1,6.8,Medio
30,0,Viaja Raramente,979,Vendas,15,2,Marketing,3,Masculino,94,2,3,Executivo de Vendas,1,Divorciado(a),7140,3088,2,Nao,11,3,1,1,12,2,3,7,7,1,7,Alto,Baixo,Medio,Baixo,Bom,Excelente,Licenciatura,8.873608,26-35,6k-10k,Longe (11-20),6-10 anos,2380.0,0.033333335,0.5833333,1.6666666,0,55.8,Alto
34,0,Viaja Raramente,181,Investigacao e Desenvolvimento,2,4,Medicina,4,Masculino,97,4,1,Investigador,4,Casado(a),2932,5586,0,Sim,14,3,1,3,6,3,3,5,0,1,2,Muito Alto,Muito Alto,Muito Alto,Baixo,Bom,Excelente,Doutoramento,7.983781,26-35,Ate 3k,Perto (0-5),3-5 anos,2932.0,0.029411765,0.8333333,3.0,2,0.5,Baixo
33,0,Sem Viagem,1283,Vendas,2,3,Marketing,4,Feminino,62,3,2,Executivo de Vendas,2,Solteiro(a),5147,10697,8,Nao,15,3,4,0,13,2,2,11,7,1,7,Muito Alto,Medio,Alto,Muito Alto,Regular,Excelente,Mestrado,8.546364,26-35,3k-6k,Perto (0-5),11-20 anos,2573.5,0.030303031,0.84615386,3.3333333,0,10.0,Medio
49,0,Viaja Raramente,1313,Vendas,11,4,Marketing,4,Feminino,80,3,2,Executivo de Vendas,4,Solteiro(a),4507,8191,3,Nao,12,3,3,0,8,1,4,5,1,0,4,Muito Alto,Muito Alto,Alto,Alto,Excelente,Excelente,Doutoramento,8.413609,46-55,3k-6k,Longe (11-20),3-5 anos,2253.5,0.0,0.625,3.6666667,0,5.4,Medio
33,1,Viaja Raramente,211,Vendas,16,3,Ciencias da Vida,1,Feminino,74,3,3,Executivo de Vendas,1,Solteiro(a),8564,10092,2,Sim,20,4,3,0,11,2,2,0,0,0,0,Baixo,Baixo,Alto,Alto,Regular,Excecional,Mestrado,9.055439,26-35,6k-10k,Longe (11-20),0-2 anos,2854.6667,0.0,0.0,1.6666666,3,99.2,Alto
38,0,Viaja Frequentemente,594,Investigacao e Desenvolvimento,2,2,Medicina,3,Feminino,75,2,1,Tecnico de Laboratorio,2,Casado(a),2468,15963,4,Nao,14,3,2,1,9,4,2,6,1,0,5,Alto,Medio,Medio,Medio,Regular,Excelente,Licenciatura,7.8115683,36-45,Ate 3k,Perto (0-5),6-10 anos,2468.0,0.0,0.6666667,2.3333333,0,33.2,Alto
31,1,Viaja Raramente,1079,Vendas,16,4,Marketing,1,Masculino,70,3,3,Executivo de Vendas,3,Casado(a),8161,19002,2,Nao,13,3,1,3,10,2,3,1,0,0,0,Baixo,Alto,Alto,Baixo,Bom,Excelente,Doutoramento,9.007244,26-35,6k-10k,Longe (11-20),0-2 anos,2720.3333,0.0,0.1,1.6666666,0,88.9,Alto
29,0,Viaja Raramente,590,Investigacao e Desenvolvimento,4,3,Curso Tecnico,4,Feminino,91,2,1,Investigador,1,Divorciado(a),2109,10007,1,Nao,13,3,3,1,1,2,3,1,0,0,0,Muito Alto,Baixo,Medio,Alto,Bom,Excelente,Mestrado,7.6544433,26-35,Ate 3k,Perto (0-5),0-2 anos,2109.0,0.0,1.0,2.6666667,0,12.6,Medio
30,0,Viaja Raramente,305,Investigacao e Desenvolvimento,16,3,Ciencias da Vida,3,Masculino,58,4,2,Representante de Saude,3,Casado(a),5294,9128,3,Nao,16,3,3,1,10,3,3,7,0,1,7,Alto,Alto,Muito Alto,Alto,Bom,Excelente,Mestrado,8.574518,26-35,3k-6k,Longe (11-20),6-10 anos,2647.0,0.033333335,0.7,3.0,0,1.0,Baixo
32,0,Sem Viagem,953,Investigacao e Desenvolvimento,5,4,Curso Tecnico,2,Masculino,65,3,1,Investigador,2,Solteiro(a),2718,17674,2,Nao,14,3,2,0,12,3,3,7,7,0,7,Medio,Medio,Alto,Medio,Bom,Excelente,Doutoramento,7.9080195,26-35,Ate 3k,Perto (0-5),6-10 anos,2718.0,0.0,0.5833333,2.0,0,18.1,Medio
38,0,Viaja Raramente,833,Investigacao e Desenvolvimento,18,3,Medicina,2,Masculino,60,1,2,Representante de Saude,4,Casado(a),5811,24539,3,Sim,16,3,3,1,15,2,3,1,0,1,0,Medio,Muito Alto,Baixo,Alto,Bom,Excelente,Mestrado,8.66768,36-45,3k-6k,Longe (11-20),0-2 anos,2905.5,0.02631579,0.06666667,3.0,2,16.7,Medio
43,1,Viaja Frequentemente,807,Investigacao e Desenvolvimento,17,3,Curso Tecnico,3,Masculino,38,2,1,Investigador,3,Casado(a),2437,15587,9,Sim,16,3,4,1,6,4,3,1,0,0,0,Alto,Alto,Medio,Muito Alto,Bom,Excelente,Mestrado,7.7989335,36-45,Ate 3k,Longe (11-20),0-2 anos,2437.0,0.0,0.16666667,3.3333333,2,98.5,Alto
42,0,Viaja Raramente,855,Investigacao e Desenvolvimento,12,3,Medicina,2,Masculino,57,3,1,Tecnico de Laboratorio,2,Divorciado(a),2766,8952,8,Nao,22,4,2,3,7,6,2,5,3,0,4,Medio,Medio,Alto,Medio,Regular,Excecional,Mestrado,7.925519,36-45,Ate 3k,Longe (11-20),3-5 anos,2766.0,0.0,0.71428573,2.0,0,4.3,Medio
55,0,Viaja Raramente,478,Investigacao e Desenvolvimento,2,3,Medicina,3,Masculino,60,2,5,Director de Investigacao,1,Casado(a),19038,19805,8,Nao,12,3,2,3,34,2,3,1,0,0,0,Alto,Baixo,Medio,Medio,Bom,Excelente,Mestrado,9.854245,46-55,Acima 15k,Perto (0-5),0-2 anos,3807.6,0.0,0.029411765,2.0,0,1.6,Baixo
33,0,Sem Viagem,775,Investigacao e Desenvolvimento,4,3,Curso Tecnico,4,Masculino,90,3,2,Investigador,2,Divorciado(a),3055,6194,5,Nao,15,3,4,2,11,2,2,9,8,1,7,Muito Alto,Medio,Alto,Muito Alto,Regular,Excelente,Mestrado,8.024862,26-35,3k-6k,Perto (0-5),6-10 anos,1527.5,0.030303031,0.8181818,3.3333333,0,1.1,Baixo
41,0,Viaja Raramente,548,Investigacao e Desenvolvimento,9,4,Ciencias da Vida,3,Masculino,94,3,1,Tecnico de Laboratorio,1,Divorciado(a),2289,20520,1,Nao,20,4,2,2,5,2,3,5,3,0,4,Alto,Baixo,Alto,Medio,Bom,Excecional,Doutoramento,7.736307,36-45,Ate 3k,Medio (6-10),3-5 anos,2289.0,0.0,1.0,2.0,0,1.5,Baixo
34,0,Sem Viagem,1375,Vendas,10,3,Ciencias da Vida,4,Masculino,87,3,2,Executivo de Vendas,3,Divorciado(a),4001,12313,1,Sim,14,3,3,1,15,3,3,15,14,0,7,Muito Alto,Alto,Alto,Alto,Bom,Excelente,Mestrado,8.29455,26-35,3k-6k,Medio (6-10),11-20 anos,2000.5,0.0,1.0,3.3333333,2,0.0,Baixo
53,0,Sem Viagem,661,Investigacao e Desenvolvimento,1,4,Medicina,1,Feminino,60,2,4,Director de Producao,3,Casado(a),12965,22308,4,Sim,20,4,4,3,27,2,2,3,2,0,2,Baixo,Alto,Medio,Muito Alto,Regular,Excecional,Doutoramento,9.470086,46-55,10k-15k,Perto (0-5),3-5 anos,3241.25,0.0,0.11111111,2.6666667,3,5.1,Medio
43,0,Viaja Raramente,244,Recursos Humanos,2,3,Ciencias da Vida,2,Masculino,97,3,1,Recursos Humanos,4,Solteiro(a),3539,5033,0,Nao,13,3,2,0,10,5,3,9,7,1,8,Medio,Muito Alto,Alto,Medio,Bom,Excelente,Mestrado,8.171882,36-45,3k-6k,Perto (0-5),6-10 anos,3539.0,0.023255814,0.9,2.6666667,0,0.3,Baixo
34,0,Viaja Raramente,511,Vendas,3,2,Ciencias da Vida,4,Feminino,32,1,2,Executivo de Vendas,4,Solteiro(a),6029,25353,5,Nao,12,3,1,0,6,3,3,2,2,2,2,Muito Alto,Muito Alto,Baixo,Baixo,Bom,Excelente,Licenciatura,8.704502,26-35,6k-10k,Perto (0-5),0-2 anos,3014.5,0.05882353,0.33333334,3.0,0,7.0,Medio
21,1,Viaja Raramente,337,Vendas,7,1,Marketing,2,Masculino,31,3,1,Representante de Vendas,2,Solteiro(a),2679,4567,1,Nao,13,3,2,0,1,3,3,1,0,1,0,Medio,Medio,Alto,Medio,Bom,Excelente,Abaixo da Licenciatura,7.893572,18-25,Ate 3k,Medio (6-10),0-2 anos,2679.0,0.04761905,1.0,2.0,0,92.5,Alto
38,0,Viaja Raramente,1153,Investigacao e Desenvolvimento,6,2,Outro,4,Feminino,40,2,1,Tecnico de Laboratorio,3,Casado(a),3702,16376,1,Nao,11,3,2,1,5,3,3,5,4,0,4,Muito Alto,Alto,Medio,Medio,Bom,Excelente,Licenciatura,8.216899,36-45,3k-6k,Medio (6-10),3-5 anos,3702.0,0.0,1.0,3.0,0,0.3,Baixo
22,1,Viaja Raramente,1294,Investigacao e Desenvolvimento,8,1,Medicina,3,Feminino,79,3,1,Tecnico de Laboratorio,1,Casado(a),2398,15999,1,Sim,17,3,3,0,1,6,3,1,0,0,0,Alto,Baixo,Alto,Alto,Bom,Excelente,Abaixo da Licenciatura,7.7828074,18-25,Ate 3k,Medio (6-10),0-2 anos,2398.0,0.0,1.0,2.3333333,2,98.0,Alto
31,0,Viaja Raramente,196,Vendas,29,4,Marketing,1,Feminino,91,2,2,Executivo de Vendas,4,Casado(a),5468,13402,1,Nao,14,3,1,2,13,3,3,12,7,5,7,Baixo,Muito Alto,Medio,Baixo,Bom,Excelente,Doutoramento,8.606851,26-35,3k-6k,Muito Longe (21+),11-20 anos,2734.0,0.16129032,0.9230769,2.0,0,19.6,Medio
51,0,Viaja Raramente,942,Investigacao e Desenvolvimento,3,3,Curso Tecnico,1,Feminino,53,3,3,Gestor,3,Casado(a),13116,22984,2,Nao,11,3,4,0,15,2,3,2,2,2,2,Baixo,Alto,Alto,Muito Alto,Bom,Excelente,Mestrado,9.481665,46-55,10k-15k,Perto (0-5),0-2 anos,4372.0,0.039215688,0.13333334,2.6666667,0,8.3,Medio
37,0,Viaja Raramente,589,Vendas,9,2,Marketing,2,Masculino,46,2,2,Executivo de Vendas,2,Casado(a),4189,8800,1,Nao,14,3,1,2,5,2,3,5,2,0,3,Medio,Medio,Medio,Baixo,Bom,Excelente,Licenciatura,8.340456,36-45,3k-6k,Medio (6-10),3-5 anos,2094.5,0.0,1.0,1.6666666,0,1.4,Baixo
46,0,Viaja Raramente,734,Investigacao e Desenvolvimento,2,4,Medicina,3,Masculino,46,3,5,Director de Investigacao,4,Divorciado(a),19328,14218,7,Sim,17,3,3,1,24,3,3,2,1,2,2,Alto,Muito Alto,Alto,Alto,Bom,Excelente,Doutoramento,9.869362,46-55,Acima 15k,Perto (0-5),0-2 anos,3865.6,0.04347826,0.083333336,3.3333333,2,2.7,Baixo
36,0,Viaja Raramente,1383,Investigacao e Desenvolvimento,10,3,Ciencias da Vida,4,Masculino,90,3,3,Representante de Saude,1,Casado(a),8321,25949,7,Sim,13,3,4,1,15,1,3,12,8,5,7,Muito Alto,Baixo,Alto,Muito Alto,Bom,Excelente,Mestrado,9.026658,36-45,6k-10k,Medio (6-10),11-20 anos,2773.6667,0.1388889,0.8,3.0,2,22.5,Alto
44,1,Viaja Frequentemente,429,Investigacao e Desenvolvimento,1,2,Medicina,3,Masculino,99,3,1,Investigador,2,Divorciado(a),2342,11092,1,Sim,12,3,3,3,6,2,2,5,3,2,3,Alto,Medio,Alto,Alto,Regular,Excelente,Licenciatura,7.759187,36-45,Ate 3k,Perto (0-5),3-5 anos,2342.0,0.045454547,0.8333333,2.6666667,3,90.7,Alto
37,0,Viaja Raramente,1239,Recursos Humanos,8,2,Outro,3,Masculino,89,3,2,Recursos Humanos,2,Divorciado(a),4071,12832,2,Nao,13,3,3,0,19,4,2,10,0,4,7,Alto,Medio,Alto,Alto,Regular,Excelente,Licenciatura,8.31189,36-45,3k-6k,Medio (6-10),6-10 anos,2035.5,0.10810811,0.5263158,2.6666667,0,23.0,Alto
35,1,Viaja Raramente,303,Vendas,27,3,Ciencias da Vida,3,Masculino,84,3,2,Executivo de Vendas,4,Solteiro(a),5813,13492,1,Sim,18,3,4,0,10,2,3,10,7,7,7,Alto,Muito Alto,Alto,Muito Alto,Bom,Excelente,Mestrado,8.668024,26-35,3k-6k,Muito Longe (21+),6-10 anos,2906.5,0.2,1.0,3.6666667,2,90.7,Alto
33,0,Viaja Raramente,867,Investigacao e Desenvolvimento,8,4,Ciencias da Vida,4,Masculino,90,4,1,Investigador,1,Casado(a),3143,6076,6,Nao,19,3,2,1,14,1,3,10,8,7,6,Muito Alto,Baixo,Muito Alto,Medio,Bom,Excelente,Doutoramento,8.053251,26-35,3k-6k,Medio (6-10),6-10 anos,3143.0,0.21212122,0.71428573,2.3333333,0,8.6,Medio
28,0,Viaja Raramente,1181,Investigacao e Desenvolvimento,1,3,Ciencias da Vida,3,Masculino,82,3,1,Investigador,4,Casado(a),2044,5531,1,Nao,11,3,3,1,5,6,4,5,3,0,3,Alto,Muito Alto,Alto,Alto,Excelente,Excelente,Mestrado,7.623153,26-35,Ate 3k,Perto (0-5),3-5 anos,2044.0,0.0,1.0,3.3333333,0,0.2,Baixo
39,0,Viaja Raramente,1253,Investigacao e Desenvolvimento,10,1,Medicina,3,Masculino,65,3,3,Director de Investigacao,3,Solteiro(a),13464,7914,7,Nao,21,4,3,0,9,3,3,4,3,2,2,Alto,Alto,Alto,Alto,Bom,Excecional,Abaixo da Licenciatura,9.507849,36-45,10k-15k,Medio (6-10),3-5 anos,4488.0,0.051282052,0.44444445,3.0,0,3.0,Baixo
46,0,Sem Viagem,849,Vendas,26,2,Ciencias da Vida,2,Masculino,98,2,2,Executivo de Vendas,2,Solteiro(a),7991,25166,8,Nao,15,3,3,0,6,3,3,2,2,2,2,Medio,Medio,Medio,Alto,Bom,Excelente,Licenciatura,8.9861965,46-55,6k-10k,Muito Longe (21+),0-2 anos,3995.5,0.04347826,0.33333334,2.3333333,0,69.8,Alto
40,0,Viaja Raramente,616,Investigacao e Desenvolvimento,2,2,Ciencias da Vida,3,Feminino,99,3,1,Tecnico de Laboratorio,1,Casado(a),3377,25605,4,Nao,17,3,4,1,7,5,2,4,3,0,2,Alto,Baixo,Alto,Muito Alto,Regular,Excelente,Licenciatura,8.125039,36-45,3k-6k,Perto (0-5),3-5 anos,3377.0,0.0,0.5714286,2.6666667,0,9.6,Medio
42,0,Viaja Raramente,1128,Investigacao e Desenvolvimento,13,3,Medicina,2,Masculino,95,4,2,Representante de Saude,1,Casado(a),5538,5696,5,Nao,18,3,3,2,10,2,2,0,0,0,0,Medio,Baixo,Muito Alto,Alto,Regular,Excelente,Mestrado,8.619569,36-45,3k-6k,Longe (11-20),0-2 anos,2769.0,0.0,0.0,2.0,0,5.0,Medio
35,0,Sem Viagem,1180,Investigacao e Desenvolvimento,2,2,Medicina,2,Masculino,90,3,2,Director de Producao,4,Divorciado(a),5762,24442,2,Nao,14,3,3,1,15,6,3,7,7,1,7,Medio,Muito Alto,Alto,Alto,Bom,Excelente,Licenciatura,8.659213,26-35,3k-6k,Perto (0-5),6-10 anos,2881.0,0.028571429,0.46666667,3.0,0,0.0,Baixo
38,0,Sem Viagem,1336,Recursos Humanos,2,3,Recursos Humanos,1,Masculino,100,3,1,Recursos Humanos,2,Divorciado(a),2592,7129,5,Nao,13,3,4,3,13,3,3,11,10,3,8,Baixo,Medio,Alto,Muito Alto,Bom,Excelente,Mestrado,7.860571,36-45,Ate 3k,Perto (0-5),11-20 anos,2592.0,0.078947365,0.84615386,2.3333333,0,2.2,Baixo
34,1,Viaja Frequentemente,234,Investigacao e Desenvolvimento,9,4,Ciencias da Vida,4,Masculino,93,3,2,Tecnico de Laboratorio,1,Casado(a),5346,6208,4,Nao,17,3,3,1,11,3,2,7,1,0,7,Muito Alto,Baixo,Alto,Alto,Regular,Excelente,Doutoramento,8.5842905,26-35,3k-6k,Medio (6-10),6-10 anos,2673.0,0.0,0.6363636,2.6666667,0,92.0,Alto
37,1,Viaja Raramente,370,Investigacao e Desenvolvimento,10,4,Medicina,4,Masculino,58,3,2,Director de Producao,1,Solteiro(a),4213,4992,1,Nao,15,3,2,0,10,4,1,10,3,0,8,Muito Alto,Baixo,Alto,Medio,Mau,Excelente,Doutoramento,8.346168,36-45,3k-6k,Medio (6-10),6-10 anos,2106.5,0.0,1.0,2.3333333,0,85.9,Alto
39,0,Viaja Frequentemente,766,Vendas,20,3,Ciencias da Vida,3,Masculino,83,3,2,Executivo de Vendas,4,Divorciado(a),4127,19188,2,Nao,18,3,4,1,7,6,3,2,1,2,2,Alto,Muito Alto,Alto,Muito Alto,Bom,Excelente,Mestrado,8.325548,36-45,3k-6k,Longe (11-20),0-2 anos,2063.5,0.051282052,0.2857143,3.6666667,0,1.0,Baixo
43,0,Sem Viagem,343,Investigacao e Desenvolvimento,9,3,Ciencias da Vida,1,Masculino,52,3,1,Investigador,3,Solteiro(a),2438,24978,4,Nao,13,3,3,0,7,2,2,3,2,1,2,Baixo,Alto,Alto,Alto,Regular,Excelente,Mestrado,7.7993436,36-45,Ate 3k,Medio (6-10),3-5 anos,2438.0,0.023255814,0.42857143,2.3333333,0,39.7,Alto
41,0,Viaja Raramente,447,Investigacao e Desenvolvimento,5,3,Ciencias da Vida,2,Masculino,85,4,2,Representante de Saude,2,Solteiro(a),6870,15530,3,Nao,12,3,1,0,11,3,1,3,2,1,2,Medio,Medio,Muito Alto,Baixo,Mau,Excelente,Mestrado,8.835065,36-45,6k-10k,Perto (0-5),3-5 anos,3435.0,0.024390243,0.27272728,1.6666666,0,4.4,Medio
41,0,Viaja Raramente,796,Vendas,4,1,Marketing,3,Feminino,81,3,3,Executivo de Vendas,3,Divorciado(a),10447,26458,0,Sim,13,3,4,1,23,3,4,22,14,13,5,Alto,Alto,Alto,Muito Alto,Excelente,Excelente,Abaixo da Licenciatura,9.254166,36-45,10k-15k,Perto (0-5),20+ anos,3482.3333,0.31707317,0.95652175,3.3333333,1,39.3,Alto
30,0,Viaja Raramente,1092,Investigacao e Desenvolvimento,10,3,Medicina,1,Feminino,64,3,3,Director de Producao,3,Solteiro(a),9667,2739,9,Nao,14,3,2,0,9,3,3,7,7,0,2,Baixo,Alto,Alto,Medio,Bom,Excelente,Mestrado,9.176577,26-35,6k-10k,Medio (6-10),6-10 anos,3222.3333,0.0,0.7777778,2.0,0,24.0,Alto
26,1,Viaja Raramente,920,Recursos Humanos,20,2,Medicina,4,Feminino,69,3,1,Recursos Humanos,2,Casado(a),2148,6889,0,Sim,11,3,3,0,6,3,3,5,1,1,4,Muito Alto,Medio,Alto,Alto,Bom,Excelente,Licenciatura,7.672758,26-35,Ate 3k,Longe (11-20),3-5 anos,2148.0,0.03846154,0.8333333,3.0,2,91.5,Alto
46,1,Viaja Raramente,261,Investigacao e Desenvolvimento,21,2,Medicina,4,Feminino,66,3,2,Representante de Saude,2,Casado(a),8926,10842,4,Nao,22,4,4,1,13,2,4,9,7,3,7,Muito Alto,Medio,Alto,Muito Alto,Excelente,Excecional,Licenciatura,9.096836,46-55,6k-10k,Muito Longe (21+),6-10 anos,4463.0,0.06521739,0.6923077,3.3333333,0,92.6,Alto
40,0,Viaja Raramente,1194,Investigacao e Desenvolvimento,1,3,Ciencias da Vida,3,Feminino,52,3,2,Representante de Saude,4,Divorciado(a),6513,9060,4,Nao,17,3,4,1,12,3,3,5,3,0,3,Alto,Muito Alto,Alto,Muito Alto,Bom,Excelente,Mestrado,8.781709,36-45,6k-10k,Perto (0-5),3-5 anos,3256.5,0.0,0.41666666,3.6666667,0,0.0,Baixo
34,0,Viaja Raramente,810,Vendas,8,2,Curso Tecnico,2,Masculino,92,4,2,Executivo de Vendas,3,Casado(a),6799,22128,1,Nao,21,4,3,2,10,5,3,10,8,4,8,Medio,Alto,Muito Alto,Alto,Bom,Excecional,Licenciatura,8.824677,26-35,6k-10k,Medio (6-10),6-10 anos,3399.5,0.11764706,1.0,2.6666667,0,1.1,Baixo
58,0,Sem Viagem,350,Vendas,2,3,Medicina,2,Masculino,52,3,4,Gestor,2,Divorciado(a),16291,22577,4,Nao,22,4,4,1,37,0,2,16,9,14,14,Medio,Medio,Alto,Muito Alto,Regular,Excecional,Mestrado,9.698429,56-65,Acima 15k,Perto (0-5),11-20 anos,4072.75,0.2413793,0.43243244,2.6666667,0,0.6,Baixo
35,0,Viaja Raramente,185,Investigacao e Desenvolvimento,23,4,Medicina,2,Masculino,91,1,1,Tecnico de Laboratorio,3,Casado(a),2705,9696,0,Nao,16,3,2,1,6,2,4,5,4,0,3,Medio,Alto,Baixo,Medio,Excelente,Excelente,Doutoramento,7.903227,26-35,Ate 3k,Muito Longe (21+),3-5 anos,2705.0,0.0,0.8333333,2.3333333,0,2.5,Baixo
47,0,Viaja Raramente,1001,Investigacao e Desenvolvimento,4,3,Ciencias da Vida,3,Feminino,92,2,3,Director de Producao,2,Divorciado(a),10333,19271,8,Sim,12,3,3,1,28,4,3,22,11,14,10,Alto,Medio,Medio,Alto,Bom,Excelente,Mestrado,9.243195,46-55,10k-15k,Perto (0-5),20+ anos,3444.3333,0.29787233,0.78571427,2.6666667,2,25.9,Alto
40,0,Viaja Raramente,750,Investigacao e Desenvolvimento,12,3,Ciencias da Vida,2,Feminino,47,3,2,Representante de Saude,1,Divorciado(a),4448,10748,2,Nao,12,3,2,1,15,3,3,7,4,7,7,Medio,Baixo,Alto,Medio,Bom,Excelente,Mestrado,8.4004345,36-45,3k-6k,Longe (11-20),6-10 anos,2224.0,0.175,0.46666667,1.6666666,0,2.9,Baixo
54,0,Viaja Raramente,431,Investigacao e Desenvolvimento,7,4,Medicina,4,Feminino,68,3,2,Investigador,4,Casado(a),6854,15696,4,Nao,15,3,2,1,14,2,2,7,1,1,7,Muito Alto,Muito Alto,Alto,Medio,Regular,Excelente,Doutoramento,8.832733,46-55,6k-10k,Medio (6-10),6-10 anos,3427.0,0.018518519,0.5,3.3333333,0,2.0,Baixo
31,0,Viaja Frequentemente,1125,Vendas,7,4,Marketing,1,Feminino,68,3,3,Executivo de Vendas,1,Casado(a),9637,8277,2,Nao,14,3,4,2,9,3,3,3,2,2,2,Baixo,Baixo,Alto,Muito Alto,Bom,Excelente,Doutoramento,9.173469,26-35,6k-10k,Medio (6-10),3-5 anos,3212.3333,0.06451613,0.33333334,2.0,0,40.2,Alto
28,0,Viaja Raramente,1217,Investigacao e Desenvolvimento,1,3,Medicina,3,Feminino,67,3,1,Investigador,1,Casado(a),3591,12719,1,Nao,25,4,3,1,3,3,3,3,2,1,2,Alto,Baixo,Alto,Alto,Bom,Excecional,Mestrado,8.186464,26-35,3k-6k,Perto (0-5),3-5 anos,3591.0,0.035714287,1.0,2.3333333,0,0.1,Baixo
38,0,Viaja Raramente,723,Vendas,2,4,Marketing,2,Feminino,77,1,2,Representante de Vendas,4,Casado(a),5405,4244,2,Sim,20,4,1,2,20,4,2,4,2,0,3,Medio,Muito Alto,Baixo,Baixo,Regular,Excecional,Doutoramento,8.595264,36-45,3k-6k,Perto (0-5),3-5 anos,2702.5,0.0,0.2,2.3333333,3,3.5,Medio
26,0,Viaja Raramente,572,Vendas,10,3,Medicina,3,Masculino,46,3,2,Executivo de Vendas,4,Solteiro(a),4684,9125,1,Nao,13,3,1,0,5,4,3,5,3,1,2,Alto,Muito Alto,Alto,Baixo,Bom,Excelente,Mestrado,8.452121,26-35,3k-6k,Medio (6-10),3-5 anos,2342.0,0.03846154,1.0,2.6666667,0,0.9,Baixo
58,0,Viaja Frequentemente,1216,Investigacao e Desenvolvimento,15,4,Ciencias da Vida,1,Masculino,87,3,4,Director de Investigacao,3,Casado(a),15787,21624,2,Sim,14,3,2,0,23,3,3,2,2,2,2,Baixo,Alto,Alto,Medio,Bom,Excelente,Doutoramento,9.667006,56-65,Acima 15k,Longe (11-20),0-2 anos,3946.75,0.03448276,0.08695652,2.0,2,40.5,Alto
18,0,Sem Viagem,1431,Investigacao e Desenvolvimento,14,3,Medicina,2,Feminino,33,3,1,Investigador,3,Solteiro(a),1514,8018,1,Nao,16,3,3,0,0,4,1,0,0,0,0,Medio,Alto,Alto,Alto,Mau,Excelente,Mestrado,7.3231707,18-25,Ate 3k,Longe (11-20),0-2 anos,1514.0,0.0,0.0,2.6666667,0,71.3,Alto
31,1,Viaja Raramente,359,Recursos Humanos,18,5,Recursos Humanos,4,Masculino,89,4,1,Recursos Humanos,1,Casado(a),2956,21495,0,Nao,17,3,3,0,2,4,3,1,0,0,0,Muito Alto,Baixo,Muito Alto,Alto,Bom,Excelente,Pos-Doc,7.9919305,26-35,Ate 3k,Longe (11-20),0-2 anos,2956.0,0.0,0.5,2.6666667,0,93.1,Alto
29,1,Viaja Raramente,350,Recursos Humanos,13,3,Recursos Humanos,1,Masculino,56,2,1,Recursos Humanos,1,Divorciado(a),2335,3157,4,Sim,15,3,4,3,4,3,3,2,2,2,0,Baixo,Baixo,Medio,Muito Alto,Bom,Excelente,Mestrado,7.7561955,26-35,Ate 3k,Longe (11-20),0-2 anos,2335.0,0.06896552,0.5,2.0,2,99.6,Alto
45,0,Sem Viagem,589,Vendas,2,4,Ciencias da Vida,3,Feminino,67,3,2,Executivo de Vendas,3,Casado(a),5154,19665,4,Nao,22,4,2,2,10,3,4,8,7,5,7,Alto,Alto,Alto,Medio,Excelente,Excecional,Doutoramento,8.547723,36-45,3k-6k,Perto (0-5),6-10 anos,2577.0,0.11111111,0.8,2.6666667,0,1.0,Baixo
36,0,Viaja Raramente,430,Investigacao e Desenvolvimento,2,4,Outro,4,Feminino,73,3,2,Investigador,2,Casado(a),6962,19573,4,Sim,22,4,4,1,15,2,3,1,0,0,0,Muito Alto,Medio,Alto,Muito Alto,Bom,Excecional,Doutoramento,8.848366,36-45,6k-10k,Perto (0-5),0-2 anos,3481.0,0.0,0.06666667,3.3333333,2,0.6,Baixo
43,0,Viaja Frequentemente,1422,Vendas,2,4,Ciencias da Vida,1,Masculino,92,3,2,Executivo de Vendas,4,Casado(a),5675,19246,1,Nao,20,4,3,1,7,5,3,7,7,7,7,Baixo,Muito Alto,Alto,Alto,Bom,Excecional,Doutoramento,8.644002,36-45,3k-6k,Perto (0-5),6-10 anos,2837.5,0.1627907,1.0,2.6666667,0,1.8,Baixo
27,0,Viaja Frequentemente,1297,Investigacao e Desenvolvimento,5,2,Ciencias da Vida,4,Feminino,53,3,1,Tecnico de Laboratorio,4,Solteiro(a),2379,19826,0,Sim,14,3,3,0,6,3,2,5,4,0,2,Muito Alto,Muito Alto,Alto,Alto,Regular,Excelente,Licenciatura,7.7748556,26-35,Ate 3k,Perto (0-5),3-5 anos,2379.0,0.0,0.8333333,3.6666667,3,65.6,Alto
29,0,Viaja Frequentemente,574,Investigacao e Desenvolvimento,20,1,Medicina,4,Masculino,40,3,1,Tecnico de Laboratorio,4,Casado(a),3812,7003,1,Nao,13,3,2,0,11,3,4,11,8,3,10,Muito Alto,Muito Alto,Alto,Medio,Excelente,Excelente,Abaixo da Licenciatura,8.246172,26-35,3k-6k,Longe (11-20),11-20 anos,3812.0,0.10344828,1.0,3.3333333,0,6.7,Medio
32,0,Viaja Frequentemente,1318,Vendas,10,4,Marketing,4,Masculino,79,3,2,Executivo de Vendas,4,Solteiro(a),4648,26075,8,Nao,13,3,3,0,4,2,4,0,0,0,0,Muito Alto,Muito Alto,Alto,Alto,Excelente,Excelente,Doutoramento,8.444407,26-35,3k-6k,Medio (6-10),0-2 anos,2324.0,0.0,0.0,3.6666667,0,26.8,Alto
42,0,Sem Viagem,355,Investigacao e Desenvolvimento,10,4,Curso Tecnico,3,Masculino,38,3,1,Investigador,3,Casado(a),2936,6161,3,Nao,22,4,2,2,10,1,2,6,3,3,3,Alto,Alto,Alto,Medio,Regular,Excecional,Doutoramento,7.985144,36-45,Ate 3k,Medio (6-10),6-10 anos,2936.0,0.071428575,0.6,2.6666667,0,1.3,Baixo
47,0,Viaja Raramente,207,Investigacao e Desenvolvimento,9,4,Ciencias da Vida,2,Feminino,64,3,1,Tecnico de Laboratorio,3,Solteiro(a),2105,5411,4,Nao,12,3,3,0,7,2,3,2,2,2,0,Medio,Alto,Alto,Alto,Bom,Excelente,Doutoramento,7.652546,46-55,Ate 3k,Medio (6-10),0-2 anos,2105.0,0.04255319,0.2857143,2.6666667,0,7.1,Medio
46,0,Viaja Raramente,706,Investigacao e Desenvolvimento,2,2,Ciencias da Vida,4,Masculino,82,3,3,Director de Producao,4,Divorciado(a),8578,19989,3,Nao,14,3,3,1,12,4,2,9,8,4,7,Muito Alto,Muito Alto,Alto,Alto,Regular,Excelente,Licenciatura,9.057073,46-55,6k-10k,Perto (0-5),6-10 anos,2859.3333,0.08695652,0.75,3.6666667,0,4.3,Medio
28,0,Sem Viagem,280,Recursos Humanos,1,2,Ciencias da Vida,3,Masculino,43,3,1,Recursos Humanos,4,Divorciado(a),2706,10494,1,Nao,15,3,2,1,3,2,3,3,2,2,2,Alto,Muito Alto,Alto,Medio,Bom,Excelente,Licenciatura,7.9035964,26-35,Ate 3k,Perto (0-5),3-5 anos,2706.0,0.071428575,1.0,3.0,0,1.0,Baixo
29,0,Viaja Raramente,726,Investigacao e Desenvolvimento,29,1,Ciencias da Vida,4,Masculino,93,1,2,Representante de Saude,3,Divorciado(a),6384,21143,8,Nao,17,3,4,2,11,3,3,7,0,1,6,Muito Alto,Alto,Baixo,Muito Alto,Bom,Excelente,Abaixo da Licenciatura,8.761706,26-35,6k-10k,Muito Longe (21+),6-10 anos,3192.0,0.03448276,0.6363636,3.6666667,0,1.8,Baixo
42,0,Viaja Raramente,1142,Investigacao e Desenvolvimento,8,3,Ciencias da Vida,4,Masculino,81,3,1,Tecnico de Laboratorio,3,Solteiro(a),3968,13624,4,Nao,13,3,4,0,8,3,3,0,0,0,0,Muito Alto,Alto,Alto,Muito Alto,Bom,Excelente,Mestrado,8.286269,36-45,3k-6k,Medio (6-10),0-2 anos,3968.0,0.0,0.0,3.6666667,0,1.3,Baixo
32,1,Viaja Raramente,414,Vendas,2,4,Marketing,3,Masculino,82,2,2,Executivo de Vendas,2,Solteiro(a),9907,26186,7,Sim,12,3,3,0,7,3,2,2,2,2,2,Alto,Medio,Medio,Alto,Regular,Excelente,Doutoramento,9.2010975,26-35,6k-10k,Perto (0-5),0-2 anos,4953.5,0.0625,0.2857143,2.6666667,3,98.1,Alto
46,0,Viaja Raramente,1319,Vendas,3,3,Curso Tecnico,1,Feminino,45,4,4,Executivo de Vendas,1,Divorciado(a),13225,7739,2,Nao,12,3,4,1,25,5,3,19,17,2,8,Baixo,Baixo,Muito Alto,Muito Alto,Bom,Excelente,Mestrado,9.48994,46-55,10k-15k,Perto (0-5),11-20 anos,3306.25,0.04347826,0.76,2.0,0,2.1,Baixo
27,0,Viaja Raramente,728,Vendas,23,1,Medicina,2,Feminino,36,2,2,Representante de Vendas,3,Casado(a),3540,7018,1,Nao,21,4,4,1,9,5,3,9,8,5,8,Medio,Alto,Medio,Muito Alto,Bom,Excecional,Abaixo da Licenciatura,8.172165,26-35,3k-6k,Muito Longe (21+),6-10 anos,1770.0,0.18518518,1.0,3.0,0,2.7,Baixo
29,0,Viaja Raramente,352,Recursos Humanos,6,1,Medicina,4,Masculino,87,2,1,Recursos Humanos,2,Casado(a),2804,15434,1,Nao,11,3,4,0,1,3,3,1,0,0,0,Muito Alto,Medio,Medio,Muito Alto,Bom,Excelente,Abaixo da Licenciatura,7.939159,26-35,Ate 3k,Medio (6-10),0-2 anos,2804.0,0.0,1.0,3.3333333,0,19.9,Alto
43,0,Viaja Raramente,823,Investigacao e Desenvolvimento,6,3,Medicina,1,Feminino,81,2,5,Gestor,3,Casado(a),19392,22539,7,Nao,13,3,4,0,21,2,3,16,12,6,14,Baixo,Alto,Medio,Muito Alto,Bom,Excelente,Mestrado,9.872667,36-45,Acima 15k,Medio (6-10),11-20 anos,3878.4,0.13953489,0.7619048,2.6666667,0,8.0,Medio
48,0,Viaja Raramente,1224,Investigacao e Desenvolvimento,10,3,Ciencias da Vida,4,Masculino,91,2,5,Director de Investigacao,2,Casado(a),19665,13583,4,Nao,12,3,4,0,29,3,3,22,10,12,9,Muito Alto,Medio,Medio,Muito Alto,Bom,Excelente,Mestrado,9.886646,46-55,Acima 15k,Medio (6-10),20+ anos,3933.0,0.25,0.7586207,3.3333333,0,33.1,Alto
29,1,Viaja Frequentemente,459,Investigacao e Desenvolvimento,24,2,Ciencias da Vida,4,Masculino,73,2,1,Investigador,4,Solteiro(a),2439,14753,1,Sim,24,4,2,0,1,3,2,1,0,1,0,Muito Alto,Muito Alto,Medio,Medio,Regular,Excecional,Licenciatura,7.799753,26-35,Ate 3k,Muito Longe (21+),0-2 anos,2439.0,0.03448276,1.0,3.3333333,3,99.1,Alto
46,1,Viaja Raramente,1254,Vendas,10,3,Ciencias da Vida,3,Feminino,64,3,3,Executivo de Vendas,2,Casado(a),7314,14011,5,Nao,21,4,3,3,14,2,3,8,7,0,7,Alto,Medio,Alto,Alto,Bom,Excecional,Mestrado,8.897682,46-55,6k-10k,Medio (6-10),6-10 anos,2438.0,0.0,0.5714286,2.6666667,0,78.7,Alto
27,0,Viaja Frequentemente,1131,Investigacao e Desenvolvimento,15,3,Ciencias da Vida,4,Feminino,77,2,1,Investigador,1,Casado(a),4774,23844,0,Nao,19,3,4,1,8,2,2,7,6,7,3,Muito Alto,Baixo,Medio,Muito Alto,Regular,Excelente,Mestrado,8.471149,26-35,3k-6k,Longe (11-20),6-10 anos,4774.0,0.25925925,0.875,3.0,0,23.6,Alto
39,0,Viaja Raramente,835,Investigacao e Desenvolvimento,19,4,Outro,4,Masculino,41,3,2,Investigador,4,Divorciado(a),3902,5141,8,Nao,14,3,2,3,7,2,3,2,2,2,2,Muito Alto,Muito Alto,Alto,Medio,Bom,Excelente,Doutoramento,8.269501,36-45,3k-6k,Longe (11-20),0-2 anos,1951.0,0.051282052,0.2857143,3.3333333,0,0.8,Baixo
55,0,Viaja Raramente,836,Investigacao e Desenvolvimento,2,4,Curso Tecnico,2,Masculino,98,2,1,Investigador,4,Casado(a),2662,7975,8,Nao,20,4,2,1,19,2,4,5,2,0,4,Medio,Muito Alto,Medio,Medio,Excelente,Excecional,Doutoramento,7.8872085,46-55,Ate 3k,Perto (0-5),3-5 anos,2662.0,0.0,0.2631579,2.6666667,0,2.6,Baixo
28,0,Viaja Raramente,1172,Vendas,3,3,Medicina,2,Feminino,78,3,1,Representante de Vendas,2,Casado(a),2856,3692,1,Nao,19,3,4,1,1,3,3,1,0,0,0,Medio,Medio,Alto,Muito Alto,Bom,Excelente,Mestrado,7.9575276,26-35,Ate 3k,Perto (0-5),0-2 anos,2856.0,0.0,1.0,2.6666667,0,7.9,Medio
30,1,Viaja Raramente,945,Vendas,9,3,Medicina,2,Masculino,89,3,1,Representante de Vendas,4,Solteiro(a),1081,16019,1,Nao,13,3,3,0,1,3,2,1,0,0,0,Medio,Muito Alto,Alto,Alto,Regular,Excelente,Mestrado,6.9865665,26-35,Ate 3k,Medio (6-10),0-2 anos,1081.0,0.0,1.0,3.0,0,96.8,Alto
22,1,Viaja Raramente,391,Investigacao e Desenvolvimento,7,1,Ciencias da Vida,4,Masculino,75,3,1,Investigador,2,Solteiro(a),2472,26092,1,Sim,23,4,1,0,1,2,3,1,0,0,0,Muito Alto,Medio,Alto,Baixo,Bom,Excecional,Abaixo da Licenciatura,7.813187,18-25,Ate 3k,Medio (6-10),0-2 anos,2472.0,0.0,1.0,2.3333333,2,99.1,Alto
36,0,Viaja Raramente,1266,Vendas,10,4,Curso Tecnico,2,Feminino,63,2,2,Executivo de Vendas,3,Casado(a),5673,6060,1,Sim,13,3,1,1,10,4,3,10,9,1,7,Medio,Alto,Medio,Baixo,Bom,Excelente,Doutoramento,8.64365,36-45,3k-6k,Medio (6-10),6-10 anos,2836.5,0.027777778,1.0,2.0,2,29.8,Alto
31,0,Viaja Raramente,311,Investigacao e Desenvolvimento,20,3,Ciencias da Vida,2,Masculino,89,3,2,Tecnico de Laboratorio,3,Divorciado(a),4197,18624,1,Nao,11,3,1,1,10,2,3,10,8,0,2,Medio,Alto,Alto,Baixo,Bom,Excelente,Mestrado,8.342363,26-35,3k-6k,Longe (11-20),6-10 anos,2098.5,0.0,1.0,2.0,0,2.2,Baixo
34,0,Viaja Raramente,1480,Vendas,4,3,Ciencias da Vida,3,Masculino,64,3,3,Executivo de Vendas,4,Casado(a),9713,24444,2,Sim,13,3,4,3,9,3,3,5,3,1,0,Alto,Muito Alto,Alto,Muito Alto,Bom,Excelente,Mestrado,9.181323,26-35,6k-10k,Perto (0-5),3-5 anos,3237.6667,0.029411765,0.5555556,3.6666667,2,0.7,Baixo
29,0,Viaja Raramente,592,Investigacao e Desenvolvimento,7,3,Ciencias da Vida,4,Masculino,59,3,1,Tecnico de Laboratorio,1,Solteiro(a),2062,19384,3,Nao,14,3,2,0,11,2,3,3,2,1,2,Muito Alto,Baixo,Alto,Medio,Bom,Excelente,Mestrado,7.6319165,26-35,Ate 3k,Medio (6-10),3-5 anos,2062.0,0.03448276,0.27272728,2.3333333,0,47.7,Alto
37,0,Viaja Raramente,783,Investigacao e Desenvolvimento,7,4,Medicina,4,Masculino,78,3,2,Investigador,1,Casado(a),4284,13588,5,Sim,22,4,3,1,16,2,3,5,3,0,4,Muito Alto,Baixo,Alto,Alto,Bom,Excecional,Doutoramento,8.362876,36-45,3k-6k,Medio (6-10),3-5 anos,2142.0,0.0,0.3125,2.6666667,2,2.4,Baixo
35,0,Viaja Raramente,219,Investigacao e Desenvolvimento,16,2,Outro,4,Feminino,44,2,2,Director de Producao,2,Casado(a),4788,25388,0,Sim,11,3,4,0,4,2,3,3,2,0,2,Muito Alto,Medio,Medio,Muito Alto,Bom,Excelente,Licenciatura,8.474077,26-35,3k-6k,Longe (11-20),3-5 anos,2394.0,0.0,0.75,3.3333333,2,40.1,Alto
45,0,Viaja Raramente,556,Investigacao e Desenvolvimento,25,2,Ciencias da Vida,2,Feminino,93,2,2,Director de Producao,4,Casado(a),5906,23888,0,Nao,13,3,4,2,10,2,2,9,8,3,8,Medio,Muito Alto,Medio,Muito Alto,Regular,Excelente,Licenciatura,8.683893,36-45,3k-6k,Muito Longe (21+),6-10 anos,2953.0,0.06666667,0.9,3.3333333,0,4.7,Medio
36,0,Viaja Frequentemente,1213,Recursos Humanos,2,1,Recursos Humanos,2,Masculino,94,2,2,Recursos Humanos,4,Solteiro(a),3886,4223,1,Nao,21,4,4,0,10,2,2,10,1,0,8,Medio,Muito Alto,Medio,Muito Alto,Regular,Excecional,Abaixo da Licenciatura,8.265393,36-45,3k-6k,Perto (0-5),6-10 anos,1943.0,0.0,1.0,3.3333333,0,3.8,Medio
40,0,Viaja Raramente,1137,Investigacao e Desenvolvimento,1,4,Ciencias da Vida,1,Masculino,98,3,4,Gestor,1,Divorciado(a),16823,18991,2,Nao,11,3,1,1,22,3,3,19,7,11,16,Baixo,Baixo,Alto,Baixo,Bom,Excelente,Doutoramento,9.730561,36-45,Acima 15k,Perto (0-5),11-20 anos,4205.75,0.275,0.8636364,1.0,0,5.8,Medio
26,0,Viaja Raramente,482,Investigacao e Desenvolvimento,1,2,Ciencias da Vida,2,Feminino,90,2,1,Investigador,3,Casado(a),2933,14908,1,Sim,13,3,3,1,1,3,2,1,0,1,0,Medio,Alto,Medio,Alto,Regular,Excelente,Licenciatura,7.984122,26-35,Ate 3k,Perto (0-5),0-2 anos,2933.0,0.03846154,1.0,2.6666667,3,29.3,Alto
27,0,Viaja Raramente,511,Vendas,2,2,Medicina,1,Feminino,89,4,2,Executivo de Vendas,3,Solteiro(a),6500,26997,0,Nao,14,3,2,0,9,5,2,8,7,0,7,Baixo,Alto,Muito Alto,Medio,Regular,Excelente,Licenciatura,8.779712,26-35,6k-10k,Perto (0-5),6-10 anos,3250.0,0.0,0.8888889,2.0,0,1.3,Baixo
48,0,Viaja Frequentemente,117,Investigacao e Desenvolvimento,22,3,Medicina,4,Feminino,58,3,4,Gestor,4,Divorciado(a),17174,2437,3,Nao,11,3,2,1,24,3,3,22,17,4,7,Muito Alto,Muito Alto,Alto,Medio,Bom,Excelente,Mestrado,9.75121,46-55,Acima 15k,Muito Longe (21+),20+ anos,4293.5,0.083333336,0.9166667,3.3333333,0,5.1,Medio
44,0,Viaja Raramente,170,Investigacao e Desenvolvimento,1,4,Ciencias da Vida,2,Masculino,78,4,2,Representante de Saude,1,Casado(a),5033,9364,2,Nao,15,3,4,1,10,5,3,2,0,2,2,Medio,Baixo,Muito Alto,Muito Alto,Bom,Excelente,Doutoramento,8.523971,36-45,3k-6k,Perto (0-5),0-2 anos,2516.5,0.045454547,0.2,2.3333333,0,0.1,Baixo
34,1,Sem Viagem,967,Investigacao e Desenvolvimento,16,4,Curso Tecnico,4,Masculino,85,1,1,Investigador,1,Casado(a),2307,14460,1,Sim,23,4,2,1,5,2,3,5,2,3,0,Muito Alto,Baixo,Baixo,Medio,Bom,Excecional,Doutoramento,7.744137,26-35,Ate 3k,Longe (11-20),3-5 anos,2307.0,0.0882353,1.0,2.3333333,2,91.9,Alto
56,1,Viaja Raramente,1162,Investigacao e Desenvolvimento,24,2,Ciencias da Vida,1,Masculino,97,3,1,Tecnico de Laboratorio,4,Solteiro(a),2587,10261,1,Nao,16,3,4,0,5,3,3,4,2,1,0,Baixo,Muito Alto,Alto,Muito Alto,Bom,Excelente,Licenciatura,7.8586407,56-65,Ate 3k,Muito Longe (21+),3-5 anos,2587.0,0.017857144,0.8,3.0,0,91.7,Alto
36,0,Viaja Raramente,335,Vendas,17,2,Marketing,3,Masculino,33,2,2,Executivo de Vendas,2,Casado(a),5507,16822,2,Nao,16,3,3,2,12,1,1,4,2,1,3,Alto,Medio,Medio,Alto,Mau,Excelente,Licenciatura,8.613956,36-45,3k-6k,Longe (11-20),3-5 anos,2753.5,0.027777778,0.33333334,2.6666667,0,6.8,Medio
41,0,Viaja Raramente,337,Vendas,8,3,Marketing,3,Feminino,54,3,2,Executivo de Vendas,2,Casado(a),4393,26841,5,Nao,21,4,3,1,14,3,3,5,4,1,4,Alto,Medio,Alto,Alto,Bom,Excecional,Mestrado,8.387996,36-45,3k-6k,Medio (6-10),3-5 anos,2196.5,0.024390243,0.35714287,2.6666667,0,0.2,Baixo
42,0,Viaja Raramente,1396,Investigacao e Desenvolvimento,6,3,Medicina,3,Masculino,83,3,3,Director de Investigacao,1,Casado(a),13348,14842,9,Nao,13,3,2,1,18,3,4,13,7,5,7,Alto,Baixo,Alto,Medio,Excelente,Excelente,Mestrado,9.499197,36-45,10k-15k,Medio (6-10),11-20 anos,4449.3335,0.11904762,0.7222222,2.0,0,1.7,Baixo
31,0,Viaja Raramente,1079,Vendas,10,2,Medicina,3,Feminino,86,3,2,Executivo de Vendas,4,Divorciado(a),6583,20115,2,Sim,11,3,4,1,8,2,3,5,2,1,4,Alto,Muito Alto,Alto,Muito Alto,Bom,Excelente,Licenciatura,8.7923975,26-35,6k-10k,Medio (6-10),3-5 anos,3291.5,0.032258064,0.625,3.6666667,2,2.3,Baixo
34,0,Viaja Raramente,735,Vendas,3,1,Medicina,4,Feminino,75,2,2,Executivo de Vendas,4,Casado(a),8103,16495,3,Sim,12,3,3,0,9,3,2,4,2,0,1,Muito Alto,Muito Alto,Medio,Alto,Regular,Excelente,Abaixo da Licenciatura,9.0001135,26-35,6k-10k,Perto (0-5),3-5 anos,4051.5,0.0,0.44444445,3.6666667,3,14.9,Medio
31,0,Viaja Raramente,471,Investigacao e Desenvolvimento,4,3,Medicina,1,Feminino,62,4,1,Tecnico de Laboratorio,3,Divorciado(a),3978,16031,8,Nao,12,3,2,1,4,0,2,2,2,2,2,Baixo,Alto,Muito Alto,Medio,Regular,Excelente,Mestrado,8.288786,26-35,3k-6k,Perto (0-5),0-2 anos,3978.0,0.06451613,0.5,2.0,0,55.4,Alto
26,0,Viaja Frequentemente,1096,Investigacao e Desenvolvimento,6,3,Outro,3,Masculino,61,4,1,Tecnico de Laboratorio,4,Casado(a),2544,7102,0,Nao,18,3,1,1,8,3,3,7,7,7,7,Alto,Muito Alto,Muito Alto,Baixo,Bom,Excelente,Mestrado,7.841886,26-35,Ate 3k,Medio (6-10),6-10 anos,2544.0,0.26923078,0.875,2.6666667,0,3.8,Medio
45,0,Viaja Frequentemente,1297,Investigacao e Desenvolvimento,1,4,Medicina,2,Masculino,44,3,2,Representante de Saude,3,Solteiro(a),5399,14511,4,Nao,12,3,3,0,12,3,3,4,2,0,3,Medio,Alto,Alto,Alto,Bom,Excelente,Doutoramento,8.594154,36-45,3k-6k,Perto (0-5),3-5 anos,2699.5,0.0,0.33333334,2.6666667,0,1.3,Baixo
33,0,Viaja Raramente,217,Vendas,10,4,Marketing,2,Masculino,43,3,2,Executivo de Vendas,3,Solteiro(a),5487,10410,1,Nao,14,3,2,0,10,2,2,10,4,0,9,Medio,Alto,Alto,Medio,Regular,Excelente,Doutoramento,8.610319,26-35,3k-6k,Medio (6-10),6-10 anos,2743.5,0.0,1.0,2.3333333,0,9.7,Medio
28,0,Viaja Frequentemente,783,Vendas,1,2,Ciencias da Vida,3,Masculino,42,2,2,Executivo de Vendas,4,Casado(a),6834,19255,1,Sim,12,3,3,1,7,2,3,7,7,0,7,Alto,Muito Alto,Medio,Alto,Bom,Excelente,Licenciatura,8.829812,26-35,6k-10k,Perto (0-5),6-10 anos,3417.0,0.0,1.0,3.3333333,2,5.0,Medio
29,1,Viaja Frequentemente,746,Vendas,24,3,Curso Tecnico,3,Masculino,45,4,1,Representante de Vendas,1,Solteiro(a),1091,10642,1,Nao,17,3,4,0,1,3,3,1,0,0,0,Alto,Baixo,Muito Alto,Muito Alto,Bom,Excelente,Mestrado,6.995766,26-35,Ate 3k,Muito Longe (21+),0-2 anos,1091.0,0.0,1.0,2.6666667,0,97.6,Alto
39,0,Sem Viagem,1251,Vendas,21,4,Ciencias da Vida,1,Feminino,32,1,2,Executivo de Vendas,3,Casado(a),5736,3987,6,Nao,19,3,3,1,10,1,3,3,2,1,2,Baixo,Alto,Baixo,Alto,Bom,Excelente,Doutoramento,8.654692,36-45,3k-6k,Muito Longe (21+),3-5 anos,2868.0,0.025641026,0.3,2.3333333,0,16.8,Medio
27,0,Viaja Raramente,1354,Investigacao e Desenvolvimento,2,4,Curso Tecnico,2,Masculino,41,3,1,Investigador,2,Casado(a),2226,6073,1,Nao,11,3,3,1,6,3,2,5,3,1,2,Medio,Medio,Alto,Alto,Regular,Excelente,Doutoramento,7.7084107,26-35,Ate 3k,Perto (0-5),3-5 anos,2226.0,0.037037037,0.8333333,2.3333333,0,2.0,Baixo
34,0,Viaja Frequentemente,735,Investigacao e Desenvolvimento,22,4,Outro,3,Masculino,86,2,2,Investigador,4,Casado(a),5747,26496,1,Sim,15,3,2,0,16,3,3,15,10,6,11,Alto,Muito Alto,Medio,Medio,Bom,Excelente,Doutoramento,8.656608,26-35,3k-6k,Muito Longe (21+),11-20 anos,2873.5,0.1764706,0.9375,3.0,2,30.5,Alto
28,1,Viaja Raramente,1475,Vendas,13,2,Marketing,4,Feminino,84,3,2,Executivo de Vendas,3,Solteiro(a),9854,23352,3,Sim,11,3,4,0,6,0,3,2,0,2,2,Muito Alto,Alto,Alto,Muito Alto,Bom,Excelente,Licenciatura,9.195734,26-35,6k-10k,Longe (11-20),0-2 anos,4927.0,0.071428575,0.33333334,3.6666667,2,97.0,Alto
47,0,Sem Viagem,1169,Investigacao e Desenvolvimento,14,4,Curso Tecnico,3,Masculino,64,3,2,Investigador,2,Casado(a),5467,2125,8,Nao,18,3,3,1,16,4,4,8,7,1,7,Alto,Medio,Alto,Alto,Excelente,Excelente,Doutoramento,8.606668,46-55,3k-6k,Longe (11-20),6-10 anos,2733.5,0.021276595,0.5,2.6666667,0,0.7,Baixo
56,0,Viaja Raramente,1443,Vendas,11,5,Marketing,4,Feminino,89,2,2,Executivo de Vendas,1,Casado(a),5380,20328,4,Nao,16,3,3,1,6,3,3,0,0,0,0,Muito Alto,Baixo,Medio,Alto,Bom,Excelente,Pos-Doc,8.59063,56-65,3k-6k,Longe (11-20),0-2 anos,2690.0,0.0,0.0,2.6666667,0,8.6,Medio
39,0,Viaja Raramente,867,Investigacao e Desenvolvimento,9,2,Medicina,1,Masculino,87,3,2,Director de Producao,1,Casado(a),5151,12315,1,Nao,25,4,4,1,10,3,3,10,0,7,9,Baixo,Baixo,Alto,Muito Alto,Bom,Excecional,Licenciatura,8.54714,36-45,3k-6k,Medio (6-10),6-10 anos,2575.5,0.17948718,1.0,2.0,0,0.9,Baixo
38,0,Viaja Frequentemente,1394,Investigacao e Desenvolvimento,8,3,Medicina,4,Feminino,58,2,2,Investigador,2,Divorciado(a),2133,18115,1,Sim,16,3,3,1,20,3,3,20,11,0,7,Muito Alto,Medio,Medio,Alto,Bom,Excelente,Mestrado,7.6657534,36-45,Ate 3k,Medio (6-10),11-20 anos,1066.5,0.0,1.0,3.0,2,2.3,Baixo
58,0,Viaja Raramente,605,Vendas,21,3,Ciencias da Vida,4,Feminino,72,3,4,Gestor,4,Casado(a),17875,11761,4,Sim,13,3,3,1,29,2,2,1,0,0,0,Muito Alto,Muito Alto,Alto,Alto,Regular,Excelente,Mestrado,9.791214,56-65,Acima 15k,Muito Longe (21+),0-2 anos,4468.75,0.0,0.03448276,3.6666667,3,1.2,Baixo
32,1,Viaja Frequentemente,238,Investigacao e Desenvolvimento,5,2,Ciencias da Vida,1,Feminino,47,4,1,Investigador,3,Solteiro(a),2432,15318,3,Sim,14,3,1,0,8,2,3,4,1,0,3,Baixo,Alto,Muito Alto,Baixo,Bom,Excelente,Licenciatura,7.7968802,26-35,Ate 3k,Perto (0-5),3-5 anos,2432.0,0.0,0.5,1.6666666,2,99.1,Alto
38,0,Viaja Raramente,1206,Investigacao e Desenvolvimento,9,2,Ciencias da Vida,2,Masculino,71,3,1,Investigador,4,Divorciado(a),4771,14293,2,Nao,19,3,4,2,10,0,4,5,2,0,3,Medio,Muito Alto,Alto,Muito Alto,Excelente,Excelente,Licenciatura,8.470521,36-45,3k-6k,Medio (6-10),3-5 anos,4771.0,0.0,0.5,3.3333333,0,0.3,Baixo
49,0,Viaja Frequentemente,1064,Investigacao e Desenvolvimento,2,1,Ciencias da Vida,2,Masculino,42,3,5,Director de Investigacao,4,Casado(a),19161,13738,3,Nao,15,3,4,0,28,3,3,5,4,4,3,Medio,Muito Alto,Alto,Muito Alto,Bom,Excelente,Abaixo da Licenciatura,9.860684,46-55,Acima 15k,Perto (0-5),3-5 anos,3832.2,0.08163265,0.17857143,3.3333333,0,4.6,Medio
42,0,Viaja Raramente,419,Vendas,12,4,Marketing,2,Masculino,77,3,2,Executivo de Vendas,4,Divorciado(a),5087,2900,3,Sim,12,3,3,2,14,4,3,0,0,0,0,Medio,Muito Alto,Alto,Alto,Bom,Excelente,Doutoramento,8.53464,36-45,3k-6k,Longe (11-20),0-2 anos,2543.5,0.0,0.0,3.0,2,12.8,Medio
27,1,Viaja Frequentemente,1337,Recursos Humanos,22,3,Recursos Humanos,1,Feminino,58,2,1,Recursos Humanos,2,Casado(a),2863,19555,1,Nao,12,3,1,0,1,2,3,1,0,0,0,Baixo,Medio,Medio,Baixo,Bom,Excelente,Mestrado,7.959975,26-35,Ate 3k,Muito Longe (21+),0-2 anos,2863.0,0.0,1.0,1.3333334,0,99.5,Alto
35,0,Viaja Raramente,682,Vendas,18,4,Medicina,2,Masculino,71,3,2,Executivo de Vendas,1,Casado(a),5561,15975,0,Nao,16,3,4,1,6,2,1,5,3,0,4,Medio,Baixo,Alto,Muito Alto,Mau,Excelente,Doutoramento,8.6237135,26-35,3k-6k,Longe (11-20),3-5 anos,2780.5,0.0,0.8333333,2.3333333,0,1.3,Baixo
28,0,Sem Viagem,1103,Investigacao e Desenvolvimento,16,3,Medicina,3,Masculino,49,3,1,Investigador,3,Solteiro(a),2144,2122,1,Nao,14,3,3,0,5,3,2,5,3,1,4,Alto,Alto,Alto,Alto,Regular,Excelente,Mestrado,7.6708946,26-35,Ate 3k,Longe (11-20),3-5 anos,2144.0,0.035714287,1.0,3.0,0,8.3,Medio
31,0,Sem Viagem,976,Investigacao e Desenvolvimento,3,2,Medicina,3,Masculino,48,3,1,Investigador,1,Divorciado(a),3065,3995,1,Sim,13,3,4,1,4,3,4,4,2,2,3,Alto,Baixo,Alto,Muito Alto,Excelente,Excelente,Licenciatura,8.028129,26-35,3k-6k,Perto (0-5),3-5 anos,3065.0,0.06451613,1.0,2.6666667,1,2.9,Baixo
36,0,Sem Viagem,1351,Investigacao e Desenvolvimento,9,4,Ciencias da Vida,1,Masculino,66,4,1,Tecnico de Laboratorio,2,Casado(a),2810,9238,1,Nao,22,4,2,0,5,3,3,5,4,0,2,Baixo,Medio,Muito Alto,Medio,Bom,Excecional,Doutoramento,7.9412956,36-45,Ate 3k,Medio (6-10),3-5 anos,2810.0,0.0,1.0,1.6666666,0,5.9,Medio
34,0,Viaja Raramente,937,Vendas,1,3,Marketing,1,Masculino,32,3,3,Executivo de Vendas,4,Solteiro(a),9888,6770,1,Nao,21,4,1,0,14,3,2,14,8,2,1,Baixo,Muito Alto,Alto,Baixo,Regular,Excecional,Mestrado,9.199179,26-35,6k-10k,Perto (0-5),11-20 anos,3296.0,0.05882353,1.0,2.0,0,5.3,Medio
34,0,Viaja Raramente,1239,Vendas,13,4,Medicina,4,Masculino,39,3,3,Executivo de Vendas,3,Divorciado(a),8628,22914,1,Nao,18,3,3,1,9,2,2,8,7,1,1,Muito Alto,Alto,Alto,Alto,Regular,Excelente,Doutoramento,9.062884,26-35,6k-10k,Longe (11-20),6-10 anos,2876.0,0.029411765,0.8888889,3.3333333,0,6.6,Medio
26,0,Viaja Raramente,157,Investigacao e Desenvolvimento,1,3,Medicina,3,Masculino,95,3,1,Tecnico de Laboratorio,1,Solteiro(a),2867,20006,0,Nao,13,3,4,0,8,6,2,7,7,7,6,Alto,Baixo,Alto,Muito Alto,Regular,Excelente,Mestrado,7.96137,26-35,Ate 3k,Perto (0-5),6-10 anos,2867.0,0.26923078,0.875,2.6666667,0,1.7,Baixo
29,0,Viaja Raramente,136,Investigacao e Desenvolvimento,1,3,Ciencias da Vida,1,Masculino,89,3,2,Representante de Saude,1,Casado(a),5373,6225,0,Nao,12,3,1,1,6,5,2,5,3,0,2,Baixo,Baixo,Alto,Baixo,Regular,Excelente,Mestrado,8.589328,26-35,3k-6k,Perto (0-5),3-5 anos,2686.5,0.0,0.8333333,1.0,0,10.1,Medio
32,0,Sem Viagem,1146,Investigacao e Desenvolvimento,15,4,Medicina,3,Feminino,34,3,2,Representante de Saude,4,Divorciado(a),6667,16542,5,Nao,18,3,2,1,9,6,3,5,1,1,2,Alto,Muito Alto,Alto,Medio,Bom,Excelente,Doutoramento,8.805076,26-35,6k-10k,Longe (11-20),3-5 anos,3333.5,0.03125,0.5555556,3.0,0,0.3,Baixo
31,0,Viaja Frequentemente,1125,Investigacao e Desenvolvimento,1,3,Ciencias da Vida,4,Masculino,48,1,2,Investigador,1,Casado(a),5003,5771,1,Nao,21,4,2,0,10,6,3,10,8,8,7,Muito Alto,Baixo,Baixo,Medio,Bom,Excecional,Mestrado,8.517993,26-35,3k-6k,Perto (0-5),6-10 anos,2501.5,0.2580645,1.0,2.3333333,0,22.3,Alto
28,1,Viaja Raramente,1404,Investigacao e Desenvolvimento,17,3,Curso Tecnico,3,Masculino,32,2,1,Tecnico de Laboratorio,4,Divorciado(a),2367,18779,5,Nao,12,3,1,1,6,2,2,4,1,0,3,Alto,Muito Alto,Medio,Baixo,Regular,Excelente,Mestrado,7.769801,26-35,Ate 3k,Longe (11-20),3-5 anos,2367.0,0.0,0.6666667,2.6666667,0,96.6,Alto
38,0,Viaja Raramente,1404,Vendas,1,3,Ciencias da Vida,1,Masculino,59,2,1,Representante de Vendas,1,Solteiro(a),2858,11473,4,Nao,14,3,1,0,20,3,2,1,0,0,0,Baixo,Baixo,Medio,Baixo,Regular,Excelente,Mestrado,7.958227,36-45,Ate 3k,Perto (0-5),0-2 anos,2858.0,0.0,0.05,1.0,0,71.8,Alto
35,0,Viaja Raramente,1224,Vendas,7,4,Ciencias da Vida,3,Feminino,55,3,2,Executivo de Vendas,4,Casado(a),5204,13586,1,Sim,11,3,4,0,10,2,3,10,8,0,9,Alto,Muito Alto,Alto,Muito Alto,Bom,Excelente,Doutoramento,8.557375,26-35,3k-6k,Medio (6-10),6-10 anos,2602.0,0.0,1.0,3.6666667,2,2.3,Baixo
27,0,Viaja Raramente,954,Vendas,9,3,Marketing,4,Masculino,44,3,2,Executivo de Vendas,4,Solteiro(a),4105,5099,1,Nao,14,3,1,0,7,5,3,7,7,0,7,Muito Alto,Muito Alto,Alto,Baixo,Bom,Excelente,Mestrado,8.320205,26-35,3k-6k,Medio (6-10),6-10 anos,2052.5,0.0,1.0,3.0,0,0.6,Baixo
32,0,Viaja Raramente,1373,Investigacao e Desenvolvimento,5,4,Ciencias da Vida,4,Masculino,56,2,2,Director de Producao,4,Solteiro(a),9679,10138,8,Nao,24,4,2,0,8,1,3,1,0,0,0,Muito Alto,Muito Alto,Medio,Medio,Bom,Excecional,Doutoramento,9.177817,26-35,6k-10k,Perto (0-5),0-2 anos,4839.5,0.0,0.125,3.3333333,0,3.1,Medio
31,1,Viaja Frequentemente,754,Vendas,26,4,Marketing,1,Masculino,63,3,2,Executivo de Vendas,4,Casado(a),5617,21075,1,Sim,11,3,3,0,10,4,3,10,7,0,8,Baixo,Muito Alto,Alto,Alto,Bom,Excelente,Doutoramento,8.633731,26-35,3k-6k,Muito Longe (21+),6-10 anos,2808.5,0.0,1.0,2.6666667,2,94.6,Alto
53,1,Viaja Raramente,1168,Vendas,24,4,Ciencias da Vida,1,Masculino,66,3,3,Executivo de Vendas,1,Solteiro(a),10448,5843,6,Sim,13,3,2,0,15,2,2,2,2,2,2,Baixo,Baixo,Alto,Medio,Regular,Excelente,Doutoramento,9.254262,46-55,10k-15k,Muito Longe (21+),0-2 anos,3482.6667,0.03773585,0.13333334,1.3333334,3,98.9,Alto
54,0,Viaja Raramente,155,Investigacao e Desenvolvimento,9,2,Ciencias da Vida,1,Feminino,67,3,2,Investigador,3,Casado(a),2897,22474,3,Nao,11,3,3,2,9,6,2,4,3,2,3,Baixo,Alto,Alto,Alto,Regular,Excelente,Licenciatura,7.971776,46-55,Ate 3k,Medio (6-10),3-5 anos,1448.5,0.037037037,0.44444445,2.3333333,0,0.2,Baixo
33,0,Viaja Frequentemente,1303,Investigacao e Desenvolvimento,7,2,Ciencias da Vida,4,Masculino,36,3,2,Representante de Saude,3,Divorciado(a),5968,18079,1,Nao,20,4,3,3,9,2,3,9,7,2,8,Muito Alto,Alto,Alto,Alto,Bom,Excecional,Licenciatura,8.694335,26-35,3k-6k,Medio (6-10),6-10 anos,2984.0,0.060606062,1.0,3.3333333,0,0.5,Baixo
43,0,Viaja Raramente,574,Investigacao e Desenvolvimento,11,3,Ciencias da Vida,1,Masculino,30,3,3,Representante de Saude,3,Casado(a),7510,16873,1,Nao,17,3,2,1,10,1,3,10,9,0,9,Baixo,Alto,Alto,Medio,Bom,Excelente,Mestrado,8.924124,36-45,6k-10k,Longe (11-20),6-10 anos,2503.3333,0.0,1.0,2.0,0,13.1,Medio
38,0,Viaja Frequentemente,1444,Recursos Humanos,1,4,Outro,4,Masculino,88,3,1,Recursos Humanos,2,Casado(a),2991,5224,0,Sim,11,3,2,1,7,2,3,6,2,1,2,Muito Alto,Medio,Alto,Medio,Bom,Excelente,Doutoramento,8.003697,36-45,Ate 3k,Perto (0-5),6-10 anos,2991.0,0.02631579,0.85714287,2.6666667,2,28.7,Alto
55,0,Viaja Raramente,189,Recursos Humanos,26,4,Recursos Humanos,3,Masculino,71,4,5,Gestor,2,Casado(a),19636,25811,4,Sim,18,3,1,1,35,0,3,10,9,1,4,Alto,Medio,Muito Alto,Baixo,Bom,Excelente,Doutoramento,9.885171,46-55,Acima 15k,Muito Longe (21+),6-10 anos,3927.2,0.018181818,0.2857143,2.0,2,10.9,Medio
31,0,Viaja Raramente,1276,Investigacao e Desenvolvimento,2,1,Medicina,4,Feminino,59,1,1,Tecnico de Laboratorio,4,Divorciado(a),1129,17536,1,Sim,11,3,3,3,1,4,3,1,0,0,0,Muito Alto,Muito Alto,Baixo,Alto,Bom,Excelente,Abaixo da Licenciatura,7.029973,26-35,Ate 3k,Perto (0-5),0-2 anos,1129.0,0.0,1.0,3.6666667,2,64.4,Alto
39,0,Viaja Raramente,119,Vendas,15,4,Marketing,2,Masculino,77,3,4,Executivo de Vendas,1,Solteiro(a),13341,25098,0,Nao,12,3,1,0,21,3,3,20,8,11,10,Medio,Baixo,Alto,Baixo,Bom,Excelente,Doutoramento,9.4986725,36-45,10k-15k,Longe (11-20),11-20 anos,3335.25,0.2820513,0.95238096,1.3333334,0,32.5,Alto
42,0,Sem Viagem,335,Investigacao e Desenvolvimento,23,2,Ciencias da Vida,4,Masculino,37,2,2,Investigador,3,Solteiro(a),4332,14811,1,Nao,12,3,4,0,20,2,3,20,9,3,7,Muito Alto,Alto,Medio,Muito Alto,Bom,Excelente,Licenciatura,8.374016,36-45,3k-6k,Muito Longe (21+),11-20 anos,2166.0,0.071428575,1.0,3.6666667,0,0.8,Baixo
31,0,Sem Viagem,697,Investigacao e Desenvolvimento,10,3,Medicina,3,Feminino,40,3,3,Director de Investigacao,3,Casado(a),11031,26862,4,Nao,20,4,3,1,13,2,4,11,7,4,8,Alto,Alto,Alto,Alto,Excelente,Excecional,Mestrado,9.308556,26-35,10k-15k,Medio (6-10),11-20 anos,3677.0,0.12903225,0.84615386,3.0,0,0.7,Baixo
54,0,Viaja Raramente,157,Investigacao e Desenvolvimento,10,3,Medicina,3,Feminino,77,3,2,Director de Producao,1,Solteiro(a),4440,25198,6,Sim,19,3,4,0,9,3,3,5,2,1,4,Alto,Baixo,Alto,Muito Alto,Bom,Excelente,Mestrado,8.398635,46-55,3k-6k,Medio (6-10),3-5 anos,2220.0,0.018518519,0.5555556,2.6666667,2,19.3,Medio
24,0,Viaja Raramente,771,Investigacao e Desenvolvimento,1,2,Ciencias da Vida,2,Masculino,45,2,2,Representante de Saude,3,Solteiro(a),4617,14120,1,Nao,12,3,2,0,4,2,2,4,3,1,2,Medio,Alto,Medio,Medio,Regular,Excelente,Licenciatura,8.437717,18-25,3k-6k,Perto (0-5),3-5 anos,2308.5,0.041666668,1.0,2.3333333,0,14.3,Medio
23,0,Viaja Raramente,571,Investigacao e Desenvolvimento,12,2,Outro,4,Masculino,78,3,1,Tecnico de Laboratorio,4,Solteiro(a),2647,13672,1,Nao,13,3,3,0,5,6,4,5,2,1,4,Muito Alto,Muito Alto,Alto,Alto,Excelente,Excelente,Licenciatura,7.88156,18-25,Ate 3k,Longe (11-20),3-5 anos,2647.0,0.04347826,1.0,3.6666667,0,1.2,Baixo
40,0,Viaja Frequentemente,692,Investigacao e Desenvolvimento,11,3,Curso Tecnico,4,Feminino,73,3,2,Tecnico de Laboratorio,3,Casado(a),6323,26849,1,Nao,11,3,1,1,10,2,4,10,9,9,4,Muito Alto,Alto,Alto,Baixo,Excelente,Excelente,Mestrado,8.752108,36-45,6k-10k,Longe (11-20),6-10 anos,3161.5,0.225,1.0,2.6666667,0,9.6,Medio
40,0,Viaja Raramente,444,Vendas,2,2,Marketing,2,Feminino,92,3,2,Executivo de Vendas,2,Casado(a),5677,4258,3,Nao,14,3,3,1,15,4,3,11,8,5,10,Medio,Medio,Alto,Alto,Bom,Excelente,Licenciatura,8.644354,36-45,3k-6k,Perto (0-5),11-20 anos,2838.5,0.125,0.73333335,2.3333333,0,1.0,Baixo
25,0,Viaja Raramente,309,Recursos Humanos,2,3,Recursos Humanos,3,Feminino,82,3,1,Recursos Humanos,2,Casado(a),2187,19655,4,Nao,14,3,3,0,6,3,3,2,0,1,2,Alto,Medio,Alto,Alto,Bom,Excelente,Mestrado,7.690743,18-25,Ate 3k,Perto (0-5),0-2 anos,2187.0,0.04,0.33333334,2.6666667,0,7.5,Medio
30,0,Viaja Raramente,911,Investigacao e Desenvolvimento,1,2,Medicina,4,Masculino,76,3,1,Tecnico de Laboratorio,2,Casado(a),3748,4077,1,Nao,13,3,3,0,12,6,2,12,8,1,7,Muito Alto,Medio,Alto,Alto,Regular,Excelente,Licenciatura,8.229244,26-35,3k-6k,Perto (0-5),11-20 anos,3748.0,0.033333335,1.0,3.0,0,5.8,Medio
25,0,Viaja Raramente,977,Investigacao e Desenvolvimento,2,1,Outro,4,Masculino,57,3,1,Tecnico de Laboratorio,3,Divorciado(a),3977,7298,6,Sim,19,3,3,1,7,2,2,2,2,0,2,Muito Alto,Alto,Alto,Alto,Regular,Excelente,Abaixo da Licenciatura,8.288534,18-25,3k-6k,Perto (0-5),0-2 anos,3977.0,0.0,0.2857143,3.3333333,3,22.9,Alto
47,0,Viaja Raramente,1180,Investigacao e Desenvolvimento,25,3,Medicina,1,Masculino,84,3,3,Representante de Saude,3,Solteiro(a),8633,13084,2,Nao,23,4,2,0,25,3,3,17,14,12,11,Baixo,Alto,Alto,Medio,Bom,Excecional,Mestrado,9.063463,46-55,6k-10k,Muito Longe (21+),11-20 anos,2877.6667,0.25531915,0.68,2.0,0,7.9,Medio
33,0,Sem Viagem,1313,Investigacao e Desenvolvimento,1,2,Medicina,2,Masculino,59,2,1,Tecnico de Laboratorio,3,Divorciado(a),2008,20439,1,Nao,12,3,3,3,1,2,2,1,1,0,0,Medio,Alto,Medio,Alto,Regular,Excelente,Licenciatura,7.6053925,26-35,Ate 3k,Perto (0-5),0-2 anos,2008.0,0.0,1.0,2.6666667,0,10.9,Medio
38,0,Viaja Raramente,1321,Vendas,1,4,Ciencias da Vida,4,Masculino,86,3,2,Executivo de Vendas,2,Casado(a),4440,7636,0,Nao,15,3,1,2,16,3,3,15,13,5,8,Muito Alto,Medio,Alto,Baixo,Bom,Excelente,Doutoramento,8.398635,36-45,3k-6k,Perto (0-5),11-20 anos,2220.0,0.13157895,0.9375,2.3333333,0,0.5,Baixo
31,0,Viaja Raramente,1154,Vendas,2,2,Ciencias da Vida,1,Masculino,54,3,1,Representante de Vendas,3,Casado(a),3067,6393,0,Nao,19,3,3,1,3,1,3,2,2,1,2,Baixo,Alto,Alto,Alto,Bom,Excelente,Licenciatura,8.028781,26-35,3k-6k,Perto (0-5),0-2 anos,3067.0,0.032258064,0.6666667,2.3333333,0,19.8,Alto
38,0,Viaja Frequentemente,508,Investigacao e Desenvolvimento,6,4,Ciencias da Vida,1,Masculino,72,2,2,Director de Producao,3,Casado(a),5321,14284,2,Nao,11,3,4,1,10,1,3,8,3,7,7,Baixo,Alto,Medio,Muito Alto,Bom,Excelente,Doutoramento,8.579604,36-45,3k-6k,Medio (6-10),6-10 anos,2660.5,0.18421052,0.8,2.6666667,0,39.4,Alto
42,0,Viaja Raramente,557,Investigacao e Desenvolvimento,18,4,Ciencias da Vida,4,Masculino,35,3,2,Investigador,1,Divorciado(a),5410,11189,6,Sim,17,3,3,1,9,3,2,4,3,1,2,Muito Alto,Baixo,Alto,Alto,Regular,Excelente,Doutoramento,8.5961895,36-45,3k-6k,Longe (11-20),3-5 anos,2705.0,0.023809524,0.44444445,2.6666667,3,1.9,Baixo
41,0,Viaja Raramente,642,Investigacao e Desenvolvimento,1,3,Ciencias da Vida,4,Masculino,76,3,1,Investigador,4,Casado(a),2782,21412,3,Nao,22,4,1,1,12,3,3,5,3,1,0,Muito Alto,Muito Alto,Alto,Baixo,Bom,Excecional,Mestrado,7.931285,36-45,Ate 3k,Perto (0-5),3-5 anos,2782.0,0.024390243,0.41666666,3.0,0,0.2,Baixo
47,0,Sem Viagem,1162,Investigacao e Desenvolvimento,1,1,Medicina,3,Feminino,98,3,3,Director de Investigacao,2,Casado(a),11957,17231,0,Nao,18,3,1,2,14,3,1,13,8,5,12,Alto,Medio,Alto,Baixo,Mau,Excelente,Abaixo da Licenciatura,9.389155,46-55,10k-15k,Perto (0-5),11-20 anos,3985.6667,0.10638298,0.9285714,2.0,0,0.8,Baixo
35,0,Viaja Raramente,1490,Investigacao e Desenvolvimento,11,4,Medicina,4,Masculino,43,3,1,Tecnico de Laboratorio,3,Casado(a),2660,20232,7,Sim,11,3,3,1,5,3,3,2,2,2,2,Muito Alto,Alto,Alto,Alto,Bom,Excelente,Doutoramento,7.8864574,26-35,Ate 3k,Longe (11-20),0-2 anos,2660.0,0.057142857,0.4,3.3333333,2,28.5,Alto
22,0,Viaja Raramente,581,Investigacao e Desenvolvimento,1,2,Ciencias da Vida,4,Masculino,63,3,1,Investigador,3,Solteiro(a),3375,17624,0,Nao,12,3,4,0,4,2,4,3,2,1,2,Muito Alto,Alto,Alto,Muito Alto,Excelente,Excelente,Licenciatura,8.124447,18-25,3k-6k,Perto (0-5),3-5 anos,3375.0,0.045454547,0.75,3.6666667,0,0.9,Baixo
35,0,Viaja Raramente,1395,Investigacao e Desenvolvimento,9,4,Medicina,2,Masculino,48,3,2,Investigador,3,Solteiro(a),5098,18698,1,Nao,19,3,2,0,10,5,3,10,7,0,8,Medio,Alto,Alto,Medio,Bom,Excelente,Doutoramento,8.536799,26-35,3k-6k,Medio (6-10),6-10 anos,2549.0,0.0,1.0,2.3333333,0,1.2,Baixo
33,0,Viaja Raramente,501,Investigacao e Desenvolvimento,15,2,Medicina,2,Feminino,95,3,2,Representante de Saude,4,Casado(a),4878,21653,0,Sim,13,3,1,1,10,6,3,9,7,8,1,Medio,Muito Alto,Alto,Baixo,Bom,Excelente,Licenciatura,8.492696,26-35,3k-6k,Longe (11-20),6-10 anos,2439.0,0.24242425,0.9,2.3333333,2,13.4,Medio
32,0,Viaja Raramente,267,Investigacao e Desenvolvimento,29,4,Ciencias da Vida,3,Feminino,49,2,1,Tecnico de Laboratorio,2,Solteiro(a),2837,15919,1,Nao,13,3,3,0,6,3,3,6,2,4,1,Alto,Medio,Medio,Alto,Bom,Excelente,Doutoramento,7.950855,26-35,Ate 3k,Muito Longe (21+),6-10 anos,2837.0,0.125,1.0,2.6666667,0,28.0,Alto
40,0,Viaja Raramente,543,Investigacao e Desenvolvimento,1,4,Ciencias da Vida,1,Masculino,83,3,1,Tecnico de Laboratorio,4,Casado(a),2406,4060,8,Nao,19,3,3,2,8,3,2,1,0,0,0,Baixo,Muito Alto,Alto,Alto,Regular,Excelente,Doutoramento,7.7861366,36-45,Ate 3k,Perto (0-5),0-2 anos,2406.0,0.0,0.125,2.6666667,0,17.1,Medio
32,0,Viaja Raramente,234,Vendas,1,4,Medicina,2,Masculino,68,2,1,Representante de Vendas,2,Casado(a),2269,18024,0,Nao,14,3,2,1,3,2,3,2,2,2,2,Medio,Medio,Medio,Medio,Bom,Excelente,Doutoramento,7.7275352,26-35,Ate 3k,Perto (0-5),0-2 anos,2269.0,0.0625,0.6666667,2.0,0,2.3,Baixo
39,0,Viaja Raramente,116,Investigacao e Desenvolvimento,24,1,Ciencias da Vida,1,Masculino,52,3,2,Investigador,4,Solteiro(a),4108,5340,7,Nao,13,3,1,0,18,2,3,7,7,1,7,Baixo,Muito Alto,Alto,Baixo,Bom,Excelente,Abaixo da Licenciatura,8.320935,36-45,3k-6k,Muito Longe (21+),6-10 anos,2054.0,0.025641026,0.3888889,2.0,0,3.6,Medio
38,0,Viaja Raramente,201,Investigacao e Desenvolvimento,10,3,Medicina,2,Feminino,99,1,3,Director de Investigacao,3,Casado(a),13206,3376,3,Nao,12,3,1,1,20,3,3,18,16,1,11,Medio,Alto,Baixo,Baixo,Bom,Excelente,Mestrado,9.4885025,36-45,10k-15k,Medio (6-10),11-20 anos,4402.0,0.02631579,0.9,2.0,0,1.7,Baixo
32,0,Viaja Raramente,801,Vendas,1,4,Marketing,3,Feminino,48,3,3,Executivo de Vendas,4,Casado(a),10422,24032,1,Nao,19,3,3,2,14,3,3,14,10,5,7,Alto,Muito Alto,Alto,Alto,Bom,Excelente,Doutoramento,9.25177,26-35,10k-15k,Perto (0-5),11-20 anos,3474.0,0.15625,1.0,3.3333333,0,4.4,Medio
37,0,Viaja Raramente,161,Investigacao e Desenvolvimento,10,3,Ciencias da Vida,3,Feminino,42,4,3,Director de Investigacao,4,Casado(a),13744,15471,1,Sim,25,4,1,1,16,2,3,16,11,6,8,Alto,Muito Alto,Muito Alto,Baixo,Bom,Excecional,Mestrado,9.52843,36-45,10k-15k,Medio (6-10),11-20 anos,4581.3335,0.16216215,1.0,2.6666667,2,3.2,Medio
25,0,Viaja Raramente,1382,Vendas,8,2,Outro,1,Feminino,85,3,2,Executivo de Vendas,3,Divorciado(a),4907,13684,0,Sim,22,4,2,1,6,3,2,5,3,0,4,Baixo,Alto,Alto,Medio,Regular,Excecional,Licenciatura,8.498622,18-25,3k-6k,Medio (6-10),3-5 anos,2453.5,0.0,0.8333333,2.0,3,23.1,Alto
52,0,Sem Viagem,585,Vendas,29,4,Ciencias da Vida,1,Masculino,40,3,1,Representante de Vendas,4,Divorciado(a),3482,19788,2,Nao,15,3,2,2,16,3,2,9,8,0,0,Baixo,Muito Alto,Alto,Medio,Regular,Excelente,Doutoramento,8.155649,46-55,3k-6k,Muito Longe (21+),6-10 anos,3482.0,0.0,0.5625,2.3333333,0,4.8,Medio
44,0,Viaja Raramente,1037,Investigacao e Desenvolvimento,1,3,Medicina,2,Masculino,42,3,1,Investigador,4,Solteiro(a),2436,13422,6,Sim,12,3,3,0,6,2,3,4,3,1,2,Medio,Muito Alto,Alto,Alto,Bom,Excelente,Mestrado,7.798523,36-45,Ate 3k,Perto (0-5),3-5 anos,2436.0,0.022727273,0.6666667,3.0,2,36.9,Alto
21,0,Viaja Raramente,501,Vendas,5,1,Medicina,3,Masculino,58,3,1,Representante de Vendas,1,Solteiro(a),2380,25479,1,Sim,11,3,4,0,2,6,3,2,2,1,2,Alto,Baixo,Alto,Muito Alto,Bom,Excelente,Abaixo da Licenciatura,7.7752757,18-25,Ate 3k,Perto (0-5),0-2 anos,2380.0,0.04761905,1.0,2.6666667,2,84.6,Alto
39,0,Sem Viagem,105,Investigacao e Desenvolvimento,9,3,Ciencias da Vida,4,Masculino,87,3,5,Gestor,4,Solteiro(a),19431,15302,2,Nao,13,3,3,0,21,3,2,6,0,1,3,Muito Alto,Muito Alto,Alto,Alto,Regular,Excelente,Mestrado,9.874677,36-45,Acima 15k,Medio (6-10),6-10 anos,3886.2,0.025641026,0.2857143,3.6666667,0,0.1,Baixo
23,1,Viaja Frequentemente,638,Vendas,9,3,Marketing,4,Masculino,33,3,1,Representante de Vendas,1,Casado(a),1790,26956,1,Nao,19,3,1,1,1,3,2,1,0,1,0,Muito Alto,Baixo,Alto,Baixo,Regular,Excelente,Mestrado,7.4905295,18-25,Ate 3k,Medio (6-10),0-2 anos,1790.0,0.04347826,1.0,2.0,0,96.2,Alto
36,0,Viaja Raramente,557,Vendas,3,3,Medicina,1,Feminino,94,2,3,Executivo de Vendas,4,Casado(a),7644,12695,0,Nao,19,3,3,2,10,2,3,9,7,3,4,Baixo,Muito Alto,Medio,Alto,Bom,Excelente,Mestrado,8.941807,36-45,6k-10k,Perto (0-5),6-10 anos,2548.0,0.083333336,0.9,2.6666667,0,10.4,Medio
36,0,Viaja Frequentemente,688,Investigacao e Desenvolvimento,4,2,Ciencias da Vida,4,Feminino,97,3,2,Director de Producao,2,Divorciado(a),5131,9192,7,Nao,13,3,2,3,18,3,3,4,2,0,2,Muito Alto,Medio,Alto,Medio,Bom,Excelente,Licenciatura,8.543251,36-45,3k-6k,Perto (0-5),3-5 anos,2565.5,0.0,0.22222222,2.6666667,0,0.6,Baixo
56,0,Sem Viagem,667,Investigacao e Desenvolvimento,1,4,Ciencias da Vida,3,Masculino,57,3,2,Representante de Saude,3,Divorciado(a),6306,26236,1,Nao,21,4,1,1,13,2,2,13,12,1,9,Alto,Alto,Alto,Baixo,Regular,Excecional,Doutoramento,8.749415,56-65,6k-10k,Perto (0-5),11-20 anos,3153.0,0.017857144,1.0,2.3333333,0,0.2,Baixo
29,1,Viaja Raramente,1092,Investigacao e Desenvolvimento,1,4,Medicina,1,Masculino,36,3,1,Investigador,4,Casado(a),4787,26124,9,Sim,14,3,2,3,4,3,4,2,2,2,2,Baixo,Muito Alto,Alto,Medio,Excelente,Excelente,Doutoramento,8.473868,26-35,3k-6k,Perto (0-5),0-2 anos,4787.0,0.06896552,0.5,2.3333333,1,93.5,Alto
42,0,Viaja Raramente,300,Investigacao e Desenvolvimento,2,3,Ciencias da Vida,1,Masculino,56,3,5,Gestor,3,Casado(a),18880,17312,5,Nao,11,3,1,0,24,2,2,22,6,4,14,Baixo,Alto,Alto,Baixo,Regular,Excelente,Mestrado,9.845911,36-45,Acima 15k,Perto (0-5),20+ anos,3776.0,0.0952381,0.9166667,1.6666666,0,10.6,Medio
56,1,Viaja Raramente,310,Investigacao e Desenvolvimento,7,2,Curso Tecnico,4,Masculino,72,3,1,Tecnico de Laboratorio,3,Casado(a),2339,3666,8,Nao,11,3,4,1,14,4,1,10,9,9,8,Muito Alto,Alto,Alto,Muito Alto,Mau,Excelente,Licenciatura,7.7579064,56-65,Ate 3k,Medio (6-10),6-10 anos,2339.0,0.16071428,0.71428573,3.6666667,0,97.0,Alto
41,0,Viaja Raramente,582,Investigacao e Desenvolvimento,28,4,Ciencias da Vida,1,Feminino,60,2,4,Director de Producao,2,Casado(a),13570,5640,0,Nao,23,4,3,1,21,3,3,20,7,0,10,Baixo,Medio,Medio,Alto,Bom,Excecional,Doutoramento,9.515691,36-45,10k-15k,Muito Longe (21+),11-20 anos,3392.5,0.0,0.95238096,2.0,0,2.4,Baixo
34,0,Viaja Raramente,704,Vendas,28,3,Marketing,4,Feminino,95,2,2,Executivo de Vendas,3,Casado(a),6712,8978,1,Nao,21,4,4,2,8,2,3,8,7,1,7,Muito Alto,Alto,Medio,Muito Alto,Bom,Excecional,Mestrado,8.811801,26-35,6k-10k,Muito Longe (21+),6-10 anos,3356.0,0.029411765,1.0,3.6666667,0,0.9,Baixo
36,0,Sem Viagem,301,Vendas,15,4,Marketing,4,Masculino,88,1,2,Executivo de Vendas,4,Divorciado(a),5406,10436,1,Nao,24,4,1,1,15,4,2,15,12,11,11,Muito Alto,Muito Alto,Baixo,Baixo,Regular,Excecional,Doutoramento,8.595449,36-45,3k-6k,Longe (11-20),11-20 anos,2703.0,0.30555555,1.0,3.0,0,13.6,Medio
41,0,Viaja Raramente,930,Vendas,3,3,Ciencias da Vida,3,Masculino,57,2,2,Executivo de Vendas,2,Divorciado(a),8938,12227,2,Nao,11,3,3,1,14,5,3,5,4,0,4,Alto,Medio,Medio,Alto,Bom,Excelente,Mestrado,9.098179,36-45,6k-10k,Perto (0-5),3-5 anos,4469.0,0.0,0.35714287,2.6666667,0,1.0,Baixo
32,0,Viaja Raramente,529,Investigacao e Desenvolvimento,2,3,Curso Tecnico,4,Masculino,78,3,1,Investigador,1,Solteiro(a),2439,11288,1,Nao,14,3,4,0,4,4,3,4,2,1,2,Muito Alto,Baixo,Alto,Muito Alto,Bom,Excelente,Mestrado,7.799753,26-35,Ate 3k,Perto (0-5),3-5 anos,2439.0,0.03125,1.0,3.0,0,3.1,Medio
35,0,Viaja Raramente,1146,Recursos Humanos,26,4,Ciencias da Vida,3,Feminino,31,3,3,Recursos Humanos,4,Solteiro(a),8837,16642,1,Sim,16,3,3,0,9,2,3,9,0,1,7,Alto,Muito Alto,Alto,Alto,Bom,Excelente,Doutoramento,9.086816,26-35,6k-10k,Muito Longe (21+),6-10 anos,2945.6667,0.028571429,1.0,3.3333333,2,26.4,Alto
38,0,Viaja Raramente,345,Vendas,10,2,Ciencias da Vida,1,Feminino,100,3,2,Executivo de Vendas,4,Casado(a),5343,5982,1,Nao,11,3,3,1,10,1,3,10,7,1,9,Baixo,Muito Alto,Alto,Alto,Bom,Excelente,Licenciatura,8.58373,36-45,3k-6k,Medio (6-10),6-10 anos,2671.5,0.02631579,1.0,2.6666667,0,7.8,Medio
50,1,Viaja Frequentemente,878,Vendas,1,4,Ciencias da Vida,2,Masculino,94,3,2,Executivo de Vendas,3,Divorciado(a),6728,14255,7,Nao,12,3,4,2,12,3,3,6,3,0,1,Medio,Alto,Alto,Muito Alto,Bom,Excelente,Doutoramento,8.814182,46-55,6k-10k,Perto (0-5),6-10 anos,3364.0,0.0,0.5,3.0,0,90.3,Alto
36,0,Viaja Raramente,1120,Vendas,11,4,Marketing,2,Feminino,100,2,2,Executivo de Vendas,4,Casado(a),6652,14369,4,Nao,13,3,1,1,8,2,2,6,3,0,0,Medio,Muito Alto,Medio,Baixo,Regular,Excelente,Doutoramento,8.802823,36-45,6k-10k,Longe (11-20),6-10 anos,3326.0,0.0,0.75,2.3333333,0,7.6,Medio
45,0,Viaja Raramente,374,Vendas,20,3,Ciencias da Vida,4,Feminino,50,3,2,Executivo de Vendas,3,Solteiro(a),4850,23333,8,Nao,15,3,3,0,8,3,3,5,3,0,1,Muito Alto,Alto,Alto,Alto,Bom,Excelente,Mestrado,8.48694,36-45,3k-6k,Longe (11-20),3-5 anos,2425.0,0.0,0.625,3.3333333,0,25.5,Alto
40,0,Viaja Raramente,1322,Investigacao e Desenvolvimento,2,4,Ciencias da Vida,3,Masculino,52,2,1,Investigador,3,Solteiro(a),2809,2725,2,Nao,14,3,4,0,8,2,3,2,2,2,2,Alto,Alto,Medio,Muito Alto,Bom,Excelente,Doutoramento,7.94094,36-45,Ate 3k,Perto (0-5),0-2 anos,2809.0,0.05,0.25,3.3333333,0,1.2,Baixo
35,0,Viaja Frequentemente,1199,Investigacao e Desenvolvimento,18,4,Ciencias da Vida,3,Masculino,80,3,2,Representante de Saude,3,Casado(a),5689,24594,1,Sim,14,3,4,2,10,2,4,10,2,0,2,Alto,Alto,Alto,Muito Alto,Excelente,Excelente,Doutoramento,8.646465,26-35,3k-6k,Longe (11-20),6-10 anos,2844.5,0.0,1.0,3.3333333,1,1.8,Baixo
40,0,Viaja Raramente,1194,Investigacao e Desenvolvimento,2,4,Medicina,3,Feminino,98,3,1,Investigador,3,Casado(a),2001,12549,2,Nao,14,3,2,3,20,2,3,5,3,0,2,Alto,Alto,Alto,Medio,Bom,Excelente,Doutoramento,7.601902,36-45,Ate 3k,Perto (0-5),3-5 anos,2001.0,0.0,0.25,2.6666667,0,0.1,Baixo
35,0,Viaja Raramente,287,Investigacao e Desenvolvimento,1,4,Ciencias da Vida,3,Feminino,62,1,1,Investigador,4,Casado(a),2977,8952,1,Nao,12,3,4,1,4,5,3,4,3,1,1,Alto,Muito Alto,Baixo,Muito Alto,Bom,Excelente,Doutoramento,7.999007,26-35,Ate 3k,Perto (0-5),3-5 anos,2977.0,0.028571429,1.0,3.6666667,0,0.6,Baixo
29,0,Viaja Raramente,1378,Investigacao e Desenvolvimento,13,2,Outro,4,Masculino,46,2,2,Tecnico de Laboratorio,2,Casado(a),4025,23679,4,Sim,13,3,1,1,10,2,3,4,3,0,3,Muito Alto,Medio,Medio,Baixo,Bom,Excelente,Licenciatura,8.300529,26-35,3k-6k,Longe (11-20),3-5 anos,2012.5,0.0,0.4,2.3333333,2,17.5,Medio
29,0,Viaja Raramente,468,Investigacao e Desenvolvimento,28,4,Medicina,4,Feminino,73,2,1,Investigador,1,Solteiro(a),3785,8489,1,Nao,14,3,2,0,5,3,1,5,4,0,4,Muito Alto,Baixo,Medio,Medio,Mau,Excelente,Doutoramento,8.239065,26-35,3k-6k,Muito Longe (21+),3-5 anos,3785.0,0.0,1.0,2.3333333,0,28.8,Alto
50,1,Viaja Raramente,410,Vendas,28,3,Marketing,4,Masculino,39,2,3,Executivo de Vendas,1,Divorciado(a),10854,16586,4,Sim,13,3,2,1,20,3,3,3,2,2,0,Muito Alto,Baixo,Medio,Medio,Bom,Excelente,Mestrado,9.292381,46-55,10k-15k,Muito Longe (21+),3-5 anos,3618.0,0.04,0.15,2.3333333,2,92.4,Alto
39,0,Viaja Raramente,722,Vendas,24,1,Marketing,2,Feminino,60,2,4,Executivo de Vendas,4,Casado(a),12031,8828,0,Nao,11,3,1,1,21,2,2,20,9,9,6,Medio,Muito Alto,Medio,Baixo,Regular,Excelente,Abaixo da Licenciatura,9.395325,36-45,10k-15k,Muito Longe (21+),11-20 anos,3007.75,0.23076923,0.95238096,2.3333333,0,26.1,Alto
31,0,Sem Viagem,325,Investigacao e Desenvolvimento,5,3,Medicina,2,Masculino,74,3,2,Director de Producao,1,Solteiro(a),9936,3787,0,Nao,19,3,2,0,10,2,3,9,4,1,7,Medio,Baixo,Alto,Medio,Bom,Excelente,Mestrado,9.2040205,26-35,6k-10k,Perto (0-5),6-10 anos,4968.0,0.032258064,0.9,1.6666666,0,15.6,Medio
26,0,Viaja Raramente,1167,Vendas,5,3,Outro,4,Feminino,30,2,1,Representante de Vendas,3,Solteiro(a),2966,21378,0,Nao,18,3,4,0,5,2,3,4,2,0,0,Muito Alto,Alto,Medio,Muito Alto,Bom,Excelente,Mestrado,7.9953065,26-35,Ate 3k,Perto (0-5),3-5 anos,2966.0,0.0,0.8,3.6666667,0,33.2,Alto
36,0,Viaja Frequentemente,884,Investigacao e Desenvolvimento,23,2,Medicina,3,Masculino,41,4,2,Tecnico de Laboratorio,4,Casado(a),2571,12290,4,Nao,17,3,3,1,17,3,3,5,2,0,3,Alto,Muito Alto,Muito Alto,Alto,Bom,Excelente,Licenciatura,7.852439,36-45,Ate 3k,Muito Longe (21+),3-5 anos,1285.5,0.0,0.29411766,3.3333333,0,1.2,Baixo
39,0,Viaja Raramente,613,Investigacao e Desenvolvimento,6,1,Medicina,4,Masculino,42,2,3,Representante de Saude,1,Casado(a),9991,21457,4,Nao,15,3,1,1,9,5,3,7,7,1,7,Muito Alto,Baixo,Medio,Baixo,Bom,Excelente,Abaixo da Licenciatura,9.20954,36-45,6k-10k,Medio (6-10),6-10 anos,3330.3333,0.025641026,0.7777778,2.0,0,2.7,Baixo
27,0,Viaja Raramente,155,Investigacao e Desenvolvimento,4,3,Ciencias da Vida,2,Masculino,87,4,2,Director de Producao,2,Casado(a),6142,5174,1,Sim,20,4,2,1,6,0,3,6,2,0,3,Medio,Medio,Muito Alto,Medio,Bom,Excecional,Mestrado,8.723068,26-35,6k-10k,Perto (0-5),6-10 anos,3071.0,0.0,1.0,2.0,2,2.1,Baixo
49,0,Viaja Frequentemente,1023,Vendas,2,3,Medicina,4,Masculino,63,2,2,Executivo de Vendas,2,Casado(a),5390,13243,2,Nao,14,3,4,0,17,3,2,9,6,0,8,Muito Alto,Medio,Medio,Muito Alto,Regular,Excelente,Mestrado,8.592486,46-55,3k-6k,Perto (0-5),6-10 anos,2695.0,0.0,0.5294118,3.3333333,0,19.4,Medio
34,0,Viaja Raramente,628,Investigacao e Desenvolvimento,8,3,Medicina,2,Masculino,82,4,2,Tecnico de Laboratorio,3,Casado(a),4404,10228,2,Nao,12,3,1,0,6,3,4,4,3,1,2,Medio,Alto,Muito Alto,Baixo,Excelente,Excelente,Mestrado,8.390495,26-35,3k-6k,Medio (6-10),3-5 anos,2202.0,0.029411765,0.6666667,2.0,0,3.0,Baixo
