Idade;FrequenciaViagem;Departamento;DistanciaCasa;Escolaridade;AreaFormacao;SatisfacaoAmbiente;Genero;EnvolvimentoCargo;NivelCargo;Cargo;SatisfacaoCargo;EstadoCivil;RendimentoMensal;NumEmpresasAnteriores;HorasExtra;PercentAumentoSalarial;AvaliacaoDesempenho;SatisfacaoRelacionamento;NivelOpcaoAccoes;AnosExperienciaTotal;FormacaoUltimoAno;EquilibrioVidaTrabalho;AnosNaEmpresa;AnosNoCargoActual;AnosDesdeUltimaPromocao;AnosComGestorActual;SalarioPorNivel;EstagnacaoRelativa;ProporcaoCarreiraEmpresa;SatisfacaoMedia;PressaoTrabalho
-0.202067;-0.24459073;0.20430687;-0.5311437;0.07891204;0.064112075;0.2779039;-0.08430005;-0.3144557;-0.11098802;-0.042834923;-1.2775918;-0.046029523;-0.5294008;0.5017914;0.041483656;0.05409771;0.024522904;0.46461743;0.63029397;0.07273166;0.4878261;0.53175247;-0.07419748;-0.057300884;-0.0010352815;0.11692215;-0.01751904;-0.53415483;0.3055434;-0.077441946;1.3247869
-0.06556394;0.6459769;-0.15951096;-0.28451836;0.057726044;-0.05327276;-0.21251723;-0.098154396;0.30802155;-0.14783117;-0.3317394;0.05807751;0.007569331;-0.68187803;-0.1577291;0.072955035;-0.3365863;-0.45041078;-0.6718377;-0.8024015;-0.14434773;-0.17053807;-0.2186509;0.007462377;-0.27197;-0.34603578;0.025341416;-0.028543372;-0.1585382;-0.406062;0.02567152;-0.68881345
-0.51070637;-0.16428539;-0.1549711;-0.6477996;0.08894099;-0.50271523;-0.99119407;0.03902877;0.26174632;0.17992558;0.1968587;-0.011247763;-0.16316965;0.9614126;0.3861988;0.026425034;0.049788754;0.021108005;0.07368728;0.6045209;0.1739134;-0.15987816;-0.3276365;0.2786723;0.3530521;0.07487581;0.3942274;-0.29680637;-0.37289718;-0.21938056;-0.045681253;1.3631514
-0.08946395;0.6096431;-0.2537584;-0.44814786;-0.4352283;-0.05978841;-0.9180642;-0.19214444;-0.2507393;0.15528478;-0.2912773;0.0010764643;-0.1592941;-0.19153832;-0.11959646;0.033217926;-0.011603338;0.029981975;-0.13179114;0.58614415;0.054087233;-0.19669533;-0.3390285;-0.14469934;-0.23390687;0.015276907;0.015819578;-0.11528221;0.37280187;-0.56571233;-0.32464683;1.0919784
0.115532614;-0.37032285;-0.1030321;-0.33868232;0.03534784;-0.306583;1.0485071;0.059259333;-0.31972292;0.0317704;0.1932481;0.066878766;-0.05547403;-0.37631455;0.5691016;0.040039092;0.038389184;0.05067811;-0.7549161;-0.6001204;0.06631368;-0.21991904;-0.2506889;0.01696804;0.072788104;-0.12860116;-0.25085282;-0.04505153;0.22573514;-0.06854513;-0.52020836;-0.8369089
0.030721217;0.5250735;-0.11431157;-0.5407364;0.019873671;-0.17579038;-1.0196699;-0.031897984;-0.33750704;0.03271069;0.12693325;-1.9035696;-0.069025174;-0.36837107;-0.64197767;-0.007441762;-0.12397758;0.028115427;-0.11464142;0.4760903;-0.074816056;0.10365366;0.39545017;-0.13612492;-0.13315101;-0.066401124;0.15813823;-0.29611698;0.2475405;0.0583743;-0.16157499;-1.0725081
-0.28180164;-0.31148776;-0.18457152;-0.4171738;0.072950445;-0.50678027;-0.1651162;-0.054571573;-1.4202136;0.089300804;0.23152995;0.4827898;-0.05302684;0.08049584;0.04900086;-0.029332496;-0.23639409;-0.35658452;0.39592355;-1.1122026;-0.18542966;-0.2272474;0.15991728;0.1212228;0.296582;0.017292952;0.26123598;-0.062310427;-0.3897779;-0.43135437;-0.46275192;0.60763013
-0.0030710623;-0.32468233;-0.14295842;0.5416333;-0.058946;-0.28590363;-1.024764;-0.039451476;-0.24610367;0.0760541;0.5976962;-0.17641066;-0.0010761382;0.06336633;-0.11717036;0.009237711;-0.08949529;-0.40384358;0.006003431;-1.3097179;-0.050188605;0.10816622;-0.40231386;0.10780226;0.30397454;0.041134052;0.5514272;-0.11921189;-0.30223125;-0.34918886;-0.051234797;-1.0075084
-0.50215644;0.6275609;-0.25216886;0.51411897;0.033770196;-0.028674962;-1.4760995;-0.09901368;0.2624113;-0.006327208;-0.2024604;-0.18591687;-0.26869693;-0.05314415;-0.40656263;0.019962674;-0.19843596;-0.30964705;0.022178918;0.5750253;-0.20827046;0.1158766;-0.37462458;-0.012899625;-0.24089907;-0.32211494;-0.429735;-0.36157292;-0.32417005;0.03339103;-0.06871413;-0.9045287
-0.4679451;-0.29038304;-0.15035257;0.118054256;0.017424347;-0.5669605;-0.5167603;-0.027342124;-0.43715963;-0.13976401;-0.05992861;-0.1465005;0.04699428;-0.5803052;0.5123299;0.061023396;-0.21634437;0.039189097;-0.06115284;-1.0048187;-0.265922;-0.17652142;0.32681078;-0.29115516;-0.3467453;-0.070381865;-0.20757286;0.15403858;0.24533407;-0.29888782;-0.66164273;-0.86427027
-0.3195808;-0.38701236;-0.1305493;0.47799832;0.067096904;-0.39554843;0.5979071;-0.0837155;-1.5539707;0.013495041;0.16801941;0.1175298;-0.050998624;-0.011372818;-0.65524715;0.025966262;-0.08855395;0.033553705;-0.12979771;-0.9595936;0.039736122;-1.2257153;-0.20398146;-0.4698506;-0.22986141;0.06517431;-0.3702589;0.3852587;-0.3576149;0.116698295;-0.17986986;-0.9443373
0.12392822;-0.25485134;-0.23838761;0.4716492;0.06189924;-0.12239037;-1.1800972;-0.059159763;0.25323847;-0.21737288;0.098905146;-0.02609026;-0.23019928;-0.65741223;-0.32554176;-0.010474666;-0.17558822;0.015317258;-0.88401955;0.5959989;-0.24379916;-0.25397605;-0.47318682;-0.13284919;-0.2394624;0.02160952;-0.30139518;-0.53490645;-0.65919244;0.03857708;-0.18145621;0.8509135
0.09793712;-0.52054465;-0.21875939;0.3438849;-0.0051762164;-0.36080688;0.769928;-0.15183258;-0.31972775;-0.014874931;-0.42465404;-0.084615014;0.045406964;-0.29934818;-0.25396124;-0.00075102586;0.022026103;0.04596184;-0.61692476;-1.1771817;-0.0035327317;0.33377007;0.22469805;-0.36497122;0.042228684;-0.0026500355;-0.3029142;-0.23855142;0.36096564;-0.4702559;-0.4564229;-1.1187965
-0.21141079;-0.33802053;-0.09862014;0.43493053;0.13840893;-0.28057468;0.11206062;-0.06258449;-0.38552672;-0.0013140622;0.3282119;-1.1667151;0.031286802;0.012891257;-0.69596225;0.03411606;0.043857723;0.04258796;-0.15292038;-0.9263345;-0.06430325;0.1343046;-0.35594812;-0.077756256;0.043803718;-0.26791206;-0.35237706;0.13443708;-0.2309044;0.16141981;-0.028590307;-0.8926301
0.25534168;-0.26137576;-0.14449134;0.28476638;0.12102503;0.019978318;-0.14224896;0.00036381744;0.44155082;0.21324967;0.19342622;-0.011638407;-0.11538867;0.9130086;0.37122402;0.03561233;-0.084344275;0.023180783;0.100402996;0.67143023;0.09901974;-0.08549715;-0.32952112;-0.08267283;0.07047746;0.13426152;-0.24352117;-0.3737616;-0.24782653;0.34250957;-0.22861694;1.478275
0.006320421;-0.35531983;-0.23192647;0.3870429;-0.25551957;-0.10591484;0.13639715;0.004211315;-1.4748256;-0.023696247;-0.18609872;0.47260505;-0.052400306;0.34185022;-0.17973255;0.04637851;0.025556441;0.03680266;-0.17550056;-1.329812;0.017199092;0.32468313;-0.30087438;0.10267135;-0.7922951;-0.032392442;-0.18849626;-0.24587913;0.2954616;-0.22851816;-0.2939204;-0.7235514
0.0030297881;-0.53610116;-0.12715821;-0.18050776;-0.06649375;-0.12822917;0.57134396;0.024225527;-1.6767976;0.052376807;-0.34709936;0.13329412;0.046215992;-0.17716877;-0.60959923;0.005532103;0.033991862;0.03298888;-0.635953;-1.1703551;0.05891219;-0.988204;0.15069905;-0.17992434;-0.029375909;0.07188355;0.09112981;-0.09991703;-0.4767864;0.22265697;-0.24685726;1.1312972
0.20386869;-0.7448203;-0.1996653;0.53729004;-0.0007689998;-0.2775331;-0.85204387;0.079682775;-1.273069;0.08916821;0.4265086;-1.0420564;0.03090309;-0.12242052;-0.16524427;-0.017655192;-0.102924466;0.028414043;0.05082202;-1.2123277;0.096747704;0.07280434;0.3241142;0.24447253;0.21081886;0.0030187618;0.31198594;-0.21775602;-0.45031643;-0.31037512;-0.1210204;0.8277553
-0.16538708;-0.23765919;0.14389811;-0.4493686;-0.43009728;-0.0371681;0.59638894;0.0075630182;0.30463186;-0.067683235;-0.16132642;-1.2471112;0.019295711;-1.2315453;-0.17186591;0.023693055;0.17430952;0.033940926;-0.1680057;0.30404574;-0.3585165;-0.17433177;-0.3236501;-7.942319e-05;-0.20892526;-0.059297953;-0.01063674;-0.25866112;0.10360712;0.051436592;-0.42625296;-0.8611998
-0.62394434;-0.2252799;-0.214638;-0.42920578;0.11804112;-0.21847253;-0.97832584;0.12011106;-0.36544284;0.1435248;-0.24676251;-1.6958702;-0.103388295;-0.59583163;0.5068642;0.0094672125;0.07055501;0.021340994;-0.15042987;0.539169;0.08773405;-0.19415945;-0.33294687;-0.16084354;0.0036503412;-0.37092304;-0.27498227;-0.1799574;-0.4390098;0.080264434;-0.32558557;1.1310809
0.1186141;-0.37568808;-0.15341179;0.3344289;-0.049715247;-0.42480403;0.6164591;0.045780156;-1.4525888;-0.08639254;-0.2728054;-0.16702802;0.05032334;-0.3139661;-0.4844741;0.046049125;0.095257275;0.039177082;-0.5980776;-1.0279177;0.042939384;-0.96880656;0.2026866;-0.20266858;0.020289155;-0.17612149;-0.23671429;-0.65214705;-0.020385353;0.13447246;-0.5888889;-0.8403269
-0.46706116;-0.27482912;0.17684923;0.057828423;-0.477262;-0.034599878;-0.12213081;0.0269742;0.31990373;0.20093317;0.28009534;1.0651103;-0.09562311;-0.096603066;0.40455887;0.03396745;-0.08834084;-0.30908677;0.23342869;0.81276345;-0.12411332;-0.01758827;-0.29306477;-0.27228045;0.0015431338;0.039100725;-0.17917588;-0.0045042243;-0.40549424;0.20695487;0.07988411;-0.8419457
-0.10180612;-0.3913116;-0.1510675;-0.22984488;-0.37215617;-0.024606576;0.7442208;-0.02963035;-0.3734393;-0.13486849;-0.2752868;0.21709338;-0.23382102;-0.7246997;-0.4484594;0.005776452;-0.04803787;0.022867873;-0.20802249;0.4913876;-0.18712491;-0.20865767;-0.20456891;-0.0094152875;-0.077608086;-0.17924042;-0.7140652;-0.31297305;0.12687771;0.14642231;-0.22236085;-0.78021705
0.1653514;-0.36065173;-0.19972381;0.33661056;-0.06628986;-0.32297334;-0.09802465;0.0073224595;-0.39482948;0.046664074;-0.43585593;-1.2287189;-0.054177642;1.2040354;-0.123799756;0.025188694;-0.115053095;0.023053363;-0.7359319;0.40988448;0.19985877;-0.8086019;-0.26654726;0.2724558;0.31122643;0.06513888;0.49177808;-0.14054532;-0.40512627;-0.44975212;0.13411212;-0.9610093
-0.078997746;-0.38352913;-0.08173426;-0.16662137;0.12159425;-0.4777221;0.25096548;0.040313773;-0.34993404;0.13960691;-0.22876191;1.095278;-0.14058776;0.1295749;-0.22331588;0.03573014;0.07631331;0.032018654;-0.08277449;0.647918;0.034193154;0.17668931;-0.20456977;-0.09521691;0.13680175;-0.27757916;-0.16421482;-0.11774067;-0.13925609;0.36267155;0.12929048;-0.77490604
0.001367543;-0.21517201;-0.14329621;-0.21666305;0.0052025225;-0.34192374;-0.35819766;-0.124654174;-0.31878072;-0.030632842;-0.16228771;-0.03516965;0.0019116421;-1.1699291;0.12201511;0.08804744;-0.011099749;0.035668895;-0.40696472;-0.8574373;-0.408017;-0.23323588;0.35717514;-0.10966061;-0.69026107;0.03205696;-0.2079521;-0.5015555;0.42241532;-0.033429436;0.5434978;-0.6400263
0.11425031;0.53991675;-0.2062941;0.45111454;0.10654821;0.056152977;0.12865482;-0.02564542;0.79077506;0.107699335;-0.104111925;0.6083382;-0.0054022796;-0.23326078;-0.12577802;0.0039516767;-0.032482933;-0.3329401;0.12938553;0.75980085;-0.056196526;-1.0233555;-0.17502029;-0.09614648;0.06734946;0.036041774;0.054913454;-0.16873373;0.22545102;-0.35220173;-0.24701676;1.0414251
-0.2461822;-0.32674053;-0.057915986;-0.283637;-0.5307073;0.23402265;-0.47025153;-0.01976707;-0.45690337;-0.14672257;-0.0904194;0.10442124;0.049349576;-0.614692;-0.60466194;0.059476513;0.025831513;0.032248877;-0.7591959;-0.926179;-0.19980508;0.08773492;-0.33000186;0.1343792;-0.14417759;0.055978492;-0.1878074;-0.021221764;0.31160396;0.03784999;0.033727173;-0.90047926
-0.20299727;-0.13507366;-0.1498036;-0.33755323;-0.44986522;-0.52431476;0.8644748;-0.040566713;0.41734573;0.062124893;-0.08963233;-0.8838501;0.10421235;0.50556207;-0.163788;0.08819778;-0.18686587;0.03965958;-0.45275337;-0.3077564;-0.25919607;-0.13015544;-0.36424223;-0.030972503;-0.003655166;-0.07374527;-0.8111635;-0.052494608;0.17844005;0.0015313631;0.3429232;-0.3361728
-0.469994;-0.35815504;0.05057037;-0.5375717;-0.4601012;0.18207352;0.11418002;-0.11647531;-0.44797438;-0.09849817;-0.21977991;0.67225486;-0.25905836;-1.262934;-0.17964701;0.018596604;-0.10239245;0.025375769;-0.73899823;0.34804153;-0.44046575;0.06546537;0.20884705;-0.04899363;0.015615448;-0.11020785;0.20542927;-0.31547463;-0.06444584;-0.7382015;-0.54077744;-1.03995
-0.06910464;-0.34215903;-0.14426982;-0.6120992;0.0324826;-0.29282647;-0.2556977;0.05547195;-0.39782643;0.05634949;0.33995244;-1.2703049;-0.12922373;0.30194214;0.11949268;0.041745123;-0.005882083;0.026528055;-0.96454966;0.35217577;0.01957984;-0.21394251;-0.3797803;0.23571156;0.20706345;0.021628726;0.42732096;0.09158618;-0.45799604;-0.30603892;0.10019311;-0.8560662
-0.56479204;-0.2366675;-0.29510215;-0.041366365;-0.4151164;-0.28440815;-0.7238285;0.097808234;-0.39651182;-0.15093496;-0.15461256;-1.3016254;0.011677632;-1.0663666;-0.18606327;-0.05206935;-0.09865921;0.023333905;-0.54083866;0.4467313;-0.13407099;-0.6872726;-0.4215095;-0.17049703;0.013984406;-0.33644772;-0.33933997;-0.21761939;-0.32903853;-0.23903109;-0.014831251;1.1050339
0.13046159;-0.2181115;-0.11372519;-0.016688671;0.012356634;-0.47658643;-0.8432689;-0.033399805;0.3081869;0.056183822;0.021836873;-0.22051544;-0.20271826;0.13318902;-0.15635993;-0.0009891241;-0.23992541;0.023289245;0.73817956;0.50543624;-0.038760755;-1.0251691;-0.46999413;-0.14947525;0.33176848;-0.20605324;-0.39262694;-0.5559415;-0.01725703;-0.3007285;-0.45842546;-1.0982759
-0.2723708;-0.23984163;0.20840335;-0.10539117;0.10489432;0.43604374;-0.7152744;0.04405243;-0.26042187;-0.13741346;0.3645843;-0.9098919;-0.00344987;1.1760322;0.00049123913;0.0460606;-0.052137144;0.034026876;-0.15956326;-0.46884704;-0.037583232;-0.5289821;-0.30563542;0.2377887;0.46050125;0.03755457;0.556127;-0.051257305;-0.3949739;-0.22547631;0.3280297;-0.7052298
0.20768768;-0.2797743;-0.07849503;-0.66762006;0.08417923;-0.21924084;0.13324878;-0.031055182;-0.31352764;0.04191705;-0.27108505;-1.0794168;-0.07063717;0.26379186;-0.19745746;0.01748846;0.04386178;0.037541796;0.60574156;-0.6702537;0.053655222;0.11644582;0.23335843;0.052349392;0.33053553;-0.10343099;0.38326648;0.007690072;0.28912607;0.0048152157;-0.2845765;1.1756606
-0.3287287;-0.34095368;-0.16884458;-0.5342444;0.07658034;-0.2770471;-0.8477043;-0.09328805;-1.4076946;-0.029909186;-0.36902902;0.038256414;0.029023476;-0.006465044;-0.27915952;0.048032727;0.0026950224;0.03904535;-0.71643543;-1.0338709;0.0015683463;-0.16610304;0.3995122;-0.30069143;-0.03395248;-0.2693395;-0.1092364;0.066416964;-0.26545873;0.20183516;0.46220464;-0.74534947
-0.4772342;-0.2477938;0.093132;-0.3957587;0.106665924;0.48874804;0.6516229;-0.015234858;0.37824833;0.17049682;0.33495948;-0.012764564;-0.05626653;0.05797754;-0.1862444;0.013850663;-0.07331679;0.034275133;-0.05708488;0.5631894;0.09772672;0.14132719;-0.21170603;-0.08817194;0.0022532847;0.04662714;-0.21606492;-0.004589532;-0.45971185;-0.58515364;-0.32357153;1.3569957
-0.4728482;-0.20927359;0.049852554;-0.5967469;0.08505513;0.36584887;-0.9955013;0.006188386;-0.38334167;0.038288467;0.14545265;-1.1768588;-0.0357757;0.64616895;-0.20054385;0.0042642057;-0.1666255;0.029365346;0.6029893;0.5204993;0.07417948;-0.1281417;-0.5116229;-0.072017476;-0.042083416;-0.14894743;-0.27613342;-0.3964899;0.08650364;-0.28561366;-0.045190338;-1.0420223
-0.4910461;-0.43353918;-0.22052473;-0.15669997;-0.60893995;-0.1523671;0.20346057;-0.14933053;0.32496712;0.05641097;-0.35393396;0.5536434;-0.046196673;-0.4378455;0.31991872;-0.00026442244;-0.12357762;0.03457534;-0.86944824;-0.7711677;0.042591132;-0.26772827;-0.39370707;0.02442981;0.212644;0.06684004;0.16661689;-0.17365836;-0.57450235;-0.14755774;-0.24392277;1.2924671
0.008703716;0.94989073;0.08763147;-0.8616354;0.1377849;-0.10984887;-0.31541574;0.038160827;-1.3964626;-0.13177113;-0.16523175;0.5702794;-0.06307342;-0.75789225;-0.17655581;0.0466742;-0.30660346;0.034274984;0.5463903;-1.2369218;-0.10427763;-0.1108766;-0.15637587;-0.19480683;-0.0270385;-0.2387091;-0.28818336;-0.08259825;-0.1844348;0.048113443;-0.2874669;-0.76517886
-0.55757344;-0.20691672;-0.16558094;-0.39166945;0.005912591;-0.2553046;-0.25331658;0.017512474;-0.37747666;0.028851092;0.3494748;-0.9658819;0.060077142;1.1267295;-0.15702964;0.04678442;-0.018383585;0.036373742;-0.19514336;-0.9110275;0.108530894;-0.15756917;-0.33576384;0.27385142;0.28807876;0.048379872;0.44610596;-0.36414444;-0.4311771;-0.4195128;0.11643003;-0.8039225
0.04310531;-0.36013216;-0.15008053;-0.5587421;-0.19281264;-0.060896397;-0.90410095;-0.06217294;-0.22649112;0.038436208;0.531453;0.49697983;0.022081936;0.15876016;-0.18809202;0.023805378;-0.1080465;0.031606223;-0.6560595;-0.82424086;0.0526554;-0.78605974;-0.36915544;0.15328701;0.28874147;0.069510706;0.47204715;0.041537717;-0.27878124;-0.48012963;-0.058280945;-0.88678193
0.12752318;-0.3261414;-0.12298926;0.31451225;0.053339884;-0.099625535;0.71513134;-0.07513427;1.0008194;0.09156572;0.44176364;-0.08167677;-0.051269516;0.12468745;-0.15919337;-0.013633143;-0.050458316;0.02835267;0.024527725;0.7052994;0.102224655;0.1732579;0.32061386;0.21454789;0.33477715;0.1009929;0.2987607;-0.092247024;-0.24839364;-0.35674798;-0.33692768;-0.8269409
-0.24109831;0.6011364;0.14321853;-0.29716918;0.061009742;-0.11343042;-1.2848525;-0.08044975;-0.36599523;-0.0053163003;-0.16334175;-0.078046694;-0.19628339;-0.28634644;-0.16089393;0.0146570075;-0.0025789272;0.033844847;-0.5924701;0.5036478;-0.045433883;0.43982708;-0.3650658;-0.12880366;-0.36176726;-0.34420186;-0.041895796;-0.3212768;-0.14417662;-0.29162058;-0.099836126;-0.8291597
0.02550173;0.558853;-0.17747636;-0.95860577;0.014886015;-0.39808878;-0.18511504;0.0017955014;-0.32052004;-0.13053113;0.1122144;-1.3619492;-0.056844063;-0.6689865;-0.20064071;0.07401341;-0.066305526;-0.19443391;-0.7391188;0.46674567;-0.14883746;0.0502384;-0.41836476;-0.3044563;-0.24801658;-0.06731633;0.062187955;-0.490425;0.28427422;-0.2907434;0.16613254;-0.70720774
-0.11578768;-0.11906721;-0.1134543;0.3750728;0.055190872;0.47899476;0.2597686;-0.029482935;-0.21820948;-0.03278939;-0.2556897;-0.04458119;0.11097573;-0.27737236;-0.07276465;0.05639005;-0.065408714;0.035557114;-0.3155354;0.60003644;-0.28842944;0.8427126;-0.23588988;-0.026504092;-0.44898695;0.08763277;-0.12490367;-0.13830858;0.45993036;0.2957105;0.34013945;-0.69887316
-0.11488174;-0.6064667;-0.017712243;0.568132;-0.4843117;0.22368948;0.15317729;-0.15134649;-0.37741432;-0.13378128;-0.049074233;-0.16608451;-0.1510156;-0.21061604;-0.42851785;0.025693262;-0.05689165;-0.32439584;-0.16657095;0.7556823;-0.115405425;0.12198999;-0.3127043;-0.0060170493;-0.15466507;-0.07089375;-0.11014706;-0.1426701;0.22554067;0.08674953;-0.6372638;-1.0331478
-0.41689092;-0.4599951;-0.16783951;0.37094656;0.0121014565;-0.40268838;0.054817498;-0.07413216;-0.31777653;0.04580021;-0.35039666;0.2114139;-0.17618507;-0.31017905;0.046360657;0.015353288;-0.26500922;-0.41998336;0.48641205;0.77221215;-0.0408393;0.27388978;-0.1602983;-0.027577132;0.2997714;0.006747475;0.30510738;-0.29805392;-0.4237721;-0.53927237;-0.22016084;-1.0819225
-0.4783232;0.5633575;0.16357073;-0.422705;-0.5851279;0.32491282;0.58638585;0.008486113;-0.32293034;-0.1750436;-0.08702345;-1.3583828;-0.12821288;-0.60168636;0.06726706;-0.013016164;-0.21024047;-0.27243894;-0.16589642;0.5641378;-0.3340175;-0.048822593;-0.2847113;-0.07300912;-0.11348668;-0.018638454;-0.3212688;-0.011874652;-0.46398625;0.19462061;-0.120402604;1.1620469
-0.51802605;-0.3218811;-0.21606128;-0.214134;-0.040332768;-0.25117308;-0.75163394;-0.025454793;-1.1951466;0.04854068;0.402273;-1.1237707;-0.19177708;0.11259669;-0.17345308;0.01445099;-0.28635055;0.023502352;-0.71273214;0.51051044;0.10584817;0.039411157;-0.42110327;0.19557218;0.29922906;0.029084789;0.1859498;-0.49138793;-0.4246862;-0.27593532;-0.12819584;-1.0726885
-0.3818841;-0.29339623;-0.17046034;-0.48295262;0.13567975;0.09986397;0.7392346;0.0487741;0.2759225;-0.12613754;0.23306955;-0.015285528;-0.15298998;-0.55139905;0.41743523;-0.008887376;-0.0647597;0.02225697;-0.7833458;0.44775853;-0.46691775;0.11167918;-0.2709568;0.17825271;0.33939624;0.06240561;0.30419844;-0.288295;-0.4573958;-0.31513584;-0.19202082;1.3622993
0.17773557;-0.2549588;-0.14893095;-0.31630042;-0.3901264;0.49431774;-0.27731052;0.085115284;-0.453124;0.17849413;0.25167438;0.036800493;-0.078401886;-0.14131956;-0.17722878;-6.8330846e-05;-0.083506726;0.028184125;-0.10600804;0.67802095;0.1882892;-0.13400322;0.4168392;0.036754575;0.088461414;-0.13027471;-0.2658194;-0.012320849;0.252094;-0.405439;0.02626574;0.8893763
-0.389771;-0.31698364;0.082374424;-0.79888815;-0.619175;0.34113693;0.30427924;-0.040726174;-0.3808435;-0.17252432;-0.15419324;0.57660645;0.04642654;-0.746249;0.46258852;-0.046366893;-0.28480232;-0.43082199;-0.15030174;-1.2991551;-0.015140374;0.13577296;0.31183115;-0.081523776;0.0049232407;-0.20668994;-0.16975093;-0.26850343;-0.106962256;-0.06472847;-0.06778802;1.0168003
-0.2519563;-0.7621944;-0.28213644;0.3050276;0.13157141;-0.5961111;-0.41755235;0.06689017;0.49250677;-0.06714633;-0.19116892;0.7304079;0.027101152;-0.2737103;-0.15872502;-0.03556534;-0.035194606;0.035673346;-0.18677428;-0.9539295;-0.15381727;-0.28322262;-0.33281618;-0.094138056;0.31850645;-0.09480305;-0.24480687;-0.22500718;0.23030953;-0.1925983;-0.2505382;0.8444561
0.14926234;-0.2620109;0.1397192;0.419036;0.111001894;0.35940805;-0.36581337;-0.09033507;0.29973906;-0.16388562;-0.23148772;-1.3695503;-0.07789518;-0.82921237;0.36912718;-0.041571178;-0.19505481;0.030371865;-0.16020107;-1.1861056;0.14355546;0.02922247;0.30472943;0.0074642543;-0.08893769;0.04202757;0.202149;-0.6207569;-0.7537552;-0.16627067;-0.3735398;0.6442942
0.045519933;0.45335132;-0.25776455;-0.6539725;-0.03954066;0.07594339;0.576913;-0.10402203;-0.26827043;-0.057414185;-0.27871716;-1.1827606;-0.111609615;-0.8065344;-0.1964313;-0.0059939497;-0.01698154;0.022323433;-0.2022878;0.61010534;-0.38750783;0.35967138;-0.19120143;-0.18399937;-0.64883727;0.054192238;-0.67952657;-0.2003431;0.38577482;-0.2858382;-0.2570887;0.97558683
-0.34726435;0.6611172;0.18514071;0.52479935;-0.3898756;0.0013356407;0.18056677;-0.16495049;-0.32011876;0.09855572;-0.16419122;0.5609705;-0.0029495847;0.13122693;-0.22074534;0.053948008;-0.064596355;-0.46373335;-0.57174826;-0.8059494;-0.037161887;-0.148221;0.2690937;-0.03721818;-0.5398911;-0.28612766;-0.28787485;-0.24662833;-0.37559628;-0.30265084;-0.4020647;-0.77417535
-0.33022663;-0.3011415;-0.24332698;0.3087941;-0.58976066;-0.40058225;-0.48621476;-0.14538062;-0.44419348;0.1861509;0.02689567;0.6780041;-0.011616465;-0.47981566;-0.12647276;-0.047793407;0.07831452;0.030444099;-0.18054998;-1.0203177;0.053958386;-0.31019014;-0.3376473;0.022672346;0.12338335;-0.13781017;-0.28131458;-0.2363393;0.13298286;0.08614877;-0.3408499;0.9155201
-0.0056345505;-0.27577883;-0.17385584;-0.18797305;-0.27474564;-0.18028167;-0.84894353;-0.020684907;-0.24861324;-0.15030585;0.3981092;-1.1614864;0.030217499;-0.96847856;-0.16605586;0.0534217;-0.14498287;-0.36663523;-0.48592553;-0.7863284;-0.11833256;-0.12693077;0.5011475;-0.2661864;-0.17994028;-0.31761217;-0.12046539;-0.35196555;-0.14569145;0.14928338;0.08892059;-0.8240594
-0.53709906;-0.40682167;-0.21671523;-0.5967271;-0.42671964;-0.13174531;0.7525003;-0.04686042;0.22531049;-0.19676502;-0.22992419;-0.19290344;0.0064529763;-0.8574786;-0.35788253;0.014156152;-0.2921673;0.037294354;-0.16186309;-1.1608359;0.012134638;0.08985895;-0.32889536;-0.22061813;-0.16225319;-0.0041512004;-0.116627865;-0.26239884;-0.8022696;-0.306978;-0.45053124;-1.0618691
0.077684134;-0.2195579;-0.25014246;-0.73638904;0.04672209;-0.64498615;0.6197315;0.00038941554;-0.31833082;-0.19021402;-0.16555513;-0.7020096;-0.05856369;-0.75832224;-0.29243803;-0.014488542;-0.26302034;-0.41288045;0.0083356695;-0.8782337;0.03435801;-0.20508541;-0.24707003;-0.040159672;-0.40503934;-0.022582939;-0.29514092;-0.21812907;0.31081986;-0.3635343;-0.39243025;1.2265885
-0.47090298;0.51892525;-0.1764664;0.37056643;-0.23474109;-0.116603926;-0.781444;-0.0040119495;-0.2487075;-0.119390324;0.045227766;-1.2735853;-0.14578986;0.10124321;-0.14718166;0.01106465;-0.111003675;0.020081444;-0.53508186;0.47542685;-0.12642321;0.024954237;-0.4871257;-0.0020933957;-0.18972285;0.07782942;-0.43153438;-0.48562127;0.20611031;-0.14829065;-0.059719093;-0.93283755
0.00033936056;-0.18651803;-0.16518572;-0.19479235;0.030176036;-0.61227447;0.22103131;-0.18778677;0.32054633;-0.06552936;-0.29093653;-0.012994638;-0.030240191;-1.3204417;0.3813634;-0.083572045;0.0373668;0.038604293;-0.40177944;-0.9410586;-0.45995292;0.09811503;0.36921668;-0.092625305;0.034579847;-0.014878683;-0.24259782;-0.1914533;0.39079767;0.0633454;0.118466504;0.48821163
-0.11460447;-0.37347832;0.1810107;0.2869074;0.055678383;-0.006707567;0.4806985;0.00090111373;-0.29262903;-0.022882214;-0.08166976;0.3995619;-0.21453421;-0.35380912;0.3724021;0.034185246;-0.21366622;0.0263277;-0.9039871;0.32752067;-0.42576358;-0.26121467;0.21892148;-0.17460708;-0.64947814;-0.11745279;-0.5665732;-0.06799234;0.21049416;0.13853912;-0.3739599;-0.8003617
-0.4510491;-0.2204952;-0.1529992;-0.26640144;0.028008316;0.5521593;-0.4488203;-0.00059261755;-0.35163835;0.007705925;-0.013778947;-0.17302205;-0.079466596;0.3346883;-0.18075365;0.05871027;-0.23066612;0.034097172;-0.063267104;-1.1260253;-0.20048794;0.10188106;-0.30812618;-0.017787186;-0.8061737;-0.019319747;-0.39520723;-0.08962833;0.28961384;-0.20525533;-0.44318426;-0.66820955
0.2023983;-0.25206855;-0.24141294;-0.310516;0.12740238;-0.44294482;-1.0641973;-0.15124196;-0.21958603;-0.1374928;-0.22701317;-0.11035345;0.042341113;-1.5685822;-0.20357378;-0.04901036;-0.14778401;0.027001329;-0.2766857;-1.1529485;-0.5331343;0.1354009;-0.30748418;-0.24684918;0.21728037;-0.0836198;-0.2888998;-0.5096915;-0.8190041;-0.34834844;-0.18066618;0.8933538
-0.5706244;0.99208784;-0.22040617;0.2954814;0.08740914;-0.00652873;0.18326163;-0.059742764;0.32325402;-0.12123249;-0.22326934;0.158072;-0.13512698;-0.8879665;-0.21103182;0.032645132;-0.23839661;0.032134347;-0.116584554;0.68255347;0.028620977;-0.22756371;-0.25052774;-0.20462637;-0.22831413;0.04052613;-0.31517643;-0.2463912;-0.71898866;-0.60833925;-0.4587138;-1.1374261
-0.5085622;-0.56785834;-0.27209008;-0.37783292;0.14746536;-0.23539288;0.13812646;-0.07281131;-0.29855013;-0.029210143;-0.3407874;0.59438443;0.046576582;-0.22367178;-0.2451146;0.03420027;-0.14641526;0.033962138;-0.1983793;-1.0406662;-0.39151338;0.11299212;-0.23150514;-0.017812714;0.25525188;0.03870017;0.22993124;-0.3557327;-0.58203006;-0.664665;-0.31930882;-0.9345848
-0.34877443;0.7964928;-0.098228514;-0.7421278;0.0845849;-0.54190886;0.15083879;-0.036337167;-0.30422032;-0.037014928;-0.29290935;0.6312503;-0.05322399;0.023189379;0.11933872;0.026815929;-0.06497993;0.04249353;-0.79834604;-0.7571105;0.025482679;0.122946806;0.19756086;-0.11414931;0.06640747;-0.22015564;-0.23758014;-0.8627626;-0.16561572;0.24256238;-0.53019965;-0.992653
-0.32642868;-0.20808654;-0.1524223;-0.057004943;0.08941976;-0.25292212;-0.9814494;-0.021062123;0.3262895;0.07196757;-0.29974172;0.034465715;0.018972974;-0.12620163;-0.33120865;0.043027207;-0.023129102;0.03685637;0.7219252;-1.1348803;0.17319354;0.42038006;0.23925163;0.16658251;0.35284507;0.045493025;0.33879775;-0.08064649;-0.47548443;0.23779312;0.009642905;1.0449698
-0.2049227;0.6987976;0.16972685;-0.76811814;0.069669455;0.07236025;0.6239818;-0.0729;0.32721546;-0.12525582;-0.18400714;-0.09571381;-0.16521327;-0.80695325;0.45696205;0.035467837;-0.03491269;0.03168388;-0.8906378;0.2839133;-0.49001032;0.030261237;0.14440773;-0.103064485;-0.069332734;-0.23836961;-0.274168;-0.13327007;-0.015079014;-0.28288993;-0.54697156;-1.0811723
-0.0029268214;-0.48267964;-0.12874423;-0.4909345;0.08359426;-0.19714127;-0.32806513;-0.098787874;-0.34282455;-0.036923982;-0.4459886;0.08390921;-0.057676643;-0.15073106;-0.60260564;0.033872705;-0.30509147;-0.38030988;-0.8793136;-1.045352;-0.04701933;-0.22032718;-0.26941597;-0.3801008;-0.103319086;0.04050029;-0.11832367;-0.19113047;-0.4555104;0.16717803;-0.035944853;-1.0488771
0.1537883;-0.3607278;-0.10521957;-1.03051;-0.2651435;-0.4262541;-0.25389588;-0.031314682;-0.3913615;0.09701109;-0.33681002;0.10313638;-0.08510281;0.007111393;-0.24071155;0.029078377;-0.033104658;0.030096075;0.0629347;0.72464436;0.27199486;-0.07415815;-0.32860303;0.17641622;0.2703478;-0.19506975;0.50140756;0.1343933;-0.09143573;-0.55607325;-0.3951832;-0.7714551
0.08474622;-0.35460716;-0.26214254;-0.6187424;0.06711777;-0.109671585;0.21180215;-0.09266108;-0.27851874;-0.17709239;-0.3587051;0.09305912;0.00023564463;-0.7499218;-0.32388934;0.047237415;-0.11388106;0.036434658;-0.020605564;-1.045212;-0.007725509;-0.14394043;-0.26483107;0.03841586;-0.094813354;-0.012806622;-0.60255396;-0.29862976;-0.6359646;-0.43281993;-0.21847075;-1.0806445
-0.5304535;-0.4200709;-0.16175774;-0.21209358;0.06498332;-0.15476637;0.019959651;-0.10548675;-1.4442577;0.09461732;0.37671444;-1.8336298;-0.15556303;-0.40382424;-0.14693761;0.023970434;-0.11745884;0.026220059;0.085190885;0.49461386;0.07605243;-0.13668479;-0.29265976;0.15867382;0.20429927;0.045112953;0.37408742;-0.23399492;-0.3489546;-0.24331592;-0.48570815;-1.1599902
-0.027986854;-0.33049327;-0.1872809;-0.28393826;-0.25326553;-0.20514059;-0.24317952;0.04518142;-0.3757603;-0.16670285;-0.20932697;-1.3940213;-0.098772675;-0.6643815;-0.19926804;0.044738766;0.026466733;-0.23012106;-0.8791717;0.49541727;-0.14008495;-0.019416306;-0.4346655;-0.12603362;-0.16835494;-0.31095934;-0.119239785;-0.49457797;-0.18565877;-0.20748462;0.018243406;-0.78912693
-0.3590895;-0.30101418;-0.11445768;-0.8776549;-0.36261228;0.16638878;-0.2424667;-0.09808789;0.3292212;-0.1843516;-0.054334015;0.76547074;-0.21676965;-0.3344441;-0.3899571;0.02717374;-0.24161467;0.018146535;0.13852768;0.75750387;-0.2854643;0.08847986;-0.32201296;-0.14491655;-0.79738855;-0.086894035;-0.31762448;-0.7101021;0.075922355;0.15552284;-0.1265928;-0.76844764
-0.6333704;-0.24400991;-0.29276446;-0.2938433;-0.45001382;-0.50862855;-0.7306861;0.090366825;-0.29775396;-0.1000189;-0.35893372;0.7253304;0.04221923;-1.2797588;-0.026715929;-0.04395761;-0.111716755;0.018475734;0.020956922;0.60106874;-0.4015758;-0.22588307;-0.4836162;0.120035216;0.28252676;0.022907838;0.24869694;-0.43572977;-0.48079833;-0.47602165;-0.24559978;1.1624538
-0.38093767;-0.28928134;-0.120706834;-0.16397586;-0.3971317;-0.457744;0.7148723;0.001347858;-0.36130667;-0.08634389;-0.3137242;-0.25048286;-0.21761048;-1.4294438;0.0696099;0.024435394;-0.02923631;0.019337881;0.6230024;0.45819274;-0.34504527;-0.21517935;-0.35759473;-0.30309576;0.064249694;-0.014616264;-0.21642889;-0.27752885;-0.7000428;-0.21074243;-0.31590304;-0.78343546
-0.36865094;-0.33020076;0.34275106;-0.354551;0.07254123;-0.6014163;0.20993866;0.01301782;-0.27761555;-0.20510463;0.028045535;0.1043691;0.055061836;-0.60098517;0.4614614;-0.06319427;-0.078019135;-0.39883608;-0.6791096;-0.9707181;-0.3013551;0.13326798;-0.23387328;-0.113889605;0.034628056;-0.0026745622;-0.20759037;-0.1676459;-0.59329796;-0.32475576;-0.23224029;1.1698112
-0.003960587;-0.13706452;-0.25920266;-0.73984647;0.027345276;-0.20466265;-0.7921564;0.039903928;0.21533887;-0.20375267;0.18213625;-0.9698659;-0.014627061;-0.8668609;-0.19633411;-0.043482855;-0.0790532;0.035163343;-0.20876332;-0.95503354;-0.0855065;0.26259047;0.43629602;0.019119222;-0.44573438;-0.077959105;0.1305636;-0.14938237;0.34954283;-0.21911718;-0.07474049;0.4771006
-0.37882918;-0.35697234;-0.112228446;-0.81452507;0.06027096;-0.6623089;0.11693038;-0.082212634;0.2861911;0.08277389;-0.2592008;-0.18862234;-0.16034006;-0.28418446;-0.27157572;0.023805303;-0.2827876;0.029493757;0.58899474;0.6219116;0.039427962;-0.18702887;-0.23540889;-0.34610182;-0.12030864;-0.008605184;-0.13221192;-0.33397585;-0.62056863;-0.65539056;-0.31239587;-1.0288231
0.09994779;-0.37253037;0.14740348;-0.6373712;-0.003884648;-0.18209194;0.773393;-0.009035275;-0.4131241;0.091139056;-0.26611593;-1.0080752;-0.022031821;0.24491793;-0.21903408;0.064216554;-0.059140116;0.041176375;-0.45051786;-0.24881567;-0.15584101;-0.084997125;-0.12660073;-0.05027089;0.11786232;-0.17776904;0.1582487;-0.2905042;0.06960242;-0.63025916;0.32363477;-0.53794825
-0.49523747;-0.67949444;-0.2400881;-0.2807931;0.036854748;-0.5129458;0.24993011;-0.11708344;0.91577995;-0.148502;-0.20870818;-1.036315;0.014238126;-0.81369275;0.46258098;-0.1091411;-0.055023767;0.030594956;-0.5027848;-0.9229286;-0.3855764;-0.18981875;-0.34236544;-0.17906216;-0.8963798;-0.2694364;-0.60893756;-0.030819366;-0.3325862;0.104539745;-0.21852505;0.36133733
-0.12095362;-0.38444594;-0.1091074;-0.8294811;-0.013463479;-0.50447243;0.70199174;-0.12461911;-0.4511587;-0.118741445;-0.21836093;0.22496888;-0.12715468;-0.3133758;-0.29580852;0.050509177;0.06687199;0.03235721;-0.18059373;0.61564577;0.040922023;0.14113899;-0.2878373;-0.41234517;0.038272098;-0.23635876;-0.32360995;-0.61681163;-0.16244036;-0.9939802;0.031651013;-0.780503
0.07054517;-0.3264765;-0.29640564;-0.20098913;0.040798124;-0.16813387;-1.0382068;0.005041507;0.87123823;0.00893354;-0.19165142;-1.1508777;-0.23361842;-0.5891834;0.012198257;0.03699358;-0.002109633;0.016363852;0.57495373;0.2685894;-0.4087721;-0.10753142;0.3976745;-0.21526845;-0.13641132;-0.036012307;-0.26346016;0.38864166;-0.5702154;-0.721897;0.13189621;-0.7750564
0.23783667;-0.41283956;0.019323055;-0.5942;-0.046611294;0.37591574;-0.28214028;-0.03161219;-0.36337942;0.085648686;0.4116196;0.62644476;0.0010310567;0.19984148;-0.11647802;0.031997036;-0.1312234;0.037204593;-0.07942014;-1.0790358;-0.018257497;-0.16748871;-0.21313697;0.15937738;0.36344314;0.12473632;0.49609032;-0.1703262;-0.35013533;-0.37097716;-0.4041616;-1.0180074
-0.17661183;-0.2040138;-0.19879724;-0.004911077;-0.22058478;-0.24388851;-0.8411642;0.00059772795;-0.2729433;-0.01537236;0.22982188;-1.1434563;-0.11981399;0.88968265;-0.035323497;0.029265655;-0.12747787;-0.31612983;0.017875006;-0.87227887;-0.106217645;-0.08108102;-0.3674927;-0.18222395;-0.056362476;0.022080522;-0.4259737;-0.4640903;-0.3932943;-0.22497883;-0.10196489;-0.93786776
-0.012405642;-0.24884942;-0.18164565;-0.5306141;0.021246118;-0.129569;-0.22527221;-0.11003944;0.20866914;-0.16779493;-0.075497836;-1.0149544;-0.031357955;-0.87625295;-0.2572932;0.048437368;-0.26549906;0.035995923;0.64547646;-0.91088694;-0.015817998;-0.0956181;-0.3582304;-0.05496798;-0.82119614;-0.046721924;-0.4284487;-0.6802139;0.19870692;-0.19519354;-0.3121029;-0.76737946
0.08637715;-0.17539756;0.32363778;0.13716918;0.11227941;-0.3068781;-0.13499764;-0.010164645;0.4489496;0.054016374;-0.05006866;-0.91240424;-0.23897864;0.41089115;-0.15382503;0.047651876;0.1436555;0.035557095;-0.6088243;0.35357296;-0.022735942;-0.1976927;-0.33524856;-0.014716804;-0.1735452;0.041699253;0.11210858;-0.32096222;0.57739365;0.048195302;0.60521364;-0.6496688
-0.2912029;0.49655572;-0.16791628;-0.7181501;-0.30848053;-0.010929145;-0.25383487;-0.0487099;0.28076994;0.038921565;-0.056548033;0.09285918;0.0021226988;-0.95771575;-0.18353103;0.0657307;-0.36371934;-0.31649235;-0.43300462;-0.90277356;-0.29456133;-0.1943398;0.45150262;-0.026840648;-0.016518734;-0.046504382;-0.61259437;-0.0991038;0.22629364;-0.22687766;0.15175174;-0.62254715
-0.17686033;-0.22353397;0.1868742;0.63560104;-0.37029526;0.27626842;-0.26489702;-0.023926526;-0.36792675;-0.11427425;-0.13135263;-1.2564577;-0.100170866;-0.7855235;-0.4551273;-0.04125327;-0.03571579;-0.23966642;-0.80306756;0.5952864;-0.23046416;0.079994075;0.5859768;-0.03860009;-0.118484706;-0.3452616;0.23832682;-0.2669246;-0.35095084;0.0111845555;-0.11213757;0.83691496
-0.10799594;-0.2601011;0.150383;-0.44839278;0.015680527;-0.7583414;-0.29330486;-0.07943097;0.48663315;-0.17337283;-0.15685253;0.06857556;-0.050700516;-0.7376894;-0.23078848;-0.04994805;-0.12550579;0.03724917;-0.014968893;-1.2428496;-0.1056432;-0.22009505;0.31269655;-0.22360116;-0.64564216;-0.22018205;-0.12739298;-0.14802925;0.34540004;-0.47917926;-0.38541287;0.61420405
-0.27929586;0.48431295;-0.1762034;-0.75407493;0.022534568;-0.7104139;-0.2690001;0.05777347;0.36119175;-0.070600554;-0.16354208;0.4839427;0.039677385;-0.5820052;-0.19633889;-0.04307176;-0.047796458;0.04122553;-0.10787869;-0.8662517;-0.45169878;-0.8866917;0.28374374;-0.109714165;-0.99791086;-0.13778716;0.12147679;-0.12735498;0.2952685;-0.07850984;-0.3561833;0.49183467
0.15088873;-0.35379377;-0.04406767;-0.3383432;-0.4175906;-0.6078511;0.038056485;-0.10357434;-0.42272377;-0.19082542;-0.019260408;-0.18590808;-0.17236064;-0.52678925;-0.20357855;0.027340291;0.20260529;0.029868977;0.53549767;0.66614825;-0.1782293;0.47496742;-0.31413814;-0.21772641;-0.49609768;-0.025436144;-0.13473353;0.09810406;0.3941859;0.045721706;-0.38343188;-0.67405164
-0.34559414;-0.27090895;-0.071571566;-0.27898145;-0.37353587;0.40960822;0.7024637;-0.06947223;-0.3059166;-0.03884208;-0.22893766;-0.111784905;0.008469431;-1.3124849;0.44273868;0.050084088;0.033655994;0.03223547;0.45171458;-0.8591896;-0.2895564;-0.71602935;0.27205434;-0.15068802;-0.055961728;0.001944779;-0.22374338;-0.3123029;-0.6179539;-0.4636323;-0.5345065;-0.903871
0.18395291;-0.37282556;-0.08796791;-0.43688878;-0.009138978;-0.3768901;0.541752;0.08271404;-0.293972;-0.1292572;-0.28854263;-0.12339712;-0.06100466;-0.46087605;-0.5285184;0.03131599;-0.14571773;-0.51638746;0.5842771;-1.0714715;0.042249925;0.10887364;0.13659817;-0.10400964;0.05375843;0.041542295;-0.19166602;0.017395765;-0.5603411;0.3294656;-0.377338;-0.86622006
0.071867384;-0.5847879;-0.011542246;-0.49298733;0.03751017;-0.76137114;0.15070781;-0.07552744;-0.55149287;-0.12151528;-0.23776987;-0.33759612;-0.1273928;-0.39498222;-0.24647425;0.040367752;0.044450182;0.030193066;0.02172755;0.64621276;0.046772175;-0.15134074;-0.5246924;-0.3873638;-0.197556;0.029558627;-0.19640277;-0.46002367;-0.6188506;-0.8098609;-0.5925766;-0.98759246
0.30378833;-0.14952989;0.1003552;-0.034024287;-0.18919423;-0.31759426;-0.6487824;-0.03156387;-0.4642583;-0.04421838;-0.097776055;-0.16761632;-0.3045448;-1.212415;-0.35436603;0.05312216;-0.1877313;0.02790218;-0.17919335;0.55196035;-0.2757332;0.34037212;0.4304882;-0.091172114;-0.5736648;-0.44453984;-0.23868483;-0.27580172;-0.20447397;0.19277963;0.28042316;-0.7043251
-0.5151529;-0.61223245;-0.1628419;0.30956584;0.07971276;-0.6291888;0.011021506;-0.01789675;-0.4404187;-0.12223512;0.13206565;0.10227312;-0.013557599;0.60558295;0.058584977;0.05029352;0.021309424;0.039380893;-0.19860435;-0.85144186;-0.18292151;-0.18111308;-0.4015032;-0.13992168;0.057337157;-0.1940971;-0.35911876;-0.45258045;-0.012446456;-0.35206226;-0.5985248;-0.9148218
-0.46254054;-0.2365405;0.3486049;-0.2520928;-0.41846153;-0.4653973;-0.22439174;0.040725198;-0.33176032;0.12391339;0.11582438;0.7140298;0.30987394;0.9705866;0.12452491;-0.010790019;-0.009436483;-0.20005181;-0.8732243;0.6840084;0.10047023;-0.14330263;-0.31695238;-0.07831478;0.06627075;0.084916405;-0.19046035;-0.3331833;-0.3609429;0.023817014;-0.27424598;1.3262917
0.018358517;-0.40785387;-0.19971114;-0.89730275;-0.06573802;-0.18652543;-1.1543725;0.056537796;-0.29148492;0.06931393;-0.5150526;0.6825154;-0.05899246;-0.27751258;-0.20124875;-0.018860938;-0.09945986;0.02731757;-1.1153389;0.66118425;0.13005328;0.06219808;-0.26573613;0.134132;0.3100571;0.042946525;0.23016487;-0.13220038;-0.426325;-0.5884314;-0.16070734;-1.0784993
0.40297398;0.6153259;-0.21726118;-0.17125332;0.087590516;-0.14650382;-0.766242;-0.106509574;0.3164712;0.14263631;0.26972368;-1.2258525;-0.04333646;-0.0105722295;-0.11736264;0.02728293;0.03390616;0.030259417;0.092868194;0.60419375;0.26319298;-0.67892814;-0.29708463;0.2518055;0.17861392;-0.20315611;0.2856117;-0.10868392;0.075846955;-0.28273106;-0.30657798;1.3113468
-0.20138349;-0.32446256;-0.13084498;-0.49831244;-0.28653303;-0.58467525;0.63780636;-0.037905093;-0.42111784;-0.20753159;-0.20459251;-0.19478866;-0.20812353;-0.39342028;-0.27828586;0.051893696;-0.30901805;0.017980024;-0.18097204;0.50156546;-0.28707445;-0.22191505;-0.37819538;-0.29518563;-0.6701958;-0.15120994;-0.6489813;0.29969448;0.20386408;-0.6787952;-0.5473205;-0.6475698
-0.54197806;-0.65045595;-0.1982511;-0.5023831;0.010149946;-0.16828445;-0.486565;0.048197642;0.29208693;-0.15249874;0.05981062;-1.1537287;0.02825416;-0.75271267;0.4075221;0.065566406;-0.11843361;0.03391678;-0.5859426;-0.7519887;-0.27482992;0.016143896;-0.3618345;0.09150628;0.22794281;0.013704728;0.29432666;-0.06012776;-0.6564562;-0.4239042;-0.15429536;-0.58749306
0.084186494;-0.5423336;0.37439278;-0.3953058;-0.3095248;-0.28200486;-0.392867;-0.08121285;0.309485;-0.0071208137;-0.14668652;-1.0756886;-0.013015574;-1.243339;0.39704815;0.07908402;-0.35939908;-0.30920294;-0.35491076;-0.61694485;-0.24087082;-0.15897414;-0.29536563;-0.13233352;-0.0016096868;-0.11893123;-0.27106133;-0.43320596;-0.15092757;-0.61586773;0.3568472;-0.67100376
-0.37529448;0.56492877;-0.21039312;-0.7561973;0.09935583;0.07731279;0.5711869;-0.027718037;-0.25391105;-0.04400595;-0.33463153;0.19014479;-0.13077636;-1.4220346;-0.16022216;-0.016304234;-0.37033147;0.02651282;0.30470803;0.5545889;-0.5780018;0.3261518;0.16485542;-0.108163364;-0.07555092;-0.10515781;-0.1935774;-0.46544737;-0.6321044;-0.4303628;-0.29146942;1.036629
0.23138587;-0.25057262;0.19743094;-0.28637174;0.12367633;0.5298279;-0.1375944;0.0550683;0.46621898;-0.15676887;-0.19398952;0.02539336;-0.12061582;-0.6288548;-0.15747198;0.015926454;0.11600212;0.026972221;-0.990496;0.636441;0.15140283;0.37617722;-0.26067546;-0.13030936;-0.063372865;0.03840363;-0.14517777;-0.07307257;-0.69568497;-0.35576713;-0.12736829;1.3518541
0.03122401;-0.23551315;-0.22208035;-0.22507125;0.047675125;-0.08626811;-1.2710116;0.04778391;0.34327975;-0.003953178;-0.32894352;-1.1770072;-0.046076413;-0.40805084;-0.268428;0.0063845394;0.06802187;0.03991882;-0.2140767;-0.9552311;0.07014103;0.030642651;-0.3677288;-0.05371728;-0.01405924;-0.14022417;0.12780201;-0.2682135;0.30817643;-0.3823566;0.23107718;-0.98654824
0.22972748;-0.30511677;-0.13168709;0.34032604;0.007225354;-0.42946473;0.06802542;-0.068687975;-0.3881956;0.06481082;0.2764586;-1.3001299;-0.105336316;-0.18180935;-0.17481273;0.029801853;0.09852896;0.026629899;-0.085226774;0.45268133;0.22187263;-1.0409331;-0.27064583;0.36650473;0.20475394;0.060785156;0.48810464;-0.21821135;-0.311081;-0.58411276;0.057105064;-0.9668273
-0.58195204;0.45790133;-0.14831983;-1.0498825;-0.19050342;-0.5456475;0.46939805;0.042340677;0.13541824;-0.056500316;-0.13424964;0.43962848;-0.18998928;-0.55929524;-0.17439984;0.057623375;-0.35504994;-0.33384842;-0.1455397;0.5092103;-0.4270505;0.31812888;0.32038397;-0.1867771;-0.6301727;-0.03455306;-0.2919092;0.15529928;0.2505205;0.00016633491;-0.5445122;-0.52798593
-0.11009681;0.5996199;-0.13835521;-0.2067602;0.14040989;0.1458816;0.75387394;-0.0091438275;0.98304486;-0.19428597;0.07761358;-0.060626883;-0.10497847;-0.6207122;-0.14832117;0.021149663;-0.102741204;-0.32929936;-0.80166125;0.5904279;-0.0029912791;-0.2246555;-0.25135368;-0.094217435;-0.1626524;0.049319893;0.1505098;-0.013267735;-0.43223745;-0.3467593;-0.056591008;1.318911
-0.21347137;-0.5574674;0.46838793;0.34842223;0.07352849;-0.39716116;-0.7081268;-0.20525128;-0.92844623;-0.09236789;-0.049023572;-1.2105911;-0.11428443;-1.1269233;-0.12423348;-0.034723837;-0.055278536;0.019110236;-0.19352688;0.46456125;-0.4347857;-0.24288546;-0.33890018;-0.16263223;-0.043581307;0.019513924;-0.035215367;-0.42799228;0.37066573;-0.30651706;0.107678406;0.98052967
0.09557922;-0.5370457;-0.14995542;0.2426957;0.04545167;-0.29541543;0.13914329;-0.09610448;-0.34145892;0.0339939;0.3467384;-0.13524616;-0.04776429;-0.13240479;-0.70240563;0.003684595;-0.06368848;0.04630279;-0.12088465;-1.053495;-0.04713692;0.119278066;-0.26015425;-0.35986003;-0.01972438;-0.24862458;-0.44318408;-0.24128395;-0.14704904;0.15152927;-0.46864918;-1.2033812
-0.18775928;-0.4593016;-0.16683175;-0.27517292;-0.42335254;-0.1321106;-0.41327998;-0.04659696;0.24931785;-0.17050228;-0.42815593;0.11092824;-0.019513264;-0.46475115;0.42538267;0.044857662;0.14415984;0.03292158;-0.19313733;-1.1919825;-0.114979975;-0.14959282;-0.42136958;0.03195582;0.3662867;0.078756616;0.2887411;-0.42802456;-0.64007884;-0.4577733;-0.5145167;-0.8744563
-0.4252162;-0.3886689;0.115693524;-0.34946945;0.09794945;-0.115159646;-0.29280958;-0.011391042;-0.43151316;-0.007687184;-0.1081312;-1.6583928;-0.23604167;-0.2934612;-0.20110963;0.024707196;-0.13594656;0.015554619;0.81434625;0.28167653;-0.19273292;-0.123400986;-0.30277783;-0.30950272;-0.05991812;-0.2910943;-0.35021666;0.30875728;-0.22951612;-0.22315146;-0.35310662;-0.96866196
-0.24563082;-0.3028266;-0.22147395;-0.24959743;-0.054508273;-0.63681036;-0.27410936;-0.16412866;0.31833377;-0.0572837;-0.16903417;0.69254184;-0.30133253;-0.65092653;-0.13405834;0.0387368;-0.1636928;0.026201122;-0.9307625;0.4205932;-0.19009636;-0.972933;-0.28502756;-0.08852418;-0.6059525;-0.071779266;-0.25295267;-0.18578218;0.26480404;0.13508976;-0.5170888;-0.8985132
-0.48603067;0.55825853;0.063257605;0.34130606;0.054792926;0.4649923;0.30560055;0.036639277;-0.33491397;0.15989818;-0.090903565;-1.0830827;0.05617654;0.375898;-0.6030088;0.064329185;-0.3000014;0.0467144;-0.18382563;-0.42465943;-0.11336982;-1.0845245;-0.24372727;-0.0077448403;-0.08123525;-0.08080534;-0.32925454;-0.32019675;0.108016185;-0.061897784;0.034810033;-0.6301525
-0.40766996;-0.42844272;-0.11119241;-0.22726396;0.050456807;-0.2802357;0.766084;-0.013735725;-0.28483585;0.014394326;0.4526417;-1.2547091;0.08395403;-0.21802558;0.3900176;0.015106109;-0.34448045;-0.4639098;0.43994755;-0.8268997;-0.029423272;0.12638946;-0.19394365;0.10122761;0.2615208;0.012516019;0.38421372;-0.3656341;-0.4184786;-0.26334786;-0.08812359;-0.9132484
-0.34467375;0.40274093;0.20576522;0.31153944;0.022904988;-0.097245015;-0.3230863;0.05730394;-0.3097059;-0.017846437;-0.13693945;-0.9014326;0.00796686;-1.151911;-0.14960212;-0.07051341;0.071552254;0.03097387;-0.42309627;-0.81936055;-0.35442403;-0.20482485;-0.34497857;-0.24018708;-0.628418;-0.0038807094;-0.6305642;-0.28916037;0.38339674;-0.10536605;-0.081906036;0.8818361
0.1418038;0.7072732;-0.1640952;0.46962914;0.03973347;-0.12154032;0.7126901;-0.11900198;0.74541706;-0.03684316;-0.42389983;-0.10456691;-0.0064598075;-0.026172964;-0.20806849;0.022365136;-0.27002317;-0.40526587;-0.066120505;-1.4404733;-0.07714411;0.14998753;0.20003684;-0.16558488;-0.31445733;-0.06921895;-0.67798615;-0.051614486;-0.59210086;-0.5467209;-0.46381325;-0.90765744
0.06733166;-0.6025555;-0.0718483;0.39236328;0.030154794;0.40311086;-0.41313532;-0.06926049;-0.3053924;-0.1469603;-0.18933363;0.12068376;-0.026315186;-0.8624674;-0.44286695;0.027538592;-0.19188021;0.032575935;0.48945728;-1.2321122;0.004624117;0.0796902;-0.31450796;-0.26270512;-0.3915643;-0.031261597;-0.2247651;-0.29302683;-0.5838975;0.19097015;-0.057114266;-1.0946225
-0.105458304;-0.25567192;-0.19276167;0.2468145;-0.58036566;-0.18391368;0.2679777;2.4056295e-05;-0.24313618;0.11547498;-0.14962384;0.27051455;-0.013744304;-0.369662;0.36750636;0.0062599084;-0.10209867;0.042285822;0.52177846;-0.821208;0.06878983;0.2106884;-0.20415755;-0.15574847;0.0012974854;0.036008503;-0.1495057;-0.03173823;0.47286528;0.37982365;-0.36921078;1.1352103
-0.27963275;-0.2561798;-0.18962339;-0.18995458;0.047942877;-0.0027845826;0.6111019;0.007752188;-0.29494014;-0.092334665;-0.25084114;-0.19091576;-0.16144228;-0.64368325;0.4779867;0.005031074;-0.12343796;0.024682496;-0.14770101;0.45790347;-0.4588091;-1.0687095;-0.23714246;-0.04462797;-0.47842196;0.07948233;-0.94109535;-0.19170411;0.33710554;0.16052325;-0.5240226;-0.97445405
0.11362026;-0.3123501;0.2503032;-0.2223299;-0.39819494;0.10296751;0.12828104;-0.0066341213;1.063246;-0.12309497;-0.04339428;-0.046423864;-0.034216166;-0.52625185;0.15843384;0.024749322;-0.06924296;0.03442865;0.057634007;0.68243104;-0.15449704;-0.17480217;0.42414364;-0.15667841;-0.299103;0.04612489;-0.08334545;-0.09526807;0.23417301;0.15668108;-0.2998488;1.0831636
0.0033067614;-0.3240822;-0.1737114;-0.38225892;0.027915435;-0.4303619;-0.14540961;0.0070901057;0.40374333;0.034190327;-0.3614381;0.103558324;-0.080982074;-0.08327404;-0.26192656;0.036614493;-0.29293683;0.034016646;-0.18006612;0.6599359;0.0011933766;-0.1589667;0.41527435;-0.3758071;-0.14578551;-0.01835617;-0.3458781;0.16914353;0.2474069;-0.6358581;-0.6975378;-0.95414096
0.5018019;-0.062340785;-0.13833463;0.43739888;-0.25368097;-0.24458015;-0.53361166;-0.07237762;-0.22550687;0.12477833;-0.08184083;-0.62677264;0.11562174;0.7478205;-0.115699425;0.07879691;-0.042899884;0.04044564;-0.3239005;-0.33015236;-0.15616326;-0.12224606;0.48818704;0.008461974;-0.5118158;0.080564;0.24174975;-0.12436692;0.525324;0.17305633;0.63378924;-0.33160526
0.21142462;-0.18838066;0.1120706;0.4748742;-0.054493412;0.29595098;-0.6946808;0.02685955;-0.2660567;0.13524759;0.35237986;0.06463259;-0.0792073;1.1481372;-0.0514321;0.0023561055;-0.13595062;0.020795453;-0.6779551;0.54290867;0.15031983;0.0624611;0.3611222;0.20178002;0.37115678;0.10196736;0.43450645;-0.20968956;-0.41909227;-0.37702912;0.02072649;0.9806986
0.0697871;-0.30447337;-0.086875014;-0.5625692;0.004728328;0.5020659;-0.34632578;-0.054513045;-0.39753866;0.02707001;0.25246322;-1.380036;-0.044115487;-0.018235374;-0.68574524;0.027809849;-0.084875755;0.041783698;-0.1951486;-0.69955206;0.023312625;0.07859477;-0.36893305;-0.124956466;0.21276537;-0.15524024;0.24549526;0.08074207;0.14250265;0.19548188;-0.01701824;-0.85542923
-0.34731567;-0.2460357;-0.1672452;0.49189168;-0.18449743;-0.5998983;-0.2848225;-0.058199733;-0.46252605;-0.097349696;-0.18125634;0.68195134;0.077755354;-1.1339666;-0.1859331;0.05699217;-0.26770595;0.025147315;-0.120969266;0.66065884;-0.2706724;0.17858182;0.38840303;-0.12843522;-0.6412376;-0.038986545;-0.7336965;-0.35927862;0.24090248;0.036150288;-0.58339375;-0.7768698
-0.41135997;0.76600546;-0.21924467;0.29958302;0.06715791;-0.563017;0.19004503;-0.13009787;-1.304802;0.056254204;-0.23965544;-0.07067842;-0.19192639;-0.30617842;0.034637745;0.0626939;-0.12437492;0.020051515;-0.8716344;0.3855614;-0.3306529;0.062163625;-0.18720587;-0.09540764;0.038661458;-0.21004026;-0.22796923;-0.36530465;-0.27821162;-0.38297167;0.01913099;-0.7872282
-0.15614252;0.74703616;0.178357;0.5244132;0.057019144;0.2462307;-0.40449554;-0.13070095;-0.46123928;0.028601924;-0.06665336;-1.5163561;-0.17479184;-0.1425862;0.06108535;0.05780695;-0.04838521;0.02883002;-0.64527935;0.12976101;-0.33412713;-0.18749094;-0.22082266;-0.06909473;-0.033238906;-0.13285811;0.12129977;-0.19612986;-0.07087219;-0.7438253;0.05349005;-0.7315707
0.08791597;-0.39488113;0.20987624;0.42068082;0.14879367;-0.15222734;0.31213447;-0.033120904;1.0031931;-0.20167337;-0.061647568;0.070340686;-0.015892567;-0.28108227;-0.043980543;0.031407524;-0.08621848;0.04565565;-0.11579664;-1.0680864;0.06603392;0.14484276;-0.30341804;0.03398201;0.03463045;-0.088486105;-0.20168424;-0.318311;0.24032357;0.16619968;-0.2688548;1.343052
-0.21118948;-0.3431563;0.15252233;-0.10992289;-0.0026906785;0.0027437182;-0.5223941;-0.017366031;-0.3605866;-0.11002539;-0.19495276;-0.08014099;-0.04392566;-0.462802;-0.091614135;-0.045252547;-0.14562863;0.032312833;-0.21179318;-1.3318584;-0.19602811;0.095560655;-0.27219015;0.049729034;-0.24429229;-0.098215185;-0.1321469;-0.17989688;-0.74410844;0.28199297;-0.05719625;0.7145198
-0.07925884;-0.36570063;0.34433615;0.35599932;0.033144023;-0.3110193;-0.30654666;0.0747399;-0.31667072;0.009017532;0.037895747;-0.08507159;-0.09740957;-0.49740675;-0.157885;0.036609598;-0.079744734;-0.42076534;-0.6192822;-0.8983579;-0.028377658;-0.16522217;-0.34792817;-0.1751396;-0.12980777;0.06390984;0.0152500775;-0.40587637;0.3480875;-0.1691021;0.02942526;-0.95086026
-0.42535523;-0.29488397;-0.101564206;-0.24540213;-0.0007950384;-0.38935238;0.2496441;-0.042419747;-0.20367044;-0.09086757;-0.29444662;0.104742;0.03051389;-0.36817542;0.5503767;0.056052323;-0.23926425;-0.44685355;-0.8458704;-0.9707154;0.0022653707;0.49904594;-0.26040646;-0.13805784;0.069873855;0.022464171;0.2153984;0.27656358;-0.7735491;0.05310966;-0.5188432;-0.9110327
-0.028224256;0.8878145;-0.20589003;-0.07280945;-0.32295474;0.068068385;0.93576175;-0.021896902;1.3709538;0.02217668;-0.10753744;-1.3247203;-0.14879277;-0.24303907;-0.16559637;0.040580574;0.10899058;0.0219147;-0.42150715;0.42291954;-0.16828059;0.074146874;-0.21057837;-0.13992035;-0.0074706394;0.038383305;-0.23606594;-0.22925541;-0.5192409;-0.45074722;0.41956007;-0.52468216
-0.32195425;-0.20870249;0.18363065;-0.2281369;-0.28701797;-0.2603724;-1.018408;-0.041331396;0.2593122;-0.16485669;-0.1318393;-0.09878032;0.029516947;-0.9661019;0.14968921;0.042386536;-0.1959062;0.027945012;-0.17706713;-1.042332;-0.24357454;0.33753902;-0.55686355;-0.07140198;-0.7087815;0.05519815;-0.56511027;-0.3370826;0.38464078;0.07148543;0.025480863;-0.7910589
0.076833904;-0.4207718;0.20011763;0.34200063;0.062481083;-0.2198539;0.67823595;-0.0670657;0.29817933;-0.13185342;-0.15525047;-0.06598685;-0.01564327;-0.17623453;-0.16547628;0.0073464275;-0.05518896;0.034199554;-0.95947576;0.45225862;-0.013935011;-0.23769327;-0.2503069;-0.018052502;-0.031192705;-0.11106004;-0.30211374;-0.27180937;0.23406225;-0.3196327;-0.46583125;-1.0083295
-0.0034404933;-0.17466654;0.32461458;-0.13314688;0.016027655;-0.45291302;-0.26399818;-0.050678827;-0.40421683;-0.11123321;-0.07678725;-1.2094468;-0.05559525;-0.8359564;-0.6108442;-0.07746386;-0.23819005;0.026970064;-0.6077985;0.5226868;-0.23221593;0.07835744;0.5405639;-0.26233968;-0.7346198;0.030493766;0.04503194;-0.2924496;0.31096965;-0.13053319;0.1490797;0.7314981
0.23349297;-0.24037299;-0.06872477;0.052807104;0.06712814;-0.51248235;0.7549504;-0.017949479;-0.1973467;0.13223568;0.16944769;0.8528751;-0.10681714;0.058668964;0.40729076;0.039967425;0.0020610774;-0.28890747;0.4613522;0.68439335;-0.1143547;0.16137043;-0.3670589;-0.2900233;-0.15320347;0.03437964;-0.046647105;-0.2179017;-0.4412708;0.27313846;-0.034060195;-0.5971896
-0.3426621;-0.20579936;-0.19568399;0.21807446;0.041698433;-0.39169028;-0.27725607;0.0517546;-0.52731854;0.041221745;-0.23903495;-1.5535779;-0.13028382;-0.4928977;0.4532361;0.044678096;-0.18381277;0.029547652;0.08610783;0.6011709;-0.18142311;0.12395854;0.36221713;-0.230993;-0.18095934;-0.09408374;-0.1927244;-0.35060638;-0.5744872;0.32120472;0.030160438;-1.0058844
-0.5196617;-0.27395934;-0.2482864;-0.48631153;-0.45097324;0.38865748;-1.0160729;-0.11443632;-0.32910484;-0.20731707;-0.18939593;-0.09691241;-0.15735762;-0.46059558;-0.15498573;-0.03333224;-0.16410086;-0.20219278;0.018469514;0.63575935;-0.4961764;0.060813032;-0.41082346;-0.14455923;-0.0023422902;-0.12452188;-0.31784424;-0.5240357;0.01627693;-0.35095856;-0.2293743;0.9500114
0.11773676;-0.45494252;-0.18135326;0.48251697;0.06244635;-0.22556815;0.71090406;0.043373123;-0.40006968;0.057043105;-0.44346273;-0.18976405;-0.116248436;-0.06292623;-0.2302903;0.006229003;-0.26941115;0.031549536;-0.02711227;0.76798904;0.0027992483;-0.18101183;0.22771306;-0.3968003;-0.16395356;0.0017254961;-0.19902314;0.061938077;-0.5746519;-0.59362435;-0.53814334;-0.98930407
-0.057579968;0.53544587;0.15046574;-0.07169148;-0.0006014628;-0.23354074;-1.0245311;-0.088231616;1.0269917;-0.10910531;-0.23125336;-1.0919906;0.017786302;-0.46741956;-0.4928709;0.039956097;-0.017017238;0.032250818;-0.54463613;-1.0647452;-0.13018996;0.07740659;-0.38575518;-0.214213;-0.2129499;-0.05637317;-0.13752522;0.033437487;-0.80721086;0.0017664644;0.045225486;-0.75594974
0.06480556;-0.39265952;-0.19284089;-0.13767675;0.09459142;0.43036824;-1.4713544;-0.17520232;-0.32331198;0.048381507;-0.320036;0.7272493;0.051821236;-0.43908092;0.47358268;0.020230928;-0.15622148;0.037669413;-0.85641485;-1.0496297;-0.073504224;-0.22380587;-0.3341018;-0.13395476;0.028398449;-0.16872577;-0.26980594;-0.3709432;0.352421;-0.15173593;-0.255077;-1.001012
0.07713553;-0.2915998;-0.15916608;-0.5662582;0.08094056;-0.31325966;0.13418877;-0.044463173;0.37968886;0.067527846;0.23556605;-1.3381559;-0.16164754;0.21801579;-0.7070182;0.048144855;-0.054702688;0.03259552;-0.8888696;0.34368965;-0.039474227;-0.26094484;-0.4178912;-0.33923593;-0.060292356;-0.2271887;-0.34847134;-0.09006121;-0.102038056;-0.014878809;0.055453226;-0.9263734
-0.2639878;0.70761514;-0.2861533;0.018239737;0.054604944;-0.00925748;-1.170456;0.025326699;0.18615025;-0.03573903;-0.16347899;0.6397155;0.062367897;-1.5942311;0.11007383;0.035186324;-0.06419483;0.025380926;-0.0011975081;-1.2218606;-0.3660825;0.16105461;0.27087075;-0.11863828;-0.109089196;-0.11571853;-0.14621827;-0.45075765;0.37496057;-0.34869796;-0.38560894;-0.9352504
-0.31049487;-0.42918405;-0.119320646;-0.038671594;-0.28692627;-0.04092392;-0.2793772;-0.06778594;-0.27787396;0.0076435516;0.3256057;0.8364637;-0.0566096;0.05101828;-0.12725678;0.032514766;-0.20790625;-0.37233728;-0.7671584;-0.94362146;-0.018612094;0.103923306;-0.35331154;-0.28299218;0.3597399;-0.290697;-0.20039938;-0.63577104;-0.064674065;0.2697642;-0.35917032;-1.0534267
0.30389643;-0.29567352;-0.13149543;-0.5053615;-0.0787458;-0.6655846;0.0298842;-0.030417606;-0.35700154;0.07919235;0.3643865;0.05807051;-0.08378253;1.0530294;-0.13265646;0.020243952;-0.120363615;0.027221557;-1.0333796;0.47322565;0.16316055;-0.23555128;-0.29423052;0.34691724;0.3403272;0.09874585;0.49142212;-0.24861316;-0.35445502;-0.4773768;-0.66782796;-0.96387875
-0.24673969;0.6117758;-0.1604217;0.23029551;0.041374423;-0.71965015;0.14429024;0.008955212;-0.26259804;-0.1420242;-0.1563237;0.13428435;0.03649762;-1.0403087;-0.24959934;0.05971432;0.015861444;0.034229685;0.4541931;-1.0541365;-0.39279965;0.14377156;-0.2778562;-0.3594306;-0.34802046;-0.13758153;-0.88912594;-0.34293988;0.10280008;-0.4338472;-0.5118563;-0.8790219
-0.3930491;-0.28007746;-0.16426758;-0.7393042;-0.47310093;0.30629048;-0.20673586;-0.15243086;-0.30158883;0.11212643;-0.14821942;0.097670645;0.0683212;-0.13512386;-0.23596095;0.066080466;-0.238811;0.033356752;0.5688324;-0.8300061;-0.033667445;-0.15616481;-0.28683448;0.0021904372;-0.6962738;-0.0019530714;0.05624504;0.5827757;-0.7169773;-0.3582006;-0.1806948;-0.66594005
-0.12606035;-0.33540612;-0.039260007;-0.15475757;0.057288352;0.3189402;0.08219911;-0.061772093;-0.31114146;-0.16979969;0.20314954;-0.012619554;-0.102228865;-0.028875047;-0.118050545;-0.05848213;-0.2950238;-0.45475653;-0.6250487;-0.88348275;-0.18029791;-0.23188567;0.6552793;-0.1823984;-0.34596676;-0.030971318;0.014673657;-0.6974709;0.20745832;0.030102285;0.007813485;0.8032689
-0.38681468;-0.3072757;-0.12467792;-0.06460898;0.071004204;0.026173893;0.049482778;-0.11866348;-0.20429364;-0.14685887;0.28558984;0.06022541;0.077102646;-0.05754996;0.3746423;0.02965856;-0.102579825;0.030934813;-0.11848385;-1.1937808;-0.20954573;0.10776676;0.8099518;-0.11357833;-1.0498891;-0.04792346;-0.87338996;-0.35775268;-0.44562227;0.22857347;-0.42211723;-0.8655881
-0.04654468;0.5498586;0.09918197;-0.34455618;0.070931695;0.41362476;0.26621786;-0.016912526;-0.38243976;0.035723116;-0.08526667;-1.2580718;-0.14666225;0.022737034;-0.1573292;0.045277964;-0.25885877;0.03540437;-0.7684204;0.29342076;-0.010463702;0.059469752;-0.29603654;-0.07186931;-0.23385072;-0.023751913;0.10636546;-0.37781996;0.5070218;-0.10851005;-0.05272532;-0.7972375
0.090624094;-0.74347603;-0.07649302;-0.61490244;-0.016793545;0.38830784;-1.0650563;-0.09285078;-0.2240548;-0.16984394;-0.26810834;-0.17568475;0.03628416;-0.6166217;-0.21559082;0.035377108;-0.25595257;0.02236733;0.7633599;-1.0906887;-0.07510485;0.22139823;-0.38518265;-0.06233288;-0.41559845;-0.071721815;-0.6307614;-0.7158984;-0.70611703;-0.52737916;-0.3917752;-0.87825716
-0.5067761;-0.33956185;-0.16054013;-0.3117459;-0.48862064;-0.56075335;0.050230585;0.004687994;0.35339853;-0.12987423;-0.18582809;-0.16662775;0.068799004;-0.9846094;-0.21455365;0.02487612;-0.037844785;0.033734422;-0.20861195;0.5423026;-0.1800547;0.086255655;-0.35129777;0.07171148;0.2148182;0.048649587;0.34861484;-0.19763927;-0.57950866;-0.63601774;-0.46295413;-0.9118113
-0.43223816;-0.31305188;-0.19727954;-0.10972166;0.072732635;-0.465221;0.0512583;-0.061458293;0.2893684;0.049816802;-0.2921961;0.12612583;-0.054409016;-0.34174493;0.012569567;-0.01675292;-0.32380292;-0.50189036;0.09508039;-1.1598239;-0.042628538;-0.28766757;0.1705101;0.09446732;0.25733638;0.06549974;0.15941495;-0.21646437;-0.50407696;-0.5612378;-0.19710049;0.9327978
-0.29256323;-0.15595587;-0.07540337;-0.24423635;-0.4240588;0.26938048;-0.3607052;0.03460505;0.43034798;0.0013253569;-0.07727953;-0.942862;0.047926683;-0.6057196;0.43616104;0.050680198;0.04921843;0.029552756;0.52255374;-0.7439107;-0.16366465;0.0445162;0.26318356;-0.05557066;-0.72188157;-0.12686563;-0.74017304;-0.3175903;0.026733786;-0.032500595;-0.3675318;-0.8573328
-0.2521837;0.84841293;0.0014136701;-0.54428524;-0.48239988;0.2891854;-0.38867545;-0.002613627;-0.3784529;0.01348353;0.27896872;0.007248819;-0.04604783;-0.013656415;0.47627538;0.05477824;-0.18210253;0.039273728;-0.7369547;-0.8222812;0.07186982;-0.107479244;-0.37639302;-0.12490729;-0.12313559;-0.2200615;-0.21864817;-0.71314377;-0.2148601;0.3302337;-0.028837344;-0.85111004
0.10347987;-0.32744566;-0.099526234;0.47722986;0.0643936;-0.192009;-0.16402605;-0.08461891;-0.3456156;-0.040304005;-0.24414095;-1.0298164;-0.090277486;-0.13671637;-0.18349971;0.007914566;0.007781383;-0.3576815;0.8313148;-0.81671846;0.044037655;-0.7604465;-0.2762005;0.034192204;0.019456282;-0.11280084;-0.37407458;-0.10083375;0.1336125;-0.18428338;-0.436623;-1.0925059
0.011957919;-0.6437648;-0.16254467;-0.093134396;0.059385404;-0.19086218;-1.070669;-0.009213775;-0.284581;-0.017984487;-0.26988915;0.15311217;0.09397241;0.70174545;0.48460537;0.024112362;-0.15915866;0.036593623;-0.61781126;-1.1942862;0.042816646;0.2488057;0.741255;-0.09154278;0.016754149;-0.17266747;-0.3079124;-0.40986675;0.3556733;-0.21905342;0.18737882;-0.93936855
-0.010149864;-0.26619643;-0.16248679;0.578823;0.054330774;-0.17980875;-0.29462963;0.010223832;-0.4070101;-0.03495282;-0.48100066;-1.114673;-0.055020127;-0.12563556;-0.26698992;0.045375913;0.13677838;0.032816466;-0.17945434;-1.102082;-0.026654735;0.06808736;0.63197565;-0.4397219;0.02987044;-0.003244544;-0.32768336;-0.11819028;-0.56474614;-0.28612983;0.1840915;-0.99043804
0.06655922;-0.3387734;-0.2574715;0.36850291;0.07704655;-0.16112348;-0.40065837;0.012930119;-1.4441534;-0.04740203;-0.17927769;-1.4256285;0.0128664505;-0.42733264;-0.106182575;-0.057582594;-0.05389024;0.03122273;-0.017141713;-1.0619338;-0.23255618;0.111710235;0.50080687;-0.2292492;-0.04606339;-0.24338415;-0.10164966;-0.267195;-0.13512744;-0.3066988;0.00462828;0.54436535
0.049610794;-0.75593764;-0.16821207;-0.46261376;0.078852884;-0.3115818;-0.29694048;0.012952806;0.31175253;0.07330396;-0.53007245;-0.08329193;-0.002872577;0.041662592;-0.17491172;-0.02155409;0.050648365;0.03260223;-0.7286909;-1.1220874;0.15664852;0.03274944;0.31292477;0.19805036;0.21515411;0.042203117;0.12442954;-0.17088512;-0.69238967;-0.5813607;-0.11315029;0.69685644
-0.3980434;-0.40190017;-0.22962967;0.20748991;0.0753306;-0.098609366;-0.31441537;-0.010633722;-0.41037825;-0.15032786;-0.11245082;0.09608061;-0.16151501;-0.92924726;-0.11780095;-0.0019378796;0.092719965;0.019753698;-0.031749457;0.4566831;-0.5325152;-1.0414429;-0.26512823;-0.21039255;-0.04673473;-0.008130186;-0.097881846;-0.31779572;0.29645044;-0.5979204;-0.5607563;-1.0771035
-0.13943575;-0.45437258;-0.12958524;0.24841492;0.07810513;-0.28850853;0.63454896;-0.108623974;-0.34286577;-0.014669284;-0.26857266;-0.12831418;0.012422796;0.017866628;0.16427474;0.009000595;-0.06652959;0.03427107;0.42192745;-1.2691338;-0.06790087;0.1482699;-0.19820206;-0.039537124;-0.77822065;-0.31487823;-0.4485571;0.28542227;-0.14651567;0.34532216;-0.560963;-0.8481404
-0.17865641;-0.3401249;0.005327395;-0.36224002;0.10478063;-0.06051908;0.25805676;-0.070643835;-0.26495048;0.034623425;-0.14657407;-1.1767371;0.016197328;0.23909861;-0.14890906;0.06335879;-0.072586045;0.043365765;-0.21044946;-0.72826505;-0.08376644;0.08204452;-0.26713258;0.06486867;-0.79200536;-0.036438473;-0.06470772;-0.3632722;0.35880324;-0.028716136;0.05550898;-0.66924095
-0.5625455;-0.30902252;0.16279265;-0.8574258;-0.47619852;-0.02500807;0.54374117;-0.01197725;0.21079582;-0.19273464;-0.14690599;-1.5291345;-0.19834864;-0.29062456;0.16134664;0.03543565;-0.18757951;-0.2651235;-0.16811647;0.3599758;-0.18683057;0.075163916;-0.40142184;-0.13094296;-0.07178077;0.02613724;0.01402534;-0.31152216;-0.6044603;0.08979346;-0.3335078;-0.96271217
0.12019956;-0.43008262;-0.11248011;-0.20260525;-0.4689888;-0.215711;-0.24021699;-0.044983625;-0.3746459;0.13031165;-0.30308765;-0.26304117;-0.06983725;-0.24170789;-0.11622353;0.012119601;-0.40902275;-0.35820353;0.6707435;0.756689;-0.03302609;0.08899973;-0.28474507;-0.31364238;-0.11344422;-0.26983035;-0.043589428;-0.3037123;-0.11723198;0.25764027;-0.44705343;-1.0058699
-0.06657833;-0.4362838;-0.18097518;0.35874924;0.087385595;0.4354574;-0.36509225;-0.028426094;-0.3796616;0.03743683;-0.44058347;0.14821026;-0.04645475;-0.339504;-0.5613479;-0.015190202;0.018714143;0.04265289;-0.8856132;-0.9816833;0.03180565;-0.2848737;0.284994;-0.27621514;0.06365476;-0.2423115;0.12667632;-0.23905861;-0.20903865;0.17262903;-0.06522564;0.94806945
0.3216771;0.73003805;0.031384826;-0.7600533;0.024271073;0.33924896;-0.12760232;0.056349784;0.81541175;0.078435875;0.16597195;0.5301968;0.010067653;0.15506898;-0.34528792;0.023633411;-0.12659475;-0.3069824;0.32176837;0.59481037;0.15145549;-0.89936876;-0.28100964;0.23965183;0.28244376;0.058466986;0.4087336;-0.017592166;-0.2621779;-0.33527905;-0.1728414;-0.82248396
-0.4824792;0.5600193;-0.14882791;-0.49567184;0.025179945;-0.55050516;-1.0387015;0.0022606617;-0.35097206;0.03164455;0.033138726;0.11089139;-0.23222227;0.60182834;0.14136799;0.009209311;-0.101611845;0.022122296;-0.13890219;0.48540825;-0.17743537;-0.18268578;0.47018012;-0.19867988;-0.2976926;0.011889001;-0.23100317;-0.48580804;0.28769025;0.14099927;-0.15106256;-0.7959458
0.06221639;-0.63592184;-0.12561096;-0.101531014;-0.024329178;-0.63217074;-0.31614634;-0.057190977;-0.35199308;-0.14493965;0.11195186;0.7396475;0.035445545;-0.43458715;-0.21219894;0.05796001;-0.068340965;0.022219196;-0.19012801;-1.4105741;-0.058027163;-0.14917593;-0.42010355;-0.22674258;-0.84793437;-0.04517715;-0.67294204;-0.5849664;0.08720261;-0.44109488;-0.4887418;-0.6860277
-0.34539762;-0.40626958;0.19347279;-0.20368008;0.100399084;-0.13568398;-0.33362955;-0.04623189;-0.35588446;-0.22383107;-0.16084751;0.47637048;-0.0055044154;-0.7027456;0.14133462;-0.050795384;-0.021785716;0.037122;0.4950213;-1.1892188;-0.07844129;-0.23065077;-0.32843357;-0.21445346;-0.10897923;0.026699757;-0.14721346;-0.22552659;-0.7079354;0.107871465;-0.22227092;1.0229125
-0.059777547;-0.37694898;-0.26912177;-0.19541821;0.14393842;-0.08869882;-0.37897995;-0.16960417;-0.41607335;0.19358622;-0.2639372;0.7685563;0.055029005;-0.5299774;0.025396803;-0.049204063;-0.08680159;0.032489818;-0.14355369;-1.1145729;-0.27456635;-0.2856455;-0.18041977;-0.093604505;0.103403434;-0.12279599;-0.23239164;-0.26584932;-0.15119821;-0.5951274;-0.28936026;1.0021598
-0.019089345;-0.37394458;-0.10175218;-0.4782432;0.09271048;-0.27613375;-0.30963743;-0.08041179;-0.5127187;0.07440592;-0.34046686;-1.6354828;-0.1026593;-0.047066506;-0.6080233;0.0031872299;-0.14983487;0.027769241;0.76571405;0.55552757;0.074275255;0.11612144;-0.39207515;-0.22576042;0.271214;0.017687809;-0.3655634;-0.013865038;-0.3925616;0.22274606;-0.43267548;-1.0810169
0.25680748;-0.22782987;-0.16417533;-0.6238407;0.07114277;-0.1057583;0.09526834;-0.044390008;0.3288876;0.06709083;0.45604226;-1.2042103;0.03039925;0.9107642;-0.1678005;0.031616326;-0.25105068;-0.3335191;-0.06962007;0.6856097;0.089279495;-0.06653426;0.43650264;0.22074006;0.26661393;-0.20646805;0.50934935;-0.042987812;-0.034996033;-0.25757983;0.12929551;-0.8084398
-0.14886141;-0.20767982;0.051823106;-0.811356;0.09830865;0.3637173;0.14303857;0.008028474;-0.27492538;0.01704341;-0.14618257;0.40691492;-0.02573584;0.18943934;-0.2017727;0.06519712;-0.21209669;-0.4535454;-0.19277641;-1.0346968;-0.3053372;0.122019514;-0.19167131;-0.0038514817;-0.72178745;-0.021060146;0.076310605;-0.22214974;0.22231624;-0.19370188;-0.41617593;-0.65311086
-0.5707016;-0.2649552;-0.16784157;-0.02247881;0.07718979;-0.30276644;-0.263662;-0.019204276;-0.4893794;0.07625344;0.26286292;-1.5167898;-0.065407895;0.14756449;-0.21607624;0.031971384;-0.10836463;0.02466496;-0.1775801;0.51831543;0.13352045;-0.15543364;-0.52167773;-0.08268833;-0.0044607436;-0.15559551;0.12444936;-0.19778255;0.08721877;-0.23400418;-0.1810492;-0.90538824
0.08340679;-0.19755985;-0.18332435;0.45492202;0.01877902;-0.20491534;-0.35564137;-0.12049532;-0.30510062;0.11605959;-0.2980926;-1.3227398;-0.060489353;-0.62551254;0.2993093;-0.036896765;-0.16260445;-0.33100507;-0.2327349;-0.98353213;-0.0024288292;0.41203636;-0.279564;-0.16252904;0.046290103;-0.040864695;-0.20468669;-0.27909166;-0.7018443;0.18012328;-0.39864472;1.0468322
-0.21334565;-0.37201127;-0.23091567;0.40449893;0.09349488;-0.2061888;-1.1194867;0.009535091;-0.37197632;0.03336887;-0.3188265;0.105594225;-0.17719868;0.23122019;-0.12976664;-0.007866297;0.08357046;0.020699935;-1.0554948;0.498548;-0.034227595;-0.2636621;-0.37595057;-0.17297493;0.02829049;-0.31302673;-0.393953;-0.020772083;-0.21135925;-0.22374184;-0.03504427;-0.96766955
-0.20965305;-0.27989942;0.18419783;0.6668092;0.077648744;0.47141647;0.10498211;-0.040295564;-0.27038833;0.10747143;0.27112266;0.14802085;-0.05392327;-0.25269884;-0.13762382;-0.0075339903;0.092809215;-0.25597396;-0.7979694;0.6669677;0.09932193;-0.9338729;0.32269245;-0.07352274;-0.02793898;0.09293018;-0.16488093;-0.0016599037;-0.29712763;-0.28911322;-0.21672735;1.364544
-0.29800084;-0.2683575;-0.13555135;-0.6766077;0.04384309;-0.27040243;-0.28119707;0.018625472;0.35022327;0.036020007;0.3391912;-0.032336805;-0.04588113;-0.40803277;-0.2057887;0.037976015;0.06747187;0.035573605;-0.68953747;-0.8365677;0.18633029;0.07482521;0.32011187;-0.116407864;0.030649772;0.06929987;-0.22221208;-0.31162345;-0.8630103;0.10213733;0.13170955;-0.9780867
-0.1736212;-0.36984104;-0.19399956;0.40563983;0.032484327;-0.2746181;-1.0815268;-0.066207275;-1.3266735;-0.14735626;-0.22300737;0.6344071;0.025048891;-0.43579113;-0.18569082;0.044322696;-0.1285116;0.0343135;-0.2138774;-1.3859748;0.028002027;-0.18644139;-0.30861622;-0.16141766;0.00889821;-0.3145943;-0.34383562;-0.730094;0.09097046;0.26502705;-0.5477426;-0.7905826
-0.22425623;-0.32141513;-0.18339755;0.5075015;0.01991574;-0.30757806;-1.088368;-0.030172959;-0.2823067;-0.012294544;-0.34537622;0.028755669;-0.006948409;-0.17311713;-0.22781482;0.024515465;-0.19875716;0.03252104;-0.6508494;-0.90093005;-0.017562462;-0.8492248;-0.3401293;-0.2875431;-0.24826539;-0.3539319;0.0031309184;-0.30271795;-0.27442828;-0.41657403;0.15301171;-0.9422898
-0.27752337;-0.17077728;-0.12945074;-0.24412814;0.07222094;-0.5160503;-0.9667959;-0.036108494;-0.2558124;-0.045791514;-0.18299206;-0.16828544;0.080652855;-1.1279798;-0.14883794;0.061375026;-0.26205403;0.029042965;-0.11170205;-0.95389134;-0.45454308;0.12429078;-0.3349202;-0.087938145;-0.3578265;0.0030929635;-0.5766092;-0.39626738;0.3337786;0.08300236;0.09654607;-0.7044714
0.16251206;-0.22864947;-0.16481124;0.32876736;-0.25577837;-0.39568812;-0.29176337;0.042014856;-1.1054196;-0.065609656;-0.16196033;0.0005166889;-0.2606082;-1.1043602;0.23155724;0.05577423;0.014436361;0.018035293;-0.4958259;0.5258733;-0.2979841;-0.35388902;-0.29162207;-0.13294539;-0.4079791;-0.16666311;-0.66656;-0.41241392;-0.12280898;0.21794622;0.14121303;-0.8076133
-0.32450658;0.36235204;-0.2174725;-0.66234165;-0.0041406536;-0.19598186;-1.043458;-0.07006506;0.32511857;-0.0774033;-0.2861943;-0.12998363;0.0048970766;0.038973153;-0.18638064;0.04852208;-0.100403234;0.028267609;-0.121749565;0.55209404;-0.090597466;0.061935876;0.48667055;-0.021145178;-0.7053792;-0.3037576;-0.58007413;-0.34141797;-0.4657048;-0.4537244;-0.17412221;-0.68427193
-0.29783776;-0.24845134;-0.20021766;-0.36599165;0.035649136;-0.6164423;-0.91878;-0.099799775;-0.37800804;-0.09466471;-0.13738702;0.07121574;-0.26142552;-1.2190884;-0.15185007;0.03885399;-0.1009777;0.019571453;-0.25366476;0.3878684;-0.48972657;-0.73789066;-0.3242778;-0.2432121;-0.12916206;-0.23390079;0.4271395;-0.21274497;-0.028183376;-0.24220805;0.053761907;-0.7770255
-0.11058533;-0.1762499;-0.16143641;-0.4249302;-0.24354978;-0.051124893;-0.22579086;-0.035484757;0.26586235;-0.048166025;-0.1743925;-0.22311082;0.03918231;-0.6843923;-0.36419934;0.0390626;-0.23013224;0.027667103;0.39606997;-0.8700908;-0.28720945;-0.7828087;-0.22431457;0.035941157;-0.70564294;0.0063341456;-0.61483395;-0.2642535;0.18976444;0.27233893;-0.58013964;-0.8562428
-0.10177353;-0.28635406;-0.20056127;-0.012003921;0.018532746;-0.30692756;-0.9442059;0.0010158885;-0.38407552;0.0373839;-0.44167745;0.0786815;-0.13897067;0.018713905;-0.17897706;0.013138155;0.1151858;0.02181897;-1.1152761;0.59828484;0.07552916;0.05967841;0.53613406;-0.300285;-0.3001588;-0.08011238;-0.26593372;-0.22253709;-0.7091963;-0.38704267;0.079745755;-0.97965795
-0.1590819;-0.42665797;-0.2138739;0.38022527;0.11715212;-0.16937576;0.18138869;0.013816895;0.43051457;-0.116820276;-0.27860126;0.01858983;-0.04521042;-0.6274814;-0.065032445;0.07201228;-0.047037754;0.034340043;0.55600446;0.6738155;0.051257834;0.33387598;-0.20759806;0.052930146;0.3305806;-0.010433457;0.17484352;-0.11056823;-0.42236125;-0.42972314;-0.09163271;1.4963474
-0.28617907;-0.65302455;-0.25029385;-0.19756082;0.047022805;-0.25610676;-0.878323;0.0022814116;-1.2194626;-0.012627162;-0.24805431;-1.1292595;0.108160496;0.6954963;0.13323568;0.029490372;-0.14051701;0.033676796;-0.5137884;-0.9153024;0.01965297;-0.12586658;-0.44750184;-0.28255874;-0.21124125;-0.17119722;-0.30146635;-0.512159;0.04341372;0.24459007;0.27117166;-0.8556333
-0.21216203;-0.641886;-0.14450847;-0.39517608;0.019352812;-0.5461494;0.80356836;-0.019690458;0.14722127;-0.0058079846;-0.1790887;-0.842319;0.012208272;-0.99617594;0.41254944;0.072443485;-0.44989273;-0.43634254;-0.27546257;-0.7845504;-0.22041869;0.3221709;-0.26765096;-0.056951772;-0.2760835;-0.03093462;-0.19208533;-0.20926443;0.28933063;-0.016843814;0.28289577;-0.5561527
-0.36308485;-0.43576685;-0.25811273;0.34797716;0.039436374;-0.14040755;0.10999345;-0.005593052;-1.6027209;0.044970315;-0.3034588;0.48599774;-0.0826215;-0.38515124;-0.21104966;-0.034280106;0.03203298;0.029704493;0.4090342;-1.2524145;0.036757868;-0.29810154;0.12548128;-0.1684357;-0.4480796;-0.32361004;0.00044320337;-0.2538963;-0.38664773;-0.49756747;-0.56458205;0.9707576
-0.3220554;0.8116794;-0.09986616;-0.57296497;0.054499764;-0.78628427;0.16304287;-0.08951768;-0.37033692;-0.10708511;0.023537984;0.10970579;-0.22107379;-0.30999404;0.36493674;0.06375288;-0.12945415;0.02922683;-1.0912412;0.2933233;-0.21258165;-1.0944685;-0.2574406;-0.29009694;0.017201357;-0.19285387;-0.1839019;-0.6885977;-0.13441075;0.19558343;-0.6737124;-0.8848044
-0.4723575;-0.8977011;-0.19824807;0.33976462;-0.0029808898;-0.5650342;-0.45892623;-0.06538419;-0.39130163;-0.14086989;-0.259754;-0.30792004;-0.0035149227;-0.64004666;-0.1357115;0.06262627;0.091714025;0.03595319;-0.10591862;-1.1580817;-0.13050981;-0.86111635;-0.29173023;-0.36459363;-0.052617684;0.04928392;-0.2902577;0.09193891;-0.73041326;-0.2941881;-0.4902979;-0.93359977
-0.6207261;-0.41955358;-0.2033834;-0.41549203;-0.28012732;-0.18805026;-1.1696142;0.073734395;-0.25613278;-0.16921192;-0.3123973;-0.08397;0.026555946;-0.86599153;0.30139118;0.05536684;-0.14601015;0.026548153;-0.010389365;0.49701485;-0.22131619;-0.14099877;-0.369374;0.08984394;0.2800294;0.069741085;0.331848;-0.30788445;-0.5151584;-0.49770787;-0.012384926;-0.93355954
-0.480692;-0.19361599;-0.18431665;0.16058868;0.03460505;0.5099356;-1.1032578;-0.06568052;-0.2822154;-0.15765929;-0.23111412;-1.1199903;0.00026414217;-0.9191387;-0.070713446;0.04660459;-0.08685377;0.035742465;0.6234384;-0.85311764;-0.10471359;-0.124091715;0.5678209;-0.25748512;-0.22419138;-0.37733087;-0.16206671;-0.5362392;-0.3457013;0.07833081;0.031908654;-0.8601083
-0.015565215;0.7167727;-0.15685715;-0.8761464;0.028185384;0.30712184;-0.304512;-0.04490059;0.2920932;-0.11862144;-0.2714431;0.5967916;-0.084426425;-0.27168557;0.3612789;0.03771095;-0.40527827;0.042547148;-0.16826679;-1.0869936;0.07115658;0.19584002;-0.2623302;-0.076423466;-0.009776683;-0.100742;0.27439532;-0.8554478;0.25467366;-0.1654406;-0.35123;-0.84555715
-0.21715182;-0.7847333;-0.20331055;0.28570858;-0.3192269;-0.014239853;-1.0677902;-0.022005778;-0.29365045;-0.18064538;-0.18587486;-0.99497044;-0.009941211;-0.72951555;-0.15842089;-0.005071407;-0.07508582;0.02863385;0.48240924;-1.0604829;0.024153015;0.3420979;-0.2919304;-0.16698533;-0.14690746;-0.33714777;-0.037652124;-0.18207915;-0.43154573;-0.16049066;-0.012823569;0.81283695
-0.34802783;0.61098367;-0.23421855;-0.034166966;-0.33518296;-0.36324453;-0.9777458;0.036176454;-0.3302058;0.0716881;-0.3334409;0.04633012;0.050962653;-0.5718463;-0.13548364;-0.028765995;-0.064664975;0.03556478;-0.6730384;-0.97414446;0.1404508;-0.1643902;-0.47802985;-0.17704374;-0.02523761;-0.10467087;0.1917253;-0.33698767;0.36376488;-0.50194323;0.21158001;1.025888
-0.43092945;-0.24368608;-0.2301576;0.28141844;0.083935484;-0.29650846;-0.3642915;0.016319001;-0.35483915;-0.21282926;0.07733913;-1.1904911;-0.071435824;0.020805128;0.26633605;-0.072727524;0.027821166;0.033374462;-0.16043371;-0.8360209;-0.21007745;0.10762896;-0.43590966;-0.23704891;-0.04677632;0.0014819985;-0.056107737;-0.7904341;0.28672415;-0.083093785;-0.0025452608;0.93362904
-0.469302;-0.29479486;-0.24111855;0.39385417;0.093068615;-0.61239225;0.16212866;0.027248483;-0.28112322;-0.1763386;-0.084087655;0.71622753;-0.03336105;-0.79381305;0.42004654;-0.035120033;-0.21961984;0.028226135;0.11261941;0.6098869;-0.3315693;0.15987328;-0.20148073;0.09380612;0.30785367;0.048210483;0.33809346;-0.08561743;-0.37592763;-0.38303378;-0.2172873;1.0890591
0.02955083;-0.16354387;0.15820913;0.6159637;0.100506194;0.51020133;0.29736793;0.11345741;-0.18705642;0.16859981;-0.17511527;-0.78719264;0.070885114;0.30481562;-0.14924625;0.072785854;0.06728772;-0.46797132;-0.54916835;-0.22204319;-0.042328633;-0.08789616;0.39086944;0.041377656;-0.033379328;-0.17908452;-0.30735248;0.3656195;-0.11664527;0.013928922;0.15349144;-0.44713286
0.033098977;-0.42311496;-0.17401692;-0.268014;0.099651255;-0.1676625;-0.67733294;-0.036173686;-1.5087597;0.058328174;-0.36486483;0.152372;0.04507011;0.18828893;-0.19571827;0.038082384;0.06547002;0.025258288;0.63098544;-1.2684616;-0.02473045;0.11216201;0.20772192;-0.16585116;0.013016416;-0.15462938;-0.3214763;0.045516774;0.26895365;-0.53498536;-0.3051812;1.1783267
-0.47274667;0.6351532;-0.10098218;0.4825714;0.08240981;-0.59361833;0.040341306;0.02779108;-0.4191468;0.011437406;0.012449285;-1.5505579;-0.08892814;0.08813508;-0.1394166;0.030296303;-0.21978016;0.024366837;0.59533834;0.46636155;0.006502457;0.1511103;-0.34939915;-0.22829251;0.26744652;-0.26608932;-0.2171995;-0.45347938;-0.2586822;-0.39292818;-0.4026318;-1.0752246
-0.4154185;-0.52994627;-0.24703267;-0.15631543;-0.27018756;-0.24307072;-1.1269071;0.056098826;0.18640211;-0.15622061;-0.038443964;-1.1699219;-0.0070213745;-0.41176572;0.42529047;0.062552236;-0.09211925;0.040418264;-0.47914204;-0.709912;0.11712527;-0.671099;0.714692;-0.10649799;-0.044254858;0.058955275;-0.2721113;0.40777484;-0.6417987;0.037636027;-0.08908351;-0.685354
-0.35695258;-0.27452058;-0.22110382;-0.5658365;-0.35339242;-0.39636955;-1.0654768;0.03088356;-0.24449189;-0.023253968;-0.03103908;0.6305348;0.014848636;-0.26850852;0.5475113;0.05155076;0.013307689;0.029727709;-0.22130765;-0.9404026;-0.23797323;-0.1525999;-0.319134;-0.14526707;0.020933915;0.027878772;-0.38301432;-0.16874783;-0.6312524;-0.48479894;-0.2620364;-0.7484358
0.0077377055;-0.10070633;0.22113566;-0.27617168;-0.17033824;-0.25106433;-0.64795125;0.05363257;1.2136203;0.00092454324;-0.054335393;-1.0666419;0.08519518;0.39897862;-0.15474546;0.0659131;0.11775849;0.033018876;-0.074344866;0.5908026;-0.14060396;0.0997727;0.51475906;-0.0052760933;-0.20090559;0.10487532;-0.111560516;-0.07089804;0.5568969;-0.033782326;0.47475758;-0.57264155
-0.01111271;-0.59109974;-0.15314358;-0.81499416;0.0026903166;-0.044293247;-0.25176868;-0.046887152;0.2974708;-0.078413896;-0.16656262;-0.20195316;-0.17623125;-0.2517735;-0.16516066;0.040349964;-0.32584628;-0.32200858;-0.14705539;0.68518645;-0.0647767;0.096082754;-0.39639193;-0.1400676;-0.29118618;-0.030208297;-0.30254698;-0.336564;0.23720059;0.08784656;-0.02731923;-0.7572633
-0.13322091;0.53731817;0.15726027;0.50213087;0.060699698;-0.087486245;-1.3242671;-0.015683513;-0.3844025;-0.09125692;-0.16871071;-0.06659224;-0.18004335;0.07101661;-0.14150488;0.014371017;-0.29843444;0.023884673;-0.60584056;0.5205709;0.0712666;0.037836228;-0.3030562;-0.21854408;-0.21120164;-0.16977909;-0.08182895;-0.33896747;-0.8207479;-0.26189977;-0.13275023;-0.888848
-0.043120846;-0.3269697;-0.16949818;-0.18678592;-0.27334958;-0.1122799;0.15912011;-0.009488846;0.31997043;-0.0025737446;-0.19638626;0.06968131;0.049573734;-0.62114;0.43104574;0.053284697;0.08283433;0.04679174;-0.44957232;-0.6733789;-0.18913898;-0.83553636;0.42407426;0.05174253;-0.87085754;-0.034160994;-0.011821262;-0.24455994;0.2763053;0.08499633;-0.4173661;-0.7828273
0.22710283;-0.27770492;-0.102384396;-0.24578618;0.11773844;0.50794286;-0.83898133;-0.15382823;-0.25040516;0.17007962;-0.18695344;0.68506646;-0.17462856;0.14771411;0.44508934;0.051441982;-0.06242813;0.02194001;-0.062486555;0.7066203;0.13048966;-0.996882;-0.24468523;-0.22916047;0.054945327;0.08217521;-0.05178652;-0.055926446;-0.444581;0.27130675;-0.11270988;1.367205
-0.4582659;-0.2608282;0.3494759;-0.2742458;0.11563736;-0.13048723;-0.91668874;-0.11995725;-0.34519878;-0.12108217;-0.22338569;-1.6748455;-0.13325301;-1.309171;-0.16726218;-0.022670792;-0.03863097;0.017184902;-0.19179314;0.5997055;-0.48366806;-0.16302167;-0.32770607;0.1144882;0.17217216;-0.025108136;0.20890085;-0.3976112;-0.64936376;-0.6106137;-0.33232757;0.97847164
0.21453296;0.75891024;0.11916613;0.43260327;-0.37423748;0.33531642;-0.1743801;-0.10331477;0.35868567;-0.11359588;-0.120769545;0.7898189;-0.16222157;-0.5845033;0.3437858;0.03904466;0.15035765;0.030116305;-0.025942935;0.6783491;-0.03959789;-0.9428094;0.3365892;-0.18019487;-0.05334921;0.08646422;0.25141087;-0.0022099407;-0.5650523;0.31716365;-0.1770253;-0.8063326
0.1763946;-0.27640423;-0.102564976;-0.56323725;0.0882902;0.5092954;-0.15740368;-0.05442848;-0.3830014;0.06868076;-0.27845538;0.024277415;-0.090819925;0.8453364;-0.5993369;0.041730583;-0.048832063;0.028729115;-0.9199709;0.66647905;0.16545784;0.5400248;0.5071497;-0.14866903;0.07445945;-0.2076279;0.13109985;-0.28900108;-0.09966754;0.30754116;0.20058438;-0.8290208
-0.26463848;-0.66018885;0.2528473;-0.3443236;0.013391454;-0.328472;-0.9761484;-0.17084122;0.24442455;-0.0007084713;-0.07517028;-1.0121244;-0.2762141;-0.31332615;0.43367523;0.04460312;-0.10117257;0.0259419;-0.5074689;0.26205754;-0.41340965;0.014668576;-0.4767599;-0.18404396;-0.066162094;0.012695387;-0.23666807;-0.30065238;0.44524986;-0.0116757015;0.2622801;-0.75401556
-0.027106177;-0.32783908;0.13545889;-0.31923655;0.0964309;0.29567662;-1.2507012;-0.15532978;-0.3129629;-0.13810945;-0.23737684;0.6438899;0.04416881;-0.9825921;-0.15356328;0.041062944;-0.14545134;0.024667501;-0.6403105;-0.8694259;-0.20344429;-0.08345386;-0.23754041;-0.22924933;0.0064953757;0.029164158;-0.057474703;-0.30196416;-0.6806111;-0.25865918;0.084598325;-0.9365041
-0.41958764;-0.2763885;-0.19761659;-0.18755709;0.08903674;-0.15232259;-1.1094146;0.006405026;-0.20357235;-0.13107096;0.16871266;0.14050764;-0.18374069;-0.84961915;0.41674232;0.022821989;0.11282055;0.030917468;-0.81217587;0.45894775;-0.24763475;-0.24439391;-0.5098337;-0.049081422;-0.59602785;-0.021269351;-0.049331453;-0.28198835;0.35354722;0.20902826;-0.18000877;-0.843566
-0.094546854;-0.33902872;-0.15327498;-0.33602843;-0.32949433;-0.3416502;-0.30629995;-0.08569605;0.32778668;0.05255922;-0.36688226;0.08806288;-0.005735959;0.11023517;0.47492027;0.061799068;-0.33198205;-0.3734228;-1.3349836;0.5844583;-0.00971228;-0.26698387;-0.39187732;-0.18797287;0.024392806;-0.2767828;0.1538419;-0.03438451;-0.13307475;0.074205436;-0.17128459;-0.81149757
-0.55471796;0.4289467;-0.19719738;0.3128882;0.10558091;-0.71577716;0.30319643;-0.0069158683;-0.25480753;-0.0048143915;-0.2906567;-0.896215;-0.017264584;-0.70355624;-0.19100831;-0.061916027;-0.23500818;0.036194824;-0.20940797;-0.9123235;-0.06914299;0.30842236;-0.22358705;-0.18984047;-0.48243707;-0.07075817;0.030845048;-0.43597686;-0.77667326;-0.3208234;0.022485392;0.8508337
-0.34167054;-0.38074785;0.16364476;-0.2752946;0.06926548;0.02203842;0.7189654;-0.02491166;-0.45005634;0.020772453;-0.12913634;-0.106872104;-0.02531583;0.05024813;-0.62486696;0.05302088;-0.0091970535;0.03715948;-0.120932475;-1.0600756;-0.16991402;-1.0386999;0.20269267;-0.07066448;-0.85646975;0.013004454;-0.8297261;-0.13699372;0.27178708;0.045250867;-0.4390405;-0.81959355
-0.0075114644;-0.45910746;-0.12269037;-0.6182923;-0.27241826;-0.27123997;-0.31134346;-0.018761681;1.1056802;-0.1004594;-0.14452621;-0.025837809;0.051091723;-0.3994125;-0.5208593;0.038492892;0.055742152;0.03152639;-0.6795372;-1.1071424;0.13216667;0.07867419;-0.3618132;-0.30485037;-0.15378365;-0.15860294;-0.0745201;-0.74098825;-0.040061455;0.1267781;0.08659878;-0.7404015
-0.08928224;-0.39437905;-0.12722775;-0.25371864;0.06789516;-0.21865359;-0.18476088;-0.030642584;0.2943307;-0.021853268;-0.33485353;-1.134529;-0.02764064;0.27541068;-0.07339415;0.013572862;-0.07226306;0.03738209;0.6645744;-0.71152353;-0.03985512;-0.6484213;-0.24221966;0.11815382;0.3443923;0.08356892;0.39520228;-0.5285423;-0.4770897;-0.20818882;-0.3538802;-1.035822
-0.4788379;0.63683265;-0.05542295;-0.21276724;-0.5684648;0.2853741;0.76817554;-0.07014521;-0.27230576;0.05142292;0.22819951;-1.3517543;0.0542099;-0.2492094;0.12405002;0.038289938;0.0037053777;0.04021406;-0.11567499;-0.8890079;-0.13524435;0.11103918;-0.27077976;-0.081257686;-0.43690974;-0.029461935;-0.4110729;-0.06554033;0.26638633;0.18148519;-0.5185822;-0.9741227
-0.05949358;0.5481556;0.19224776;-0.7526032;0.019670736;-0.43114117;0.13820016;0.023086347;-0.27977288;0.080768436;-0.13519298;-0.7169092;-0.0054534017;-0.011818856;-0.20909551;0.08138067;-0.2086724;0.047904402;-0.5282489;-0.30214497;-0.10972427;-0.7741427;-0.315414;-0.28047037;-0.6387352;-0.029689241;0.032413505;0.10670341;0.3238684;-0.21641196;0.1293886;-0.466602
-0.42121544;0.6199861;-0.0016296387;-0.8038177;0.09949989;0.36863625;-0.30296946;-0.028321106;-0.31546807;-0.014337172;-0.11212009;-0.1956586;-0.19355826;-0.13475099;-0.18903643;0.029708711;-0.33411852;0.027628632;0.6032729;0.4751337;-0.14244695;-0.15133356;-0.38555533;-0.1241646;-0.25734514;-0.06868361;-0.4347133;-0.2822483;-0.6740348;-0.3157888;-0.47014555;-0.9159224
0.13110498;-0.17774811;-0.19622116;0.66774017;-0.0026874968;-0.24194175;-0.0747491;0.045547053;0.4265998;0.09438062;-0.39189216;-1.020243;-0.08736084;0.5358059;-0.14637022;-0.017230269;-0.1114209;0.02228215;-0.17013037;0.6336051;0.1021618;-0.1416189;0.3952198;-0.11433514;-0.12144086;0.04219498;0.0351906;0.20124377;-0.57293135;-0.3243071;0.019285684;0.79703397
-0.35477644;-0.26981324;-0.17679809;-0.3457135;0.057670612;-0.18826243;-0.2977688;-0.056740705;0.48166266;0.08719452;0.23407693;-1.5867361;-0.088310584;-0.39011556;0.57645535;0.04301929;0.17916295;0.027725086;0.055196792;0.46871704;-0.01018351;-0.13607587;0.3207802;-0.02762835;-0.030309964;-0.16517603;-0.35944626;-0.34788272;-0.22460878;-0.3610256;0.07223698;-0.9465576
-0.26551047;-0.1190547;-0.16602893;-0.23196974;0.03431817;0.4129547;-0.302775;0.018062036;-0.4216131;0.008196284;-0.19339018;-0.88702786;0.022274392;-0.21923493;-0.16002306;0.059898075;0.07465996;0.025522217;-0.5749741;0.3659519;-0.41444537;-0.2746986;-0.28133306;-0.04340551;-0.3860362;0.14659528;-0.71212137;-0.25819558;0.4505994;-0.1907329;0.4011149;-0.74814343
-0.1609426;-0.30461264;0.24603783;-0.17771891;0.061153352;-0.33532172;0.07645513;-0.050791524;-0.4973082;0.029146913;0.053503264;-0.112948686;-0.10479218;-0.037374243;0.43410504;0.04823819;-0.04425025;0.03204539;-0.84160596;0.47901523;0.036150906;0.01608971;0.35809937;-0.08297172;0.003314443;-0.13535418;-0.28523752;-0.7576269;-0.17474706;-0.4895658;0.0038305437;-1.0496033
0.022796232;-0.13373333;0.14269288;-0.57293546;-0.21973136;-0.27127227;-0.77071506;-0.12764443;-0.31558132;-0.052500017;-0.19365412;-0.8747855;-0.0021276942;-0.85204786;-0.17398922;0.088917494;0.07454266;0.023557574;-0.21465653;-0.8247937;-0.26441205;-0.1408907;0.27758244;-0.15049994;0.19054489;-0.11192684;-0.01415017;-0.56003225;-0.81984967;-0.5966444;0.34979936;-0.6875084
0.048187897;-0.23709796;-0.11180169;0.55400264;0.086242735;-0.28388292;-0.23573415;0.05462199;-0.35057616;0.10162675;0.34186104;-1.0643353;-0.016056096;0.5219004;0.3800908;-0.01974282;-0.12024957;0.033415876;-0.11510212;-0.7701736;0.02972371;0.16585012;0.725225;-0.254505;-0.12438518;-0.033458684;-0.047058694;0.55929667;-0.47020724;0.19682282;-0.06282313;0.9519795
-0.39302438;-0.119422816;0.21084663;0.4311374;0.08287635;0.3489585;-0.90573734;-0.055663113;-0.30833277;-0.087145835;-0.15865043;-0.8679812;0.012301791;-1.350006;0.3079143;-0.085997574;-0.03722896;-0.27773947;-0.18146716;-1.0258007;-0.4510328;-0.17494358;-0.28025526;-0.16019455;-0.5959748;-0.34855494;-0.43654376;-0.39907953;-0.3748799;0.07637467;-0.23665178;0.6354637
0.10832807;-0.25616047;-0.06601991;-0.45483673;0.092269644;-0.08185363;0.7171755;0.10431665;-0.23341681;0.08980226;0.28262493;0.7112568;-0.10891479;0.17448254;0.45454073;0.050561868;-0.27041844;-0.37214005;0.50538343;0.6216661;-0.017947527;-0.16549438;-0.32066804;0.051783968;-0.2279253;-0.21500501;-0.080735765;0.02124589;-0.07032091;0.3490569;-0.29027203;-0.62744206
-0.16049272;-0.5268669;0.21158925;-0.56787944;-0.44409075;0.13106346;0.5398868;-0.029160485;0.16798058;-0.065320805;-0.19377996;-0.20016052;-0.17202717;-0.77496016;-0.20365362;-0.015028467;-0.17146693;0.022714438;-0.49527222;0.5169613;-0.37262905;0.10946762;-0.4137715;-0.22857699;-0.058462113;-0.007939847;-0.6134402;-0.12957242;0.35268593;-0.21215484;-0.25301132;1.2650601
0.0056291204;-0.43032056;-0.010500519;-0.057759956;0.09931774;-0.22738534;-0.2932837;-0.09633425;-0.4345936;0.07628754;0.27932757;0.17264062;-0.032516137;-0.36628512;-0.14235274;0.03562309;-0.028036557;0.040965356;0.52635145;-0.9170159;0.057300933;-0.99370176;-0.17916417;-0.1381498;-0.005366191;-0.24885552;-0.1867253;-0.2735867;0.02043384;0.2931934;-0.04039482;-0.9052812
0.07675646;-0.19617878;-0.1951214;-0.6820151;0.07029699;-0.10902317;-1.036525;0.068813816;0.35112688;0.11360509;0.34820923;0.08819152;-0.118180454;-0.12422582;-0.54428333;0.055775896;-0.07450804;0.024648292;-0.80922616;0.52977955;0.22717826;0.12715924;0.7755358;-0.05922092;0.054184087;-0.200985;-0.22678977;0.035358153;-0.10351299;0.2882444;-0.008406085;1.0996943
-0.45208842;-0.29855436;-0.123889394;-0.5801362;-0.40286505;-0.44433045;-0.45274556;-0.07004052;-0.42056188;0.03754755;0.18253398;-0.13050021;0.08851906;0.06601295;0.5061075;0.04596438;-0.09217041;0.029487463;-0.19446577;-1.1250299;-0.0017408626;0.36684313;-0.34895164;-0.1847954;-0.025291279;-0.19680202;-0.3668986;-0.76435596;-0.16769972;-0.13971896;-0.097575314;-0.95066947
0.15978336;-0.680155;-0.018303394;0.47386736;-0.27327263;0.24270223;-0.3474638;-0.14385188;-0.46440354;-0.07617;-0.029325366;-1.8694518;-0.05346789;-0.333848;-0.5134164;0.025762292;-0.0079248855;0.030361822;0.6827798;0.68070984;0.06789697;0.087981604;-0.33956596;-0.12946825;0.041245718;-0.17852816;-0.24747452;-0.58771324;0.16168018;0.14833413;-0.46764195;-0.9636268
-0.36392543;-0.4987034;-0.20933652;0.39881128;-0.039761033;-0.30264267;-0.31459782;-0.092218444;-0.27847746;-0.12033522;-0.42372158;0.7146915;0.033649325;-0.31392485;-0.14009903;0.033543404;-0.0018323597;0.035402622;0.45553476;-1.3045536;-0.19063734;0.11676834;0.15040141;0.10777256;0.46894747;0.018536722;0.39950323;-0.21250258;-0.5410271;-0.6858044;-0.37946665;-0.8296422
-0.22598755;-0.33176652;-0.1504661;0.25840688;0.10753614;0.5466318;0.5732554;-0.17936146;-0.3397144;-0.1324646;-0.2475298;-1.0673472;0.04980045;-0.6108845;-0.24009794;0.05005273;0.04364645;0.037542973;0.46114957;-0.880119;-0.0065876497;-0.1391088;-0.2303087;-0.054113403;-0.6024237;0.0078008957;-0.12355126;-0.7019262;0.31642342;-0.26199633;-0.3234777;-0.80532116
-0.2535062;-0.115335874;-0.13819103;-0.52391225;0.031854525;-0.45479885;-0.35235807;0.028063234;-1.4136499;0.021336358;-0.18299061;-0.89486885;0.05040606;-0.544822;-0.38625944;0.06429874;0.19353698;0.028838428;-0.24525036;-0.5727009;-0.23324035;0.09247589;-0.21710277;-0.02143567;0.13179593;-0.27844977;0.06682742;-0.50000423;-0.19352715;0.14857024;0.08089562;-0.6295774
0.21222588;0.68321955;-0.058487263;-0.21530461;-0.49131858;-0.45160708;0.24917796;0.006893826;-0.21538275;-0.04681644;-0.19927666;-0.119025394;0.040304564;-1.5342184;0.35208127;0.027972605;0.08794063;0.043990415;0.5799002;-0.9817646;-0.07123892;-0.1797182;-0.20214634;-0.021451402;0.081704475;-0.07881445;-0.19601402;-0.2229333;0.3472069;-0.40368998;-0.20249574;-0.84343886
-0.12249264;-0.32190055;-0.17006052;-0.33468512;-0.26045653;-0.35500935;-0.26250815;-0.05419379;0.43184417;-0.014775492;-0.49447244;-1.1759298;-0.07222443;-0.437347;-0.3004045;0.025673227;-0.1406111;0.029143788;-0.15748547;-1.1699847;0.07511279;0.022931695;0.3042038;-0.06996205;-0.037750375;0.040751904;-0.3172264;-0.2555606;-0.6750246;-0.41304666;-0.19447815;-0.9662602
-0.23886058;-0.28149793;-0.20492198;-0.36610043;-0.22602373;-0.12222281;-1.0902935;0.02351472;0.17687742;-0.13644165;-0.18819949;0.59130555;0.014502256;-0.9267479;0.5126125;0.024354406;-0.15042156;0.02702792;0.0069073993;-1.0731096;-0.079100356;-0.16894802;-0.3760481;-0.04131162;-0.8444725;0.030536659;-0.58463603;-0.20847902;0.23086953;0.14779453;-0.41111487;-0.843193
-0.43062335;-0.27451798;-0.12947202;-0.812374;0.028247023;-0.29104587;-0.2629748;-0.064205;0.26982787;0.059353165;-0.2805587;0.70086837;-0.049403504;-0.33088908;-0.23076274;0.042136896;-0.2152527;0.02953735;0.5161142;-1.1655399;-0.3346514;0.10905754;0.13352096;-0.04792614;0.26699498;-0.006492122;-0.23366356;-0.2953204;-0.8181614;-0.34640902;-0.31785494;-0.8235551
-0.45174643;0.94990355;-0.19356073;-0.24685742;-0.44999793;-0.014124254;0.7335157;-0.021508403;-1.519534;-0.15252382;-0.21146;-0.098400466;-0.066609204;-0.8239025;0.09799333;0.029249847;-0.051923122;0.027342074;-0.50825363;-0.96765196;-0.14683995;0.25188473;-0.23406738;-0.19365938;-0.008374795;0.031354245;-0.31771716;-0.19506127;-0.68398887;-0.38419577;-0.35209298;-0.97863543
-0.35368127;0.93169796;-0.12931259;0.014296889;0.12851664;-0.4773377;0.97517747;0.04781802;-0.2403103;0.07515378;-0.2587025;-0.04023455;0.104126774;0.21916671;0.51454884;0.058364563;0.14222473;0.044028554;0.0067397663;-0.57704955;-0.23428865;-0.8825006;-0.12244665;0.22088209;0.30543002;0.08564375;0.34969372;0.14168686;-0.49383825;-0.44836813;-0.016764596;-0.5650536
-0.39678404;0.4223404;-0.09662905;-0.61776286;-0.36754668;0.44908798;-0.29926112;0.018748414;-0.29218847;-0.0627626;-0.10128779;-0.07921328;-0.26213774;-0.54372215;-0.45735192;0.05303363;-0.23447528;-0.26755214;-0.5706597;0.5202789;-0.43863985;0.47147003;-0.3883261;-0.09319798;-0.11119122;0.09687868;-0.19430704;-0.42891943;0.31450894;0.12482121;0.080877945;-0.6357088
0.021031167;-0.38067567;-0.12913424;0.5375354;0.083678976;-0.27355078;-0.19424944;-0.13358481;-0.42804256;0.05377901;-0.30542842;-1.536413;-0.10975756;-0.105854094;-0.16134208;-0.004647745;-0.2025874;0.02375945;0.736251;0.5184248;-0.12117242;0.36683103;-0.3185456;-0.23814051;-0.21189854;-0.29287004;-0.06661755;0.090383865;-0.17092094;-0.30985633;-0.4233154;-1.1625772
-0.39304766;-0.358738;-0.329474;0.50901455;0.060144655;-0.03838173;-1.1674412;-0.14606427;-1.2369298;-0.2130117;-0.21432331;0.75948185;-0.12523049;-0.88743865;-0.09866395;0.044330478;-0.1777424;0.015713643;-0.13785592;0.7982445;-0.19385731;0.3389603;-0.3147219;-0.17010823;0.036730237;0.000513584;-0.3035329;-0.18281549;-0.5688383;-0.28177863;-0.09466353;1.4071219
-0.0076993234;-0.25312874;0.14698018;0.44182023;0.0040405076;0.32131845;-1.2960992;0.016087217;-0.36314532;-0.15642935;-0.2667227;-1.2066375;0.050664015;-0.70934784;-0.21683915;0.035612088;-0.1643087;0.030154707;-0.48323706;-0.86285526;-0.19154267;0.03009675;-0.29838514;-0.19302392;-0.014593412;-0.09224488;-0.3168832;-0.35950753;-0.7986502;-0.40429497;-0.028952718;-0.9420725
0.06826136;-0.53281975;-0.18594223;-0.58991367;0.114744805;-0.24307576;0.744189;-0.0054239444;-0.31013486;-0.11020702;-0.3193274;-0.044405047;0.011168179;-0.49385765;-0.62644666;0.047669567;-0.14560884;0.039654166;-0.80191815;-0.64372665;0.072757594;-0.1729854;-0.18934533;-0.2565389;0.05014749;-0.23260656;-0.3348572;0.13495107;-0.04521007;0.23219939;-0.54392415;-0.89229614
-0.43614033;-0.24383676;-0.21008061;-0.57588714;0.039402295;-0.653408;-0.9679541;-0.0782112;0.2616069;0.15749593;0.055237077;0.5172148;-0.008408648;0.13282798;-0.50471675;-0.0142309265;-0.069385745;0.03387163;-0.14994669;-1.1127132;-0.16009662;-0.3279046;-0.35806042;-0.027917113;-0.08491854;-0.13470866;-0.3238696;-0.1080287;0.1291537;-0.054488607;-0.29270002;0.98305255
-0.24353911;-0.17211233;-0.19810128;-0.47925314;-0.017824389;-0.6032409;0.6823544;-0.068982944;-0.36031452;-0.009488278;-0.21949555;-0.19432406;-0.017266907;-0.6090596;-0.5284392;0.06392348;-0.36957645;0.033751324;-0.4525875;-0.7361083;-0.33188453;-0.85867816;-0.18918505;-0.10277113;-0.1292149;0.010112663;-0.6075912;-0.1376322;0.26310933;0.028531307;-0.5515721;-0.78677016
-0.20380947;-0.28522003;-0.16441779;-0.8571132;0.07745549;-0.2574817;-0.20658785;-0.018585179;-0.42726827;0.04264681;-0.3896312;-1.0695002;-0.123249;0.09697242;-0.2246193;0.022484282;0.04058315;0.028906755;0.03190292;0.64830536;0.14158961;0.44635215;0.30759758;0.045216635;0.19243102;0.030630134;0.2916177;-0.09351054;-0.41209552;-0.32462204;0.19791906;-0.85324955
0.21601252;0.84719485;-0.089529924;0.2881042;0.10707696;-0.5774433;-0.15051052;0.037062474;0.52716464;0.06444861;0.14717405;0.20686021;-0.17204598;-0.06595115;-0.40515754;0.03453026;0.12007172;0.031031609;0.076263;0.72481674;0.11601771;0.2274948;-0.3928365;-0.247141;-0.05553172;-0.1732851;-0.09826505;-0.12901849;-0.030265065;0.22937153;-0.32837364;-0.88376486
0.112809904;0.8267367;-0.1804209;-0.25361857;0.05644617;0.024438195;0.023233533;-0.065241545;-1.368246;0.06574628;0.39317968;0.1421935;-0.19900024;-0.20866457;-0.17019123;0.017347831;-0.38466123;-0.3493913;-0.07312836;0.6762045;-0.0011936584;-0.17700154;0.545689;-0.2985475;0.209449;0.002282567;-0.2956986;-0.20767015;-0.4027963;-0.7103598;-0.45839402;-1.0546693
-0.48491064;-0.7231816;0.14119837;-0.6260196;0.029627804;-0.24047898;-1.0388232;-0.0536619;0.20835054;-0.115176916;-0.12404724;-1.1320506;-0.0468648;-0.602215;-0.09959807;0.05073641;-0.18106061;0.038209572;-0.4391575;-0.86743224;-0.11092648;0.41580483;-0.42739987;-0.119797185;-0.10192679;0.017270163;0.097080536;-0.12531888;0.4034096;0.0572874;-0.007863661;-0.7283877
0.06010099;-0.33465353;-0.116279446;-0.48378095;-0.02389644;0.30407396;-1.2159272;0.03731224;0.21510135;-0.123827666;0.08967883;0.6485237;-0.19916412;0.15983745;0.16929992;-0.0039810995;-0.14937213;0.024164794;-0.8734845;0.4650236;-0.014486707;-1.0468864;-0.42119357;-0.2704858;-0.04236213;0.079517625;-0.11152485;-0.6125611;-0.48372686;0.22709009;-0.21126607;-1.0323014
-0.17145887;-0.25624204;0.18639407;-0.5321741;0.08631075;0.33335015;-0.4292121;-0.13904203;0.8637855;-0.09751022;-0.13160124;0.12729026;0.021805646;-1.4900699;-0.11991531;-0.019200861;-0.032662064;0.028076211;0.0017718335;-1.0868262;-0.42863736;0.13236605;0.1949816;-0.12076372;-0.23709643;-0.078074634;-0.07388892;-0.3205559;0.3228823;-0.5026855;-0.37333483;0.92472386
0.38547564;-0.35793594;-0.1005858;-0.34645537;-0.18052511;-0.0068332907;0.6659787;0.05449191;-0.37921193;0.14810063;0.50424415;-0.057144765;-0.051075097;-0.10996828;-0.13875815;0.022057071;0.037899118;0.02766523;0.004592853;0.59924775;0.24220686;-0.8609253;0.6073345;0.21117033;0.29133594;0.08680229;0.4925304;-0.20796096;-0.31096932;-0.4636783;-0.31769103;-0.8824113
0.26042035;-0.38013327;0.03253817;-0.68033516;0.13549705;-0.42311415;0.8184326;-0.03268218;0.16491622;-0.16009995;-0.29492456;0.16616063;-0.04119928;-0.91691875;-0.27329034;0.02691417;-0.3783504;0.04090699;0.039984785;-0.9306099;-0.14716734;0.09487966;-0.15157531;0.22121239;0.32228816;0.058420587;0.33005577;-0.32340834;-0.54569;-0.4264848;-0.30368075;-0.93610466
0.07529454;-0.2139983;-0.1717478;0.4560511;0.0233716;-0.53205496;0.07741179;-0.082555965;0.21088472;-0.1515556;-0.08279885;-1.2174585;0.017109029;-0.93681484;-0.5006707;0.033108056;-0.22997361;-0.5204417;-0.033150945;-1.0278867;-0.117025316;0.09972988;-0.29981312;-0.059807036;0.24598695;-0.08196585;-0.37483066;-0.27063513;0.02734965;-0.04115765;-0.4559762;-1.0126469
-0.0027497644;-0.24550109;-0.1304195;-0.23777905;-0.011149287;-0.017043334;0.1680405;-0.08797773;-1.5328264;-0.11272087;0.0236283;0.7045809;0.02829701;-0.56689185;-0.2861335;0.037992567;-0.09851837;0.03319719;-0.60167485;-1.1259615;-0.0076604662;0.09018027;-0.27605125;-0.15816648;-0.16655716;-0.17838952;-0.015613008;-0.7286009;-0.09895434;-0.68134904;-0.3781693;-0.87256354
-0.51222306;-0.19541195;-0.23472796;0.45478892;0.07153242;-0.63643146;-0.3187436;-0.006300756;-0.38027257;-0.09426459;-0.1343508;-1.179591;0.033283822;-1.0053957;-0.42158753;-0.05761234;-0.2310342;0.024124432;-0.029231446;0.4545353;-0.5716659;0.17395689;-0.3794692;-0.12579985;-0.09997899;0.028539583;-0.54100704;-0.11972476;0.11238199;-0.028305722;0.050569337;0.7144726
-0.5572865;-0.22161256;-0.17823815;-0.19199203;-0.005220212;-0.17799893;-0.8819383;0.01864732;-0.24745074;0.032091662;0.20500648;-1.1592011;-0.035244055;-0.44310582;-0.5220338;0.02974542;0.028363308;0.028154898;-0.17034018;-0.7442708;-0.14040962;-0.13188046;-0.36687937;-0.019106673;-0.64355934;0.03347801;-0.63774645;-0.23954023;0.25112933;-0.028674811;0.16337532;-0.92590857
0.06381963;-0.13677679;-0.22135605;-0.61525726;0.047614858;-0.80733925;-0.65952057;0.047441155;-0.2607119;-0.11510557;-0.099609874;0.58269393;-0.22828802;-0.96622515;-0.4436594;0.0013782426;-0.19964951;0.020205887;-0.18249494;0.56379807;-0.47137854;0.22113779;-0.27511674;-0.18634132;-0.5597396;0.01394532;-0.6911288;-0.18130802;0.10145838;0.04635101;-0.2392149;1.0670193
-0.13195477;-0.33921725;-0.1977121;0.38847283;-0.25809973;0.094827406;0.71238005;0.017703164;-0.20087942;-0.008285547;-0.15188481;0.22152312;0.018838488;-0.2715725;-0.14421543;-0.03775266;0.11316528;0.04111111;-0.3861905;-0.77714247;0.025598628;0.21643962;0.39924914;0.08159777;-0.1369173;0.019172154;-0.4498781;-0.15333958;0.46001357;-0.27125776;-0.25777557;1.0925248
-0.02960733;-0.19723246;-0.17987849;-0.07801479;0.0378325;-0.14680941;-0.66516525;-0.028381936;-0.30223334;-0.053576667;-0.4753812;-0.9384582;-0.11035758;0.6415503;-0.22946824;0.036791652;-0.10926061;-0.34435955;-0.6112497;-0.88800293;-0.0554889;-0.13374062;0.47401822;-0.36029333;-0.04209306;-0.0028742081;-0.18610616;-0.37578687;-0.61606395;-0.27515233;0.3501484;-1.0518043
-0.5327996;-0.30058405;0.15251037;-0.30449724;-0.19399299;-0.32440913;-0.29990718;0.05151989;-0.36767122;-0.17867002;-0.20295021;-1.2048612;-0.0024036337;-0.850123;0.12740932;0.05358494;-0.18575665;0.03418054;-0.015710726;-0.67491245;-0.02421601;-0.59259486;-0.34624997;-0.3269768;-0.1460995;0.05247832;0.27335888;-0.28756693;-0.59442943;0.20946994;0.026626697;-0.9185959
0.1500568;-0.26385102;-0.12997046;-0.38866922;0.031048533;-0.4479338;-1.1836257;-0.019096594;0.33574814;0.06214701;-0.27398172;-0.1901256;-0.1659975;-0.34020737;-0.17926186;-0.011128717;-0.003469237;0.035827328;0.84130186;0.5710297;0.03834933;-0.036510475;-0.51101035;-0.10905005;0.028950034;-0.20756933;0.445052;-0.32240793;0.0476226;-0.60454834;-0.32776636;-1.0629115
-0.45838606;-0.5463774;-0.19564332;-0.6716659;-0.46640435;-0.49909332;0.7450923;-0.048838638;-0.22704178;-0.028916262;-0.18142675;-1.1462651;0.054443005;-1.1605555;-0.27113017;-0.0482819;-0.29240265;0.028100668;0.52998114;-0.9249973;-0.36429787;0.11734167;-0.19517215;-0.23304316;0.027750377;0.002656179;-0.16640894;-0.3495959;-0.6589736;-0.18144108;0.01813478;0.8393155
-0.22080271;-0.48154223;-0.24479572;0.22917575;0.07118876;-0.15727627;0.15802225;0.026367038;-1.5413827;-0.04604222;-0.16174825;0.1354507;0.059226617;-0.6148757;0.49196753;0.025602136;-0.037331723;0.040774256;-0.042086117;-1.0953676;0.005414824;-1.0208197;0.21049549;-0.19125889;-0.20807989;-0.013186083;-0.1894563;-0.44156042;0.29502845;0.27418736;-0.33321148;-0.9123083
-0.41115347;-0.37045142;0.20012927;-0.34999222;0.023260921;-0.77783465;0.45987546;-0.025653657;-1.4804251;-0.19961278;-0.15671438;0.41847777;0.019071143;-0.8405455;-0.25536326;-0.058022887;-0.1424805;-0.4121521;-0.2166513;-1.3487234;0.033223387;-0.24755166;-0.22673479;-0.15801907;0.21829647;-0.06827448;-0.038279045;-0.37174368;0.18395141;-0.4592568;-0.4518865;0.9889386
0.0086750705;0.98585963;-0.13947129;-0.65641594;0.07608083;-0.041161507;-0.16984195;0.038423926;-0.25203538;-0.103471905;-0.21026541;0.19820589;0.005111865;-0.7497846;-0.24678072;0.053873148;-0.30547497;-0.42082512;0.5572739;-1.071632;0.009321966;-0.73507607;0.41633996;-0.19133176;-0.12609795;-0.17457765;-0.14211328;-0.41503915;-0.047122966;-0.37390578;-0.18816602;-0.97458404
-0.25283793;-0.38865083;-0.13923658;-0.112539284;0.026407085;-0.22327887;0.658417;-0.045709174;-0.42473948;0.017766941;-0.33383238;0.09346456;0.00014467258;-1.6297503;-0.11428069;0.05807931;-0.16031137;0.032065704;0.3381423;-0.9538513;-0.42549053;-0.26520202;0.036099955;0.08899982;-0.056847665;-0.2257376;0.101659395;-0.5060111;-0.0868216;-0.2666347;-0.59282523;-0.92486507
-0.17294572;-0.25038218;-0.21755993;-0.25504312;-0.24827813;-0.4203935;-0.30259025;0.050190106;-0.4417906;-0.07355689;-0.21119909;-0.038296845;0.03035446;-1.3550833;-0.12860313;-0.08503715;-0.0074566845;0.028870188;-0.42812863;-0.78819007;-0.54051286;-0.72724485;0.25461784;-0.24291158;0.009491393;-0.2778746;-0.32922456;-0.27175286;-0.16714476;-0.35936567;0.052952755;0.5996329
-0.23249811;-0.24299599;0.12981597;-0.83929616;-0.011035959;0.055773556;0.121469036;-0.0639287;-0.3287425;-0.17902882;-0.12706983;-0.13335928;-0.09781714;-0.4249015;-0.20342623;0.057004686;-0.13679892;-0.33451205;-0.14946352;0.58573586;-0.44300738;-0.17874423;-0.33343977;-0.08935927;-0.6094468;0.0018021646;0.12939647;0.26353857;0.29130146;-0.4772726;-0.45542413;-0.86444134
0.1534049;0.5887745;0.044489156;-0.68507576;-0.0021132631;0.044150665;0.14376564;-0.12490491;-0.3358947;-0.11012039;-0.17372866;-1.415194;-0.051883467;-0.43641472;-0.22076946;0.03825216;-0.020088047;0.02174842;0.49355972;0.5576271;-0.06736855;-0.11831201;0.26956218;-0.15578221;-0.26443946;-0.07743235;-0.5843621;-0.18365075;-0.55492735;-0.43407375;-0.43831268;-1.0292358
-0.027195605;-0.17678086;-0.2016656;0.43246162;0.09547115;0.4813815;0.2533915;-0.0044006603;-0.17032991;-0.20633814;0.18797088;-1.0237042;0.056201097;-0.87530106;-0.10625151;-0.095838316;-0.28860167;0.038311012;-0.572307;-0.75193423;-0.1897621;-0.1789478;-0.30988425;0.06121713;-0.11244313;0.0028078833;-0.30056024;-0.031902023;-0.66900057;0.084179975;-0.155357;0.6246403
0.03517549;0.8281699;-0.21392253;0.27603158;0.018159106;-0.65833664;0.49433935;-0.0437602;-0.32292613;-0.25525647;-0.090256296;0.4017925;-0.070041746;-0.5759898;-0.22590399;-0.046581205;-0.12986632;0.045489017;-0.18907987;-0.8502683;0.1055634;-0.24531493;-0.23514424;-0.27182436;-0.13147596;-0.093394056;-0.23648594;-0.0055194395;0.12117772;-0.86676246;-0.42537197;0.769732
-0.49435705;-0.2188624;-0.21015753;-0.7176493;0.043110907;-0.18214472;-0.8903741;-0.038165785;-0.2860439;0.050497845;-0.20962583;-1.1260669;-0.111134104;0.061561015;-0.23478298;0.012671107;-0.110843934;0.016182521;0.00998826;0.4962453;-0.263966;-0.1475557;-0.53295296;-0.040457945;-0.57593334;0.03553303;0.008789053;-0.51695424;0.37476277;-0.18451999;-0.07394941;-1.0303521
-0.39122137;0.6902962;-0.24526997;0.4597471;0.096637316;-0.011661855;-0.9226637;0.05509274;-0.14815973;0.123403125;0.41282004;0.0772252;0.086264014;-0.06970955;-0.016659494;-0.014253069;-0.14552248;-0.32105964;-0.43316177;-0.94587636;-0.24327187;0.3841417;0.6413114;0.09843402;0.3140779;0.008774262;0.38576016;-0.21621159;-0.44798842;-0.3831089;-0.068562426;0.9763268
-0.59253466;-0.31994164;-0.23712526;0.186068;-0.4136259;-0.3917316;-1.236765;0.05714957;-0.3421963;-0.19382828;-0.09522643;-1.1242918;0.07865452;-1.0101916;0.44412005;0.018678512;-0.15234499;0.028995208;-0.014972363;-0.92996925;-0.17741933;0.06736914;-0.34068593;-0.13293988;0.021256262;-0.34991392;-0.45298484;-0.3422008;-0.32128838;-0.35164654;-0.17131896;-0.87927485
0.2329642;-0.33642724;-0.10901368;0.5094165;-0.48962787;-0.35310724;0.87305254;0.0024257875;-0.20928812;0.15571415;0.32124367;0.16074339;0.097917534;0.46288761;-0.12446269;0.013909432;-0.03552305;0.03319744;-0.5905393;-0.77007014;0.2227863;0.19997953;-0.23852941;-0.009958;0.07618499;0.09489197;-0.19746019;0.26350358;-0.2637887;0.24852139;-0.2642247;1.3109422
-0.015082631;-0.33913043;-0.22805545;-0.2504567;-0.021754628;-0.29952055;-0.9230482;0.011703601;-0.39463702;0.044124026;-0.48427397;-1.3810862;-0.03531113;-0.54242486;-0.21851493;0.004080648;-0.15127403;-0.2613576;-0.8469437;0.5355004;-0.022099316;-0.1925191;-0.36540243;-0.37462503;-0.11915931;-0.02121301;-0.3118075;-0.28365996;-0.55977887;-0.33657387;-0.10234453;-1.21135
-0.31381953;0.71095854;-0.24707833;-0.005199031;-0.57032675;0.07382673;-0.47410196;-0.20843679;-0.3631799;-0.15514544;-0.24525522;0.65315944;-0.18022062;-1.3242012;0.21932183;-0.036489945;-0.034812182;0.018538443;-0.55584246;0.4682843;-0.5235312;-0.26066783;-0.32758564;-0.1367495;0.02065524;-0.2622945;-0.27971742;-0.391964;-0.1430669;-0.44687063;-0.22940078;1.1134921
-0.49130753;-0.37001696;-0.079332136;-0.34036478;0.06308959;0.35591036;-0.3473518;-0.04066494;-0.35360834;-0.12857918;-0.17523184;0.16312537;-0.22473498;-0.4248248;0.13645694;0.044550937;-0.18336631;0.02924127;-1.2501405;0.4555856;-0.20235944;0.05192592;-0.40086365;-0.10410617;0.27622184;-0.044303983;-0.049323767;-0.8904998;0.27891955;0.22946286;-0.23557;-0.91402096
-0.0070737903;0.8680858;0.08639261;-0.29135638;0.075312436;0.40413275;-1.185745;-0.07004936;-0.37836668;0.012406273;0.34161842;0.07288702;0.027095664;-0.17016648;-0.24183552;0.032586005;-0.07689494;0.042131957;-0.17975347;-1.0896535;0.03235927;-0.8862897;0.471277;0.01633756;0.0052977563;-0.13899696;-0.19784842;-0.25929585;0.26832205;-0.4185133;-0.14382285;-0.98130894
0.122532874;-0.19308;0.19145505;-0.28275752;-0.38447088;0.40958017;-0.72790116;0.08713096;0.35774916;-0.17618509;-0.048587646;-0.8242965;-0.031734042;-0.69075245;-0.16100705;0.045674905;0.0025474457;0.029141266;0.040205978;0.7456555;0.14642599;0.39449868;-0.32480723;-0.063788466;-0.08082442;0.076120175;-0.018671144;-0.002990587;0.5730559;-0.1540805;0.12800239;1.5015428
-0.53152275;0.6661351;-0.17163652;-0.061874293;0.097827785;-0.51053214;0.12329187;0.002132636;-0.39760295;0.0388075;-0.41099864;-1.2228177;-0.07716817;0.34124523;-0.2290629;-0.031907104;0.0059357565;0.033704676;-0.2425568;-0.77299327;-0.01111893;-0.1960461;0.29544613;-0.111117855;0.0011000098;-0.2809339;-0.25652432;0.015627004;-0.35803416;-0.6083617;-0.005376475;0.9311367
-0.20406277;0.5438477;0.013390616;0.21271607;0.091675796;0.28089315;-0.5245458;-0.0736693;-0.33757642;0.0381135;-0.06886648;0.12282172;0.053649582;-1.0694356;0.257271;0.06730672;-0.24228348;0.035665542;-0.53510255;-0.7787354;-0.38888562;0.10920546;-0.4272298;-0.18004744;0.0076609286;-0.013934157;-0.3157979;-0.13581346;0.3391411;0.1426207;0.0700768;-0.791927
0.3526973;-0.3312307;-0.10686209;-0.17175856;0.11355036;0.010517946;-0.11721212;0.010402833;-0.33602303;0.15947007;0.500845;-0.050013736;-0.060324237;1.1761584;-0.10021203;0.0136084715;-0.032482494;0.025006268;-0.036127895;0.659799;0.15342225;0.104196705;-0.24603327;0.29404432;0.375614;0.0956741;0.55846363;-0.16075736;-0.25875306;-0.31054962;0.043990154;-0.942618
-0.34412336;-0.25826287;0.053320043;0.6154072;0.054917302;0.33045998;-0.37475136;-0.24214917;-0.38064885;0.11185062;-0.11456485;0.071708344;0.087182246;0.029644657;-0.6364248;0.06902123;0.1026923;0.036230907;-0.13540596;-1.0095198;-0.03763998;-0.1476309;0.3076744;-0.108240485;-0.8844417;-0.05015019;-0.52934957;0.18724218;0.16238967;0.0573776;-0.48387033;-0.700198
-0.5233846;0.72775286;-0.17477456;0.29027355;-0.26970226;-0.19260946;-0.3503728;0.022484029;-1.2847188;0.019502096;0.2982565;-1.340742;-0.13584651;-0.47819242;0.05590559;0.04963311;-0.108560205;0.029245108;-0.4607776;-0.8467473;0.13219962;0.051165782;-0.3175617;0.20081858;0.23374252;-0.023508538;0.3915996;-0.65136033;-0.45065197;-0.30963388;-0.13919607;-0.847178
-0.06668416;-0.27886415;-0.28651515;-0.43245462;0.050693072;-0.3155693;-1.197511;0.040541187;0.97266567;-0.105068006;-0.21064389;0.09089;0.02308141;-0.9599215;0.43066603;0.064512976;-0.22517027;0.031211715;-0.5732638;-0.99063534;-0.14082667;-0.18682484;-0.31284437;-0.13495566;0.13332853;-0.25720358;-0.34511244;-0.27251586;-0.09424693;-0.29290804;-0.006330342;-0.70449823
-0.26395804;-0.22657548;0.15943217;-0.5486863;-0.3030903;0.07179004;-0.78311896;-0.056014284;-0.35451162;-0.11270532;-0.25527772;0.09721853;-0.19961655;-1.1153704;-0.22454417;0.023818998;-0.24502999;0.023408271;-0.030723942;0.58527833;-0.43380782;0.11390298;-0.3491509;0.0020414179;-0.5267051;-0.11140414;-0.14070053;-0.2913727;-0.72201586;-0.35783994;-0.320152;-0.997613
0.24793974;-0.24444214;0.042563267;-0.020871306;0.06350616;-0.38522986;-0.9672437;-0.047298145;0.31218782;0.09593757;0.2585213;-0.118225075;-0.16131192;1.068466;-0.10129053;-0.015889667;-0.15287015;0.025880275;0.56913143;0.55900186;0.161559;0.11026804;-0.3269211;0.2878149;0.35391995;0.09787052;0.4385057;-0.21110587;-0.30950853;-0.49541703;-0.42333826;-1.053006
0.17536107;-0.3913338;-0.1494588;0.5895263;0.09239639;-0.6642591;0.08533865;-0.08461845;-1.3112316;-0.17936763;0.011073965;0.8105443;-0.14935015;-0.9897108;-0.4298018;0.019574868;-0.16577207;0.027472965;-0.10133431;0.791378;-0.022653637;0.16013278;-0.21987844;-0.2689082;-0.028780453;0.026217263;-0.12625173;-0.27657384;-0.44209993;0.124429084;-0.14264448;-0.84764344
-0.012838975;-0.33092973;0.024364242;-0.28318614;0.09834473;0.46669766;0.20744497;-0.0040838374;-1.5927515;-0.15010592;-0.08954264;-1.0640845;-0.03658032;-0.43394125;0.19357078;0.025496533;-0.06650475;0.044502366;-0.081116155;-0.73771834;-0.10496869;-0.14238258;0.23414634;-0.11307492;-0.20508066;-0.023520516;0.010045208;-0.15460512;0.31212565;0.030783288;-0.5011009;-0.93164724
-0.33385572;-0.19999675;-0.17232712;-0.61769783;-0.01737906;-0.54966176;-0.2279632;-0.113312766;-1.3549459;0.06727216;-0.08538333;-0.8372627;-0.09148001;0.16739172;-0.6085976;0.06560449;-0.05681041;0.031239294;0.58452094;-0.77020824;-0.180564;-0.7502696;0.19912113;-0.12236899;-0.5480268;0.015516175;-0.05694864;-0.41304255;0.23520908;-0.053588975;-0.34579098;-0.62263906
-0.54339945;-0.5731463;-0.14369895;0.24249832;-0.43241975;0.03287785;0.1728233;-0.005209375;-0.20903994;-0.17726868;0.081131205;0.09257985;0.014801441;-0.81301147;0.42445534;0.05372947;0.14449215;0.03707702;-0.13446619;-1.203538;-0.017814787;-0.15927804;-0.41630372;0.016309611;-0.56312144;-0.012513069;-0.4743146;-0.26951113;-0.5334572;0.23040804;-0.4024754;-0.8501646
-0.08989237;-0.22514199;0.19754079;-0.2409944;0.035948742;-0.28710246;-0.9403453;-0.0642407;0.31544936;-0.14195752;-0.17331207;-0.04212017;0.017141955;-0.9836508;-0.25511926;0.056687515;-0.21396793;0.034252748;-0.14078446;-1.1154231;-0.037920438;-0.07144593;0.57459414;-0.044066302;-0.42849696;0.056541994;-0.22679085;-0.2700955;0.50194144;-0.27120662;0.124183655;-0.82236403
-0.36294156;-0.38353518;-0.22608988;0.2746308;0.058973987;-0.22631788;0.85045725;0.05783017;0.25116006;-0.018078329;-0.38609645;0.16983613;-0.006516038;-0.91602457;-0.1274575;0.041348383;-0.09934379;0.035510514;-0.19122499;-1.095889;-0.30706123;0.10952748;-0.18872674;-0.04282058;-0.5287779;-0.013867338;0.12081049;-0.48568773;-0.7765989;0.112774834;-0.29206452;-0.8345446
0.13111605;-0.6130872;-0.26650697;-0.600912;-0.43040302;-0.101383604;-1.2790964;0.07388391;0.8841118;-0.19990106;-0.17170453;-0.0795902;0.0640658;-0.9175698;-0.176769;-0.013527743;-0.044161268;0.028204031;-0.416602;-1.1270857;-0.27839455;0.101715274;-0.36354408;-0.17195125;-0.019267354;-0.25244725;-0.346088;-0.18704689;-0.05812743;-0.17622858;-0.047992557;0.9691261
0.054119766;-0.21783768;-0.13798508;-0.19387195;-0.46094143;0.4739482;-0.33720535;0.09065914;-0.3576564;0.12280447;-0.2839873;-1.4150146;-0.010828586;-0.4805869;-0.49830812;-0.037511345;0.061473683;0.032325197;-0.26724926;-0.87659556;0.06628361;-0.07019213;-0.26495242;-0.27997795;0.02118355;0.0051153097;-0.23275119;-0.05627874;-0.6660191;0.15209329;-0.23621313;0.98768526
0.15791935;-0.34609616;0.25381953;-0.7479657;0.09135968;-0.4687754;0.71396303;0.0046138223;0.26629972;-0.121034816;-0.021927647;0.69919235;0.010793624;-1.180649;-0.1989694;0.039496522;-0.022857646;0.035848804;-0.9103678;0.4022373;-0.119713016;0.38679102;-0.24429037;-0.05847732;0.04711334;-0.17531389;0.2695094;-0.23077585;-0.07425838;-0.32368425;-0.20289683;-0.8610916
-0.3602268;0.61779606;-0.17936891;-0.20543876;0.04382938;0.050569165;0.49115944;-0.18053767;-0.13418555;0.0037700182;0.07635025;0.3841236;0.069006786;-0.6383451;-0.2332405;0.0647507;-0.08000598;0.02511052;0.35974988;-1.1357055;-0.32801908;0.11041731;-0.29045856;-0.26650503;-0.9273134;-0.058591582;-1.0076677;-0.49991217;0.1976242;-0.50186735;-0.5138019;-0.6602958
-0.01070366;-0.3747611;-0.1608037;-0.60535276;-0.33906507;-0.22020651;-0.3575571;-0.043018747;-0.40088814;0.07870302;-0.3482089;-1.2531145;0.03373533;0.04021924;-0.77833015;0.0014067859;-0.2280898;0.030436186;0.038309235;-1.128894;0.033669118;0.08649284;0.5993272;-0.11592596;0.010060133;-0.12441793;-0.3107127;-0.31769443;0.13442275;0.1623109;0.021088779;0.9251222
-0.0902295;0.55603546;-0.08663576;-0.17109233;-0.31431767;0.07512962;-1.202668;-0.14318098;-0.13176069;-0.04862319;-0.19243166;0.19770285;0.03199259;-0.6100615;0.35912913;0.032856718;-0.07636925;0.035304878;-0.050806526;-1.0219251;-0.06933643;0.13914329;-0.35584256;0.05646541;-0.11682238;-0.044108383;-0.21379483;-0.4067183;0.3294695;0.19325162;-0.42561647;-0.90700537
-0.34984756;-0.14806052;-0.23285069;-0.007998427;0.021821953;-0.7225257;-0.33859873;0.03385858;-0.411752;-0.11299791;-0.18313359;0.53678346;-0.004923078;-1.1236128;-0.18563198;-0.07197041;-0.27044955;0.023951435;-0.68590754;0.6080967;-0.59586024;-0.36464378;-0.30879962;-0.19657548;-0.62301934;-0.01626231;-0.5003429;-0.12162481;0.31786513;-0.4116422;-0.32085925;0.88961947
-0.41770884;0.69909704;-0.09320336;0.118750215;-0.31669772;0.0009495111;-0.22210614;0.05980628;-0.3250086;0.02281021;-0.03862663;-1.567745;-0.14002065;0.020820972;-0.5040107;0.028137578;-0.16123237;0.020342395;0.6656957;0.41579053;-0.07489557;-1.0013344;-0.31614846;-0.16847429;-0.18852255;-0.25963876;-0.1795158;0.3243299;-0.07468886;0.029381216;-0.3643853;-0.91339344
-0.25096345;-0.23295055;-0.19078848;-0.58516735;0.12439699;0.4413945;-0.3133536;-0.2065116;0.32911143;-0.16736802;-0.096365005;-0.107206814;-0.20472981;-1.3626962;0.43368798;-0.05049713;-0.02424559;0.021447936;-0.5957121;0.5192301;-0.5504919;0.11421907;-0.31651783;-0.17565942;0.13116011;-0.07205366;-0.1543107;-0.17076147;-0.70407516;-0.43668404;-0.2295199;1.0096451
-0.29833996;-0.26233995;-0.063265085;-0.19188352;-0.3162116;-0.3473239;-0.078908145;-0.06740703;0.38254172;-0.08694249;-0.10609506;0.28297505;0.047518868;-0.23203678;-0.1792766;0.06257597;0.16214523;0.036396272;0.7038738;0.70995075;-0.03537016;-0.17265545;0.46399194;-0.17834884;0.1229848;-0.056793157;-0.09974376;0.52053547;0.33288908;0.42829;-0.42541516;-0.49509716
-0.14273322;-0.4376405;-0.19534282;-0.34684587;0.11201308;-0.13931404;-0.24342768;-0.04932078;-0.426758;0.07175251;-0.4017499;0.21442874;-0.0786612;0.029730646;-0.23124349;0.0025035846;-0.120144434;0.020768017;0.050794072;0.71732605;-0.007694882;0.112289876;0.2145045;-0.21314563;-0.10837377;-0.27679607;-0.37263075;0.13763899;-0.17562243;-0.67737573;-0.3226666;0.9738348
-0.08226304;-0.19730462;0.14104088;-0.37348154;0.0468383;0.41811654;-0.27866536;-0.08713014;0.32017666;-0.14383055;-0.1321375;0.07690556;-0.02506665;-0.702866;-0.16398866;-0.085006386;-0.08274754;0.027084509;-1.0278279;0.6446211;-0.30229357;0.12407603;-0.36343336;-0.24122469;-0.8594526;-0.0226154;-0.49229035;-0.1946915;0.3133531;-0.34162068;-0.08379185;0.7513589
-0.023853635;-0.32417846;0.08817378;-0.59639376;0.10059857;0.0085665705;-0.9377775;-0.019522384;-0.34094194;-0.20063908;-0.17163885;-0.080559485;-0.16034046;-0.6195963;-0.21234901;0.028030481;-0.007886108;0.020051789;0.73904383;0.7090972;0.117124185;-0.17570789;-0.29559878;-0.35591292;-0.22252275;0.018173557;-0.17901874;-0.78862405;-0.60069114;-0.6150287;-0.1833781;1.3987993
-0.13849114;-0.2340571;0.05236973;-0.33561206;0.05606349;0.31100088;-1.2672985;0.02648829;-0.41056585;-0.13109834;-0.18320012;-1.0723716;-0.00619483;-0.2648344;0.1364585;0.054710675;-0.03243782;0.035994094;-0.49366966;-0.653358;-0.155724;-0.11758993;-0.27548957;-0.22034755;-0.1631624;-0.30763918;-0.060652785;-0.3532125;-0.19835229;-0.0576125;0.16848376;-0.6739471
0.099499986;-0.23830502;-0.12037736;-0.50899476;-0.37243742;-0.4871983;0.5044363;-0.007125282;-1.4118907;-0.17756385;-0.24126267;-1.2951452;-0.1561237;-0.53590757;0.59247756;0.047208145;0.23203996;0.025111692;-0.15238264;0.5039798;-0.16766632;0.42327154;0.4062537;-0.2284348;-0.1993496;-0.05480518;-0.042907774;0.09705119;-0.6963078;0.29128733;-0.50561076;-0.81128955
0.24125093;-0.17772569;-0.13859367;-0.44622287;-0.2857432;-0.2939046;0.7172262;0.12180854;1.1603612;0.08568847;-0.24320969;-1.2119877;-0.017398797;-0.31613466;0.52186096;-0.022919614;-0.019106302;0.032502323;-0.6762093;0.42406932;0.20841682;-0.074683644;0.405765;-0.05932607;0.04801458;-0.12885207;-0.17118184;-0.001653213;0.28709227;0.27144063;0.075028785;0.85761714
-0.05229367;-0.22509448;-0.20988005;0.3128061;0.07559207;-0.27669635;-1.0968491;-0.088630624;-0.34520924;-0.13279341;-0.32470226;-1.0634036;0.062421348;-1.0956557;-0.26548383;0.05892462;-0.24098335;0.030059373;-0.51080483;-0.7805845;-0.12226838;0.048388835;-0.34764126;-0.06329511;-0.46871006;-0.32580814;-0.4286146;-0.4175733;-0.1718304;-0.07581294;0.23079586;-0.812623
-0.018681841;0.59942424;-0.19008924;-0.3396564;0.038074013;0.017403211;-0.17157973;0.07187921;0.14793032;0.057292555;-0.14562383;-0.14541635;-0.017398562;0.18966934;-0.15150842;0.034542754;-0.3422754;-0.39114878;0.5437633;-1.0369233;-0.03338026;0.09679482;-0.2938879;-0.083292305;-0.9547275;-0.0635074;-0.69131243;-0.39595175;0.25747126;-0.2382043;-0.41600323;-0.66139907
-0.29392096;0.32550597;-0.14355835;-0.13021205;0.07791904;-0.61283195;-0.27555478;-0.038358565;0.22984646;0.008436526;-0.19445387;-0.7861286;0.007727034;-0.6251258;-0.1380802;0.05170258;-0.014382556;0.03433059;0.70248944;-0.82573044;-0.3380341;0.08376861;-0.2698823;-0.19706118;-0.5898044;-0.024894174;-0.17900206;-0.42334872;0.37603354;-0.1732071;-0.381581;-0.68056583
-0.2858977;-0.18507718;0.20161563;-0.45678458;0.01869474;-0.5169984;-0.6434661;-0.06973548;-0.3482423;-0.11496859;-0.1462002;-0.029968208;0.045801423;-0.4659147;0.106274776;-0.0462194;0.019186819;0.028598856;0.79162353;0.6909472;-0.22335602;-0.17161979;0.35881394;0.18802764;0.3339416;0.028815895;0.3708816;0.07986564;-0.50170875;-0.3924137;-0.035352968;0.8785936
-0.1360372;0.72153974;0.07985304;-0.024297033;0.04731668;0.30429277;0.17763235;-0.0019182806;0.33805963;-0.10695269;-0.1649938;-1.7151866;-0.08832489;-0.5052251;-0.03712336;0.050479967;-0.21343695;0.029513005;-0.09192331;0.5236413;-0.15742767;-1.025856;0.29628307;-0.27987283;-0.22800314;0.024559002;0.055405155;-0.04098078;-0.6510573;0.13469763;-0.009657824;-0.9089005
-0.1478098;-0.3467495;-0.16622287;-0.16194563;-0.27791223;-0.22436067;-1.0373827;0.06289129;-0.36788493;-0.058424942;-0.3668188;-0.15993683;0.01092296;-1.5076673;0.018179683;0.057098236;0.07522266;0.026909243;-0.08305632;-0.72175086;-0.28694013;0.0934403;-0.2593362;-0.24528722;-0.00034929183;-0.25900078;0.30804932;-0.5383499;-0.0804735;-0.4680083;0.1783049;-0.78688747
-0.45332992;0.69440377;-0.17458412;0.042685714;-0.5077017;0.017991254;-0.2960397;-0.042590953;0.2506804;-0.2095189;0.15296043;-0.17900352;-0.03067088;-0.84853345;-0.15729783;0.06375435;-0.1157386;0.03698296;-0.057122096;-1.1013;-0.11307335;-0.10641408;-0.4705937;-0.0665579;-0.29649788;0.028551567;0.35107547;0.06122135;-0.64874744;-0.3322609;-0.42258227;-0.7799241
-0.09742141;-0.71015954;-0.07062664;-0.6578965;0.02514056;0.34101152;-0.48734772;0.010101224;-0.46796337;-0.13770817;-0.17356662;0.22331965;-0.018418647;-0.6846552;-0.5529926;-0.044184793;-0.09698908;0.035467662;-0.68006057;-1.0058612;0.14336611;0.4522813;-0.27577716;-0.24371253;-0.018740848;-0.17007358;-0.060695797;-0.18763849;-0.24685302;0.1311204;-0.16480593;1.2913102
-0.17569189;0.79697037;-0.25621933;0.42753857;-0.26831305;-0.18727843;-1.0306448;-0.14143188;-0.33540502;-0.12352407;-0.23277569;0.0019536586;-0.26210558;-0.4601502;-0.030516805;0.045474205;-0.13620375;0.019425679;-0.7851296;0.34902933;-0.46219778;-0.10024565;0.34224665;-0.10395311;-0.15047792;0.015221389;-0.3163985;0.36763862;-0.61922;-0.520461;0.05832486;-0.77940613
-0.5668865;-0.4726657;-0.20194915;-0.26499933;0.08571772;-0.28044596;-0.41185284;-0.01212679;-0.31662592;-0.007945716;-0.063241705;0.52651095;-0.014508413;-0.16088162;0.24674413;0.048515808;0.022261625;0.036381364;0.40320486;-1.0490469;-0.050055068;0.25348836;0.2035589;-0.038016915;0.26873693;0.03939488;0.26517847;-0.4071931;-0.6324257;-0.77764285;-0.4786724;-0.7337446
-0.1941187;-0.16887794;-0.09717286;-0.2691396;-0.2692507;-0.32382917;-0.7248476;-0.036172003;-0.20984557;-0.15217862;-0.19955096;-0.9603298;-0.04229588;-0.66626525;0.38155842;0.04601125;-0.21513286;0.033705812;0.6473358;-0.77353954;-0.11972773;-0.14177032;-0.4604719;-0.02859035;-0.69877905;0.032581586;-0.24507412;-0.72604173;0.35399905;0.07979938;0.055505246;-0.6847191
-0.3555842;-0.1990019;0.17420217;-0.8092101;0.012112662;-0.5041401;0.17243546;-0.0027299938;1.1042434;-0.17333992;-0.13003148;-1.3925285;-0.020555535;-0.5758621;-0.2463483;-0.038885135;-0.30439922;-0.41301033;-0.24003816;-1.0029852;0.07282666;0.08883844;0.24410066;-0.09266215;-0.01565301;0.03723237;-0.18023333;-0.2654853;-0.6598546;0.20299366;0.007492439;0.73217416
0.16386478;-0.25283176;-0.0932603;-0.15672691;-0.26114425;-0.44623592;-0.015474709;0.0089431135;1.0303018;0.10386927;0.22688594;0.53078806;-0.06097962;0.37996385;-0.13094983;0.009674863;0.05948904;0.022894925;-0.7092269;0.6705013;0.10453519;-0.12822433;0.42191496;-0.26602423;-0.42051795;0.05415872;-0.06099563;-0.40134975;-0.3219532;-0.42397776;-0.33789238;0.9603309
0.1431303;-0.2292024;-0.14127703;-0.11142186;-0.34761232;-0.32087898;0.14179668;-0.022563716;0.3679535;0.0906904;0.03299352;-1.7617742;-0.0802268;-0.37761998;-0.5680609;0.04356578;-0.09461084;0.030193608;-0.15719357;0.55360407;0.15927765;0.099017;-0.43509963;-0.08621528;0.0018977849;-0.16486555;-0.28373563;-0.1922909;0.1384183;0.16871338;-0.0036591692;-0.8328044
-0.065163486;-0.21117145;0.13230316;-0.2641634;0.06597709;0.504785;-1.3751075;-0.060060807;0.4151794;-0.17682754;-0.27451128;-0.12825656;0.010708251;-0.9351864;-0.28756544;0.043423157;-0.17692706;0.036268514;-0.21292144;-1.2757931;-0.1606188;0.03997682;-0.42399815;-0.025165409;-0.81198335;-0.22526486;-0.26656553;-0.32816452;-0.12556806;-0.31021205;0.04052662;-0.89051867
0.007014983;-0.38757136;-0.056589983;-0.26601398;-0.50226456;0.44549975;0.19663368;0.08603841;-0.27418804;-0.18081206;-0.25955158;0.041708585;-0.026163368;-0.755111;-0.28524718;0.04038953;0.0020822855;0.039888553;0.5353701;-1.070644;0.02955706;-0.1181557;-0.22706987;-0.23001388;-0.290698;-0.05001264;-0.15853006;-0.41964993;-0.5719162;-0.32605788;-0.5206021;-0.961931
-0.54847807;-0.22296861;-0.18288924;-0.25864893;-0.0063645975;-0.27163616;-1.0563601;0.02344312;-0.23917729;-0.14908351;-0.2488585;-1.2411267;0.04364499;-0.9135821;0.6436151;0.058091972;-0.045166623;0.038145844;-0.2310449;-1.0065237;-0.08939788;0.03595428;0.388635;-0.26929295;0.018041069;-0.06564138;-0.11901615;-0.43907815;-1.0066669;0.29672053;-0.0036512213;-0.84827226
-0.5112208;-0.24311496;-0.28906363;0.3444033;0.048217416;-0.16950135;-0.33701408;-0.0025463868;0.40418208;-0.07714461;-0.27518475;-1.0444883;-0.031458497;-0.7538847;-0.465115;-0.06811914;-0.2466603;0.031348277;-0.047772624;-0.9851012;-0.2590131;-0.21293184;-0.3051357;-0.13024133;-0.8514404;-0.077524275;-0.5170244;-0.24103814;0.031352807;-0.032101013;-0.047262378;0.7177132
0.01960436;-0.19368131;-0.18840116;-0.4307679;-0.21571034;-0.43751144;-0.1474181;-0.05757457;-0.35816455;-0.05701449;-0.18953845;-0.93025255;-0.15481117;-0.6849957;-0.1603955;-0.059528906;-0.19716346;0.016098743;-0.194535;0.48154426;-0.19307859;0.089477204;0.5118349;-0.24820721;-0.6094442;0.06610416;-0.42602345;0.1702812;0.41592997;-0.26497933;0.07705804;0.41800502
-0.018887952;-0.26775643;0.11582176;-0.090051055;0.107689545;0.4307613;-1.2841026;-0.045852747;0.36062533;-0.24068056;-0.1888205;0.10548207;-0.049612693;-0.3688224;-0.20786168;0.024553422;-0.19426756;0.03266657;0.5432277;-1.3496186;0.10135301;0.117986344;-0.25530574;-0.18211196;-0.33193097;-0.2796826;-0.12681755;-0.29936928;-0.13493726;-0.31058255;-0.32012367;1.0560286
-0.47218013;-0.36639655;-0.09746849;-0.31381774;-0.28762046;0.4280526;-0.35755768;-0.06497892;-0.42179418;-0.030020084;-0.17899832;0.0807684;-0.36333776;-0.38323307;-0.43132237;0.04315771;-0.20052409;0.01775616;-1.1433294;0.32940143;-0.30214304;-0.92176735;-0.26979166;-0.094952166;-0.14596829;-0.015121302;-0.73619926;-0.16594619;-0.46985978;0.08497489;-0.018709857;-0.77855307
0.037276313;-0.37138122;-0.18081458;0.38790685;-0.007587614;-0.45757705;-0.32227266;-0.014847238;-0.43668017;-0.03393299;-0.5203496;-1.1936948;0.07323747;-0.45489734;-0.27929068;0.019218758;0.034312308;0.032840386;-0.15845285;-1.2387227;-0.058728788;0.032638427;0.28182095;-0.14178517;0.0030183687;0.027862368;-0.31430706;-0.26568434;-0.601482;-0.36909792;-0.06592739;-1.1097738
-0.43441483;-0.2377068;-0.32166103;-0.22349545;0.059321675;-0.58904594;-1.1109564;0.06677179;0.29727304;-0.119057916;-0.22022337;0.11968394;-0.26626962;-0.8293371;0.4489912;-0.026571708;0.02021269;0.027584441;-0.9242737;0.49268857;0.016303284;-0.3167043;-0.37241083;-0.25539115;-0.060558762;-0.30412865;-0.20312417;-0.28145143;-0.3192655;0.24483241;-0.2917748;1.050627
-0.76667327;0.8176415;-0.009392702;-0.22162366;0.0137568265;-0.723584;0.06487222;-0.03649067;-0.35807034;-0.109554514;0.11436449;-0.16880718;-0.097538285;-0.26412654;-0.06875728;0.025709065;-0.2352011;0.030420963;0.47936806;0.45307937;0.13448861;-0.14510623;-0.1897642;0.27995893;0.30541497;0.042082064;0.42435452;-0.42713273;-0.41888517;-0.42830592;-0.23226722;-0.92697364
-0.49736235;-0.4486261;-0.24605492;0.35327896;-0.3956133;-0.25094447;0.789697;-0.030625576;-0.37061226;-0.11093957;-0.3577653;-1.4899764;-0.18383203;-1.4539698;-0.1749479;-0.007667148;-0.1820201;0.021715004;0.00923376;0.35987192;-0.37780538;0.11135608;-0.29013413;0.08554679;0.16636872;-0.008354099;0.32394192;-0.6363605;-0.50203955;-0.8235972;-0.44292885;-0.90856296
0.12833366;-0.7012762;0.027448919;-0.53740954;0.08397765;-0.089359045;-0.8846826;-0.08855431;-0.36111435;-0.13240537;-0.34185487;-0.12836303;0.016542315;-0.35729584;-0.31427553;0.045019835;-0.2219332;0.03759952;0.66216385;-1.1110041;-0.035288535;-0.12582038;0.41832492;-0.20271273;-0.1565124;0.020403301;-0.30034527;0.0014313776;-0.7204655;-0.72443104;-0.35641974;-0.9754941
-0.40862113;-0.3851855;0.29382786;-0.5789977;0.01684637;0.46085632;-0.41576216;0.009413233;-0.43902764;0.14154725;0.050524455;0.017032666;-0.04358181;0.02060718;-0.6508671;-0.045934442;0.01349598;0.03652672;-0.15841894;-1.1083336;0.055056687;-0.9835435;-0.18927677;-0.13783091;0.00695146;-0.22555749;0.40679857;-0.31925052;-0.22437462;0.2707948;-0.043894388;1.0776893
0.04004313;-0.28781432;-0.08844626;-0.7031504;0.048092492;-0.7079296;-0.28182533;-0.050980672;-0.3999798;0.011550789;0.21900225;0.06292448;-0.025566489;-0.04271755;-0.25536838;0.040110905;-0.18586873;0.03800618;-0.2207359;-0.8986119;0.0032643834;-0.17150001;-0.36316878;-0.30542195;0.27455577;-0.022677688;-0.16299285;0.3449235;-0.47125438;-0.4961073;-0.61705697;-1.088756
-0.49012962;-0.34452567;0.16914412;0.402158;-0.009496853;-0.42384878;0.7236275;-0.0009950283;-0.31394175;-0.021649718;-0.23986273;-0.13661575;-0.046268098;-0.822618;-0.15184829;0.036318645;-0.2576198;-0.4344867;0.0032099744;-0.8084092;-0.22079836;-0.17612153;0.32101846;0.15333126;0.17331254;0.015328677;0.2836931;-0.7238786;-0.5430975;-0.67560095;-0.40431213;-0.87281173
-0.43821818;-0.34531122;-0.22230364;-0.21255308;0.07828614;-0.6947568;-0.39048374;0.023422398;-1.5294513;-0.19045109;-0.17997923;0.47074106;0.027870437;-0.8525916;0.12112241;-0.051940177;-0.059098575;0.027805861;0.45008373;-1.3815478;-0.25278136;0.19532545;-0.20355713;-0.17497055;-0.42790425;0.007374369;-0.09041246;-0.25642797;0.23798129;0.13018201;-0.51624113;0.9559784
0.039102945;-0.92012113;0.11520837;0.31660956;0.044908334;0.39417413;-1.3324957;-0.10735375;-0.39822835;-0.17923386;-0.09550213;-0.011750402;0.009828173;-0.46471956;0.3535908;-0.0014945865;-0.029149609;0.037890065;-0.009673892;-1.0784392;0.06571727;0.08778395;-0.53503054;-0.037579335;0.06445918;-0.10645967;-0.20822378;0.15098086;0.23122825;0.08567581;-0.25740173;1.0788229
-0.11236633;-0.3833882;0.11906793;-0.6694976;0.103231385;-0.010168643;-0.34531167;-0.13990837;-0.34717488;-0.2076744;-0.15289797;-0.16826135;-0.029118247;-0.5388666;-0.245145;0.030524408;0.07535226;0.041849207;-0.11560564;-1.0590012;0.009990264;-0.15697128;-0.28583577;-0.12666592;-0.2189213;-0.033742912;0.019499324;0.045201257;0.29447272;-0.34588644;-0.411239;-0.9598103
-0.6694391;-0.3722551;-0.19768494;-0.6664446;-0.3880938;-0.43449098;0.61393523;0.034409847;0.27276754;-0.18504804;-0.04073916;-1.3982035;-0.15059407;-0.7972458;-0.26340377;0.025821486;-0.28972906;-0.19832546;0.052010164;0.37139487;-0.32794684;-0.62066317;-0.32975864;0.17227201;0.18617938;0.045640178;0.33304092;-0.28720793;-0.39266032;-0.55151325;-0.47424456;-0.77934897
0.24570194;0.76356;0.13228361;-0.7300042;0.028732507;0.41371223;0.66332257;0.0160301;0.31270266;0.16064887;0.24897711;0.20942552;-0.058412474;0.19712344;-0.17866728;-0.0046830494;-0.0026902235;0.02873161;-0.043119866;0.5558146;0.0839939;-0.15340395;-0.17784126;0.0006098738;-0.015598416;-0.15117018;-0.19935162;-0.54329324;-0.04740399;-0.5223099;-0.047293305;1.1988473
-0.5021059;-0.7088946;0.18862934;-0.651498;-0.19558959;-0.22054508;-0.9531355;-0.1217505;-0.31157565;-0.105301365;-0.13701463;-1.3164443;-0.11842164;-0.8058711;0.095546775;0.03703738;0.07648863;0.019678356;-0.026645105;0.4575117;-0.027911106;-0.49453044;-0.4012961;0.23682797;0.1901875;0.014187057;0.4000029;-0.35387933;-0.57098234;-0.29379252;-0.11298313;-0.9115195
-0.36078158;0.47715932;-0.007132563;-0.4364584;-0.35461074;-0.48275292;0.6860624;0.0014971572;0.3050987;0.08565232;-0.06010265;-0.93892676;0.013992521;0.14238541;0.04480632;0.05077459;0.21068364;0.032498334;0.36996913;-0.6181539;-0.18645789;0.06116523;-0.22385232;-0.23462269;-0.85246766;-0.21096018;-0.78542495;-0.18230973;-0.25633046;-0.041441355;-0.2091473;-0.5954964
0.080432706;-0.22843163;-0.18290427;-0.6769534;-0.3494829;-0.28911328;-0.96080816;0.0601682;-0.3439096;-0.15840578;-0.13920549;-0.14160338;0.08810817;-0.8700853;-0.25982538;0.048256855;0.08499813;0.027701419;-0.23523174;0.3678353;-0.22207947;0.08079543;-0.37524363;-0.26363596;0.037112106;-0.31290442;-0.3902067;-0.25004286;-0.09102129;-0.34222153;0.07871194;-0.7611266
-0.3673532;-0.3045804;-0.18478757;-0.03484718;-0.38066384;-0.084269024;-0.97047985;-0.031744096;-1.3402861;0.16182056;0.14999285;-0.062088687;-0.06898707;0.60796934;0.018443981;0.007946434;-0.07234509;0.0253432;-0.14871329;-1.087102;-0.1091897;-0.2216857;-0.39980876;-0.1992479;-0.3867451;-0.36685443;-0.12882367;-0.57890826;-0.24128924;0.24018809;-0.24433355;0.95237255
0.055805303;-0.79841715;0.073965885;-0.043281708;0.0064506284;-0.39380854;0.52252734;-0.06273536;-0.43852866;0.023912696;0.2444875;-1.3606167;-0.07832386;0.079913445;-0.25068006;0.039132144;-0.06739971;-0.37441197;-0.15174468;0.58989453;0.022652727;-0.13925229;0.37761882;-0.07944542;0.018892754;-0.14988893;-0.28990406;0.07460349;0.17152981;-0.27375367;-0.6363225;-0.9442352
-0.031773128;-0.21770284;0.12958726;-0.25621974;0.15157007;0.4769055;-1.0324777;-0.15983544;-0.31650394;0.22440296;0.39534074;-0.009013062;-0.08308941;-0.06991101;-0.13288985;0.0589945;-0.10939211;0.024527721;0.12324683;0.7266542;0.20540376;0.10409094;-0.26338458;0.25220987;0.2707847;0.04467061;0.3886651;-0.052448392;-0.3224911;-0.4649187;-0.06158083;1.4980421
-0.5141886;-0.264533;-0.18872222;0.027015064;0.029326687;-0.4845613;-0.38305497;-0.11786201;-0.31961086;0.083970904;0.22409423;0.91132027;-0.072512984;-0.24760583;0.44595152;0.05846654;-0.2705656;-0.3358653;0.08714894;-1.2541292;-0.23985429;-0.19978492;-0.24363796;-0.37781212;-0.12515563;0.012465778;-0.26371413;-0.27141848;-0.48214263;-0.22832309;0.05761005;-0.87834746
-0.37794575;-0.78309894;-0.13979043;-0.31782135;-0.30885518;-0.554806;-0.33225745;-0.11275524;-0.49114817;-0.112964235;-0.16051733;-0.18293251;0.009053778;-0.7199565;-0.1299942;0.04622758;-0.09694367;0.029203441;-0.29096782;0.60605764;0.06998928;0.070955604;-0.54667443;0.1645441;0.2128833;0.05172898;0.37364453;0.007738742;-0.5884159;-0.29720366;0.039100572;-0.6850579
-0.24355769;0.7038496;0.17599455;-0.21597987;0.09609989;0.4503467;0.6941889;-0.08035772;-0.37571514;-0.1034737;-0.06455765;0.17816412;-0.101923145;0.056387957;-0.20824261;0.053158127;-0.09925963;0.035372656;-0.12602553;0.52196413;0.09741793;-0.9642803;-0.1587829;-0.07415031;-0.13610804;-0.034442052;0.010197865;-0.13416325;0.44475934;-0.20464022;-0.16960874;-0.8465874
-0.056722715;-0.24904019;-0.27923924;-0.0012313843;0.04195053;0.4388559;-1.211332;0.028143667;0.40413573;-0.02904739;-0.012967572;-1.2252538;-0.25505546;-0.16179785;0.45115143;0.038552586;0.036089517;0.02329972;-0.56366307;0.22261707;-0.34367913;0.054418847;-0.30689117;-0.1572875;-0.079521194;-0.23927735;-0.3123871;-0.19826995;-0.04220891;-0.57467866;-0.0024633557;-0.7911346
-0.18361118;-0.32371673;0.16005895;0.43577978;0.13779047;0.49027586;-0.25524738;0.08013518;0.4302652;-0.15326697;-0.05557171;0.051501688;0.02095329;-0.5843287;-0.06687945;0.021183213;0.02869781;0.041017976;0.5637991;-0.9952464;0.043380335;-0.8695878;-0.2022588;-0.2015304;0.02137598;-0.29993823;0.40800726;-0.06283924;-0.15598373;0.29140443;-0.15126914;1.4425418
0.031440273;-0.37085408;-0.20178606;-0.083457686;-0.39294714;-0.18606393;-0.28627467;-0.03889447;0.32589373;0.12882553;-0.30041713;0.11532385;-0.14201036;-0.0036529414;-0.70425045;-0.016613869;0.089997895;0.02295467;-1.1131898;0.56205386;0.17543037;-1.0199162;-0.3314036;-0.021996455;0.021517308;-0.15839317;-0.28769138;-0.25439653;0.11980768;0.18470284;-0.0922997;1.0542226
0.17827398;-0.3250311;0.19322924;0.53390986;0.06287719;-0.023942303;-0.20322931;0.0359441;-1.2112968;0.12374277;0.49889866;0.09980743;-0.0021072337;0.22229919;-0.08526191;0.02716689;0.13973607;0.024113616;-0.7318321;0.7925739;0.07973447;0.5715249;-0.30483937;0.23212339;0.21652247;0.018340478;0.45172095;-0.04013846;-0.31602317;-0.2735471;0.031673763;-0.7868978
0.11681597;-0.36535954;-0.21735205;0.21192405;0.030144088;-0.34337863;-0.98143333;-0.053468138;-0.3742602;0.023099605;-0.29799238;-1.2603319;-0.1113936;0.22750555;0.41126484;-0.022776233;0.072576515;0.027808394;-0.74807733;0.46051258;-0.08474347;-0.0849931;-0.42150638;-0.13877203;-0.02701188;-0.30633885;-0.35228497;-0.6269531;-0.097456686;0.042533934;-0.054773256;-1.0759839
-0.37028825;-0.42685318;-0.22185159;-0.091611765;-0.50543;-0.12845948;-0.27442726;0.037049737;0.29143885;-0.22302535;-0.08232508;0.104608856;-0.21570973;-0.90355927;0.26994944;0.036436312;-0.20068285;0.026239188;-0.11493747;0.579788;-0.15996163;-0.7378375;-0.39271808;0.09070725;0.20810466;0.082369536;0.31725898;-0.23302731;-0.47254145;-0.48460448;-0.3576341;-0.9967001
0.058957722;-0.24170518;-0.08404996;-0.6400735;-0.009295511;-0.43018252;-1.0815368;0.06763387;-0.267671;0.09631259;0.40859878;0.018952597;0.058100406;-0.4167686;-0.30559814;0.017331975;0.06878571;0.033253707;-0.00026572892;-1.1539272;0.0430644;0.120574005;-0.35358873;-0.30074832;0.036700636;-0.009350022;-0.19330812;-0.23514259;-0.4891919;-0.66723037;-0.5060517;-1.0423185
-0.061632313;-0.33832726;0.15026212;-0.15308753;-0.38770297;-0.26068282;0.23023205;-0.09358255;-0.3618655;-0.16734111;-0.24286161;-1.2230493;-0.123458885;-0.76667124;-0.21732537;0.015258443;0.13815123;0.030705303;-0.6346542;0.50957775;0.00318788;0.39567488;-0.33194643;-0.22260344;-0.13879502;-0.11845502;-0.056743328;-0.030718068;-0.6997887;-0.22975425;-0.18075909;-0.8409626
-0.4195205;-0.26840523;-0.19889008;-0.32017246;0.102013186;-0.6221485;0.07019994;0.012806741;0.31771752;-0.12506448;-0.06960944;-0.22090587;-0.21494189;-1.0190331;0.3268949;0.010920499;-0.17017525;-0.32664794;-0.17753132;0.41891506;-0.46773922;0.11712982;-0.31044272;-0.2583406;0.040537152;-0.014400007;0.37325054;-0.38087735;-0.5766566;-0.41035637;-0.44439346;-1.0070567
-0.022199085;-0.3341846;0.20927483;0.4533128;0.018454;-0.30683196;-0.35829487;-0.06402105;-0.4102037;-0.17925617;-0.19867487;-1.1416125;-0.0027984898;-0.68647647;0.01796636;0.06197759;0.0017027899;0.026944358;-0.16034181;-0.8442873;-0.1225501;0.06803295;0.23547325;-0.22313967;-0.18845677;-0.078741945;-0.053193115;0.46586832;-0.8132231;-0.49285948;-0.034403462;-0.6316165
-0.5058347;-0.44337603;-0.19060113;-0.42718005;0.10343146;-0.31507802;-1.3739082;-0.08089468;-0.34269643;0.023230841;-0.2769286;-0.051665347;-0.029915366;0.034358904;0.1636563;0.023908798;-0.10247343;0.036505975;-0.008351758;-0.93458587;0.024721723;-0.16171123;-0.37816876;-0.18760376;-0.011760706;-0.15752774;-0.438595;-0.018443257;0.22483785;-0.20897914;-0.10681557;-0.95672524
-0.0049127894;-0.45237884;0.16451675;0.56229115;0.13204087;0.42248875;0.6884501;0.022576852;-1.2412252;-0.081692085;-0.071689546;-1.3414756;-0.047284905;-0.45376143;0.3644262;-0.005292819;-0.11055918;0.02401207;0.11221995;0.6983825;-0.008322841;-0.12405595;0.2782906;-0.18247618;0.03138518;0.009059995;-0.08924301;0.11928996;-0.4626981;0.19234209;-0.109260954;1.1854495
0.05164336;-0.21682622;-0.21501195;-0.40972787;0.1494207;-0.19572449;-0.38750616;-0.16149874;-0.39170763;-0.108594224;-0.19363005;-1.6177425;-0.14791505;-1.307156;-0.23906031;-0.02244484;-0.09018453;0.022167522;-0.21005721;0.4344213;-0.49022558;0.12053858;-0.272007;-0.22878523;-0.02030566;-0.28045198;-0.30831268;-0.27261007;-0.16266064;-0.4894146;-0.27630973;0.93963516
0.18013157;-0.33681092;0.09852166;-0.105655596;-0.36000913;0.2275596;-1.0920585;-0.093417756;-0.3343907;-0.18813594;-0.31781265;-0.0060655936;0.040767547;-0.86988705;-0.16011272;-0.027978616;-0.09728862;0.021964679;-0.639711;-1.1788611;0.13925709;0.035169847;-0.48380268;-0.2460781;-0.064134814;-0.0144816935;-0.19856758;-0.6315844;-0.7821736;-0.49571657;0.039620966;1.0153433
0.07546058;-0.39166883;-0.08797575;-0.7710411;-0.022885175;0.47122347;-0.24350154;-0.0648398;-0.3352669;0.053349514;0.32069704;0.096751325;-0.06838547;-0.16732755;-0.19514792;0.024364581;-0.15937363;0.046141844;0.54230946;-1.0008705;0.03990842;-0.15988865;-0.21646805;0.1486085;0.32191712;0.07278062;0.47156873;0.28760928;-0.47187203;-0.50859165;-0.15404117;-0.8579667
0.21050227;0.832259;-0.056832433;-0.32516786;0.04304704;0.55503976;-0.12605302;-0.024493104;-0.30609646;0.09368417;-0.29332206;1.0799576;-0.023398299;-0.015021077;-0.39008218;0.014159695;-0.18921892;-0.29352513;-0.047696088;0.83182514;0.118939675;0.1209922;-0.13504305;-0.10206036;-0.12466925;0.057314567;0.0057718134;-0.10235801;-0.43453676;0.3191434;-0.26297146;-0.93446887
0.07206002;-0.4425463;-0.16758382;0.35063627;0.085026674;-0.31747478;0.9114878;0.061392847;-0.3218981;-0.014971324;-0.39193273;0.14305624;-0.057335503;-0.20587638;-0.2423165;0.015273288;-0.11108325;0.03808769;-0.6844813;-0.8587884;0.03400002;0.4040396;-0.23941886;0.11393858;0.30618718;-0.1760983;-0.35094854;-0.7426735;0.00038018357;-0.5548906;-0.42676628;-0.95723736
-0.40140197;-0.20505045;0.08909447;-0.7770705;0.066093355;-0.6559461;0.09586809;-0.112550974;0.30067936;0.044099636;-0.13114016;-0.15562744;0.020307377;-0.06844844;-0.2610598;0.04295446;-0.15051655;0.044490002;-0.043205652;-0.8481268;-0.0851954;0.072125785;-0.30912742;-0.05968126;-0.9683531;-0.106307015;0.23738022;0.06702417;0.33232176;-0.40714708;-0.48652834;-0.59464294
0.12931243;0.6227175;-0.1681603;-0.16681485;0.12778422;0.44736606;-0.22240257;0.04778462;-0.33904898;0.112770796;-0.29817188;-1.5227646;-0.014159307;0.5070471;0.2817045;-0.020818692;-0.1714169;-0.23344399;-0.16179976;0.5990292;0.23800462;-0.041332256;-0.31700402;0.18498911;0.310538;0.035473183;0.3110808;-0.1155667;-0.3782695;0.014881972;-0.35714144;1.2492144
-0.40280613;-0.27262703;-0.20993358;0.47786203;-0.009443412;-0.044619147;-0.8963851;-0.07691288;-0.20401242;0.0437952;0.35722104;0.6858459;0.029597243;-0.41964296;-0.17657483;0.022818556;-0.22491625;0.026744287;-0.13514772;-1.220568;-0.13353366;0.15344454;0.43069598;0.034113515;-0.19861855;0.010242557;-0.73470396;-0.20818458;0.22944866;-0.24324653;-0.39364472;-0.94882965
-0.26221293;-0.32861578;0.09572041;-0.37195686;0.07875575;0.37723634;-1.3437415;-0.15564883;-0.36441818;-0.19385606;-0.18207657;0.08494526;0.010100455;-0.871345;0.5908844;0.045202177;-0.09244077;0.037151318;-0.2511706;-1.0202528;-0.12384055;-0.8658161;-0.34664348;-0.23185118;-0.03261301;-0.25150362;-0.21180551;-0.27547547;-0.20328072;0.17238972;-0.17207453;-0.9771387
-0.46269754;-0.4318377;-0.17228341;-0.65248716;-0.4066612;-0.14678235;0.10385613;0.0040236427;-0.30948144;0.06105152;0.18604192;0.71505404;0.053122528;0.021740962;-0.12970673;0.053869866;0.10922488;0.038141046;-0.0026407298;-1.1951035;-0.021442585;-0.98797315;-0.23624927;-0.340336;0.037038732;-0.21867087;-0.33096686;-0.15640773;-0.12720084;0.20756397;-0.4115065;-0.81547415
-0.41881463;-0.44188455;-0.22570771;-0.059868198;-0.3898166;-0.106776774;-0.32870477;0.049974654;-0.39157987;-0.18608254;-0.31045678;0.18444787;-0.24021506;-0.5995254;-0.11192804;-0.034244698;-0.11667378;0.01742416;-0.983203;0.5531254;-0.46410877;0.06294486;0.39465642;0.11704251;0.39582106;0.012865138;0.048975866;-0.38754413;-0.47236085;-0.5409566;-0.08374669;0.8110905
-0.19513386;-0.33873457;-0.29148588;0.2264556;0.020853594;-0.17959858;0.6884478;-0.04225839;0.29231203;-0.070914865;-0.28951955;0.04885816;-0.0031188738;-1.4272512;-0.21500616;0.04337056;0.11130724;0.033686448;-0.18496631;-1.108215;-0.30049276;-0.24414167;-0.2671506;-0.043959502;-0.8528734;-0.0056761242;-0.70036286;-0.25998926;0.3016337;-0.18184735;-0.41280413;-0.78619564
-0.55842566;-0.29092616;-0.148538;-0.574717;0.095511965;-0.5842124;0.0496595;-0.039289743;0.2510627;-0.14628825;0.17707758;-0.20212215;-0.060066067;-0.5489245;0.4284032;0.05101365;-0.09481141;-0.5116612;0.04560373;-0.87158465;-0.3861778;-0.1956962;-0.32434422;0.20089993;0.29069126;0.038498648;0.3531048;-0.3687855;-0.4845438;-0.49924424;-0.45003438;-0.90002245
-0.37916642;-0.26509932;-0.1446011;-0.23243105;0.024942752;-0.37504947;0.6162118;0.008917643;-0.44445866;-0.026356673;-0.39464393;0.5617427;0.026336582;-1.3233577;0.047220565;0.06319234;0.12008725;0.035349086;-0.25232124;-0.7796945;-0.44930956;-0.22012722;0.045698665;-0.16892652;0.074548535;-0.25003433;-0.2713454;-0.39405847;0.015157245;-0.43907392;-0.5508778;-0.82533145
-0.1920428;-0.82808125;-0.12728307;-0.22002703;-0.56167936;0.3412652;-0.55064476;-0.059381004;-0.4390335;-0.13376714;-0.14539626;-0.12051064;-0.002276542;-0.8018354;0.38025808;0.02962195;0.09404141;0.037936065;0.62334543;-1.1139755;0.07156806;-0.110780984;-0.2629933;-0.17246354;0.07511451;-0.27415243;-0.24109527;-0.40268737;-0.28390202;0.10047012;-0.46293068;-0.98482263
0.044598002;-0.35327998;-0.13217573;-0.30372834;-0.004946679;-0.41458312;0.031044472;0.072214104;-0.3339083;-0.109504506;-0.17092769;0.56929106;-0.012684156;-0.46164212;-0.2521429;0.06506502;-0.14710885;0.030639024;0.011144206;-1.1531538;-0.10470499;-1.0074956;0.60651714;-0.23479643;-0.91448593;-0.062818505;-0.6492683;-0.60237926;0.1987728;-0.5249568;-0.49236345;-0.5485738
-0.48458362;0.56186616;-0.15119503;0.28481317;0.061467186;-0.35070515;-1.032545;-0.02559817;-0.2943628;-0.026411882;0.1668391;-1.1071197;-0.12462363;0.18916985;0.36364728;0.020385053;-0.28819886;-0.3828249;0.68133295;-0.8282126;-0.14082591;0.2592034;-0.3493279;-0.17712016;-0.04115611;-0.25277048;-0.34719256;-0.79096305;-0.05584524;-0.2877941;-0.044648632;-1.0442495
-0.48325104;-0.30480516;-0.25563213;-0.25873834;-0.48335534;-0.37086737;-0.26554897;-0.14860156;-0.4066591;-0.20170921;-0.042418428;-0.042532455;0.3200487;-0.58373594;0.09267667;-0.09827481;-0.14011207;0.019750146;-0.9364667;0.6634836;-0.028710367;-0.21207479;-0.47272334;-0.3261333;0.025698273;0.017275732;-0.19958098;-0.57526875;-0.6496663;0.23749971;-0.17470944;0.7567083
0.1630234;-0.3677164;0.21862815;-0.31343177;0.0638652;-0.11309587;0.13423027;-0.02084046;0.40772298;-0.19022776;-0.19678038;-1.2826432;-0.07704501;-0.67075694;-0.23589472;0.011403611;0.0006894956;0.024559408;-0.0019542556;0.56425905;0.03914481;-0.13225505;-0.31898314;-0.37694484;-0.15189572;-0.24836281;-0.27645412;-0.71878064;-0.14053868;-0.5396001;-0.39251637;1.403118
-0.37502834;-0.6253237;-0.18271944;0.30707783;-0.3977291;-0.6068477;0.09034183;0.055219937;-0.27125168;-0.16264713;-0.14713286;-0.107414775;-0.009598574;-0.45906824;-0.1334848;-0.059286214;0.076958716;0.030902578;0.44254547;-1.1805859;-0.27368984;0.16001216;-0.34108722;-0.23517902;-1.0167034;-0.028119408;-0.10929144;-0.5271657;0.26548275;0.072914906;-0.21008816;0.6673309
0.054590438;-0.3754211;-0.22516543;-0.7172095;0.025984913;-0.09229607;-1.1868871;-0.06474418;0.27578026;0.04775287;0.2452319;0.59127086;-0.04562554;-0.0859337;-0.28042945;-0.008182449;-0.094111316;0.03304869;-0.15716994;-1.0719495;-0.13684581;-0.15783611;-0.3945768;-0.17516127;-0.0644612;-0.06733109;-0.42724618;-0.89297533;0.13132854;-0.51017034;-0.4250238;-1.1208106
-0.35459772;0.5433147;-0.17893575;-0.59730965;0.03127702;0.119311295;0.32432166;0.031755902;-0.33792943;-0.10241702;-0.24161667;-0.07452822;0.004773709;-0.82497615;-0.23629166;-0.043452058;-0.19268239;0.039838273;-0.19989577;-1.1167686;-0.40888932;-0.26298267;-0.19272013;-0.18290815;-0.60915416;-0.2251861;0.19042225;-0.4027644;-0.36595756;-0.54288787;-0.16504243;1.0501679
0.13342261;0.69485253;0.08632402;-0.14472099;0.108265996;0.10285165;-0.34799415;-0.102715835;-1.273211;0.008949937;-0.12499917;0.5077217;-0.06438236;-0.8364645;0.24160336;0.047443137;-0.04760806;0.028156344;-0.43932366;-0.86733705;-0.31540257;0.46773818;0.19557466;-0.09462856;-0.13174722;-0.0968512;-0.026445664;-0.20868078;0.3383092;-0.5441604;-0.4546078;-0.9430184
0.1032758;-0.5069202;0.08252116;0.34452206;0.08026151;0.5041287;0.15926932;-0.022211857;-0.37250262;-0.1416133;-0.09160586;-0.11291384;-0.12986723;-0.7605935;-0.5085486;-0.017732441;-0.14833269;0.031121224;0.03915225;0.5506872;0.10469778;-1.3176029;-0.22276406;-0.2502289;-0.1162151;-0.0712856;-0.20209019;-0.22892576;0.31419444;0.11974011;-0.49407008;-1.2063354
-0.2850345;-0.26001233;0.057089657;-0.79441303;0.105373785;0.41522583;0.19553863;-0.16792028;-1.4664301;0.030866906;-0.20829277;0.46807352;0.007866666;-0.017643621;-0.25705862;0.052049454;0.024165474;0.038773324;-0.144336;-0.9536539;-0.016444813;0.079971924;-0.17127648;0.033562366;-0.25049165;0.011112485;0.08012186;-0.26765478;-0.6609132;-0.2883228;-0.31949228;-0.78642225
0.017641691;-0.27144796;-0.16161722;0.51126546;0.052290462;-0.46404538;-0.318319;-0.061523132;-0.35814986;-0.15078814;0.27244046;0.5933867;-0.013243391;-0.5236412;-0.21820067;0.059114512;-0.2091825;0.035196286;-0.6923418;-0.9363722;-0.036871515;0.12950575;-0.43183544;-0.09567841;0.3558359;-0.20069282;-0.33756766;-0.48913467;-0.025122812;-0.46295998;-0.5619725;-0.785789
0.33057904;-0.2454208;-0.08138245;-0.13701543;0.11479556;-0.28004608;0.8149828;0.058974944;-0.218207;0.12789239;0.28298762;0.76397556;-0.049669456;-0.070552155;0.50756973;0.027146328;0.028377773;0.039296236;-0.10538232;-0.8336492;0.07183131;-0.8703923;-0.11864592;0.18663168;0.11406684;0.09730416;-0.16593555;0.08120801;-0.4081623;0.024211016;-0.052205987;-0.6513822
-0.1716202;-0.22901711;-0.2342499;-0.38236195;0.09253482;-0.52141434;-1.0799541;0.061090406;0.2715214;-0.12675902;-0.19623235;-0.08897193;0.12997845;-0.74043477;-0.16730987;-0.049622603;-0.13825226;0.027667426;-0.18258472;0.46979278;-0.5949818;-0.13981977;-0.37666795;-0.25809315;-0.102865994;0.017558206;-0.055064037;-0.014233913;-0.8389457;-0.28426084;-0.12754974;0.697915
-0.28871182;-0.44083732;-0.17100766;0.07498419;-0.033889193;-0.3229626;0.76208305;-0.055856824;-0.35673615;-0.06887972;-0.4533814;-1.0445704;-0.06901959;-0.042703025;-0.07971331;0.0481205;-0.4459814;-0.41449514;-0.6427917;-0.85062236;-0.17464311;-0.13551682;0.24057208;-0.11566488;-0.021383055;0.06257137;-0.3219231;0.08525011;-0.5407458;-0.6055243;0.2099642;-0.9561193
-0.038189016;-0.26879913;-0.17467624;-0.20140858;-0.015021561;-0.2528952;-0.82712895;-0.094191626;-0.4052581;-0.0026201315;-0.27810687;-1.3766102;0.024386266;-1.2405435;-0.1726992;0.057345953;-0.119253434;0.020271208;-0.59456754;0.26635033;-0.41982028;0.012752454;0.47482646;-0.302089;-0.018099593;-0.32983282;-0.065554574;-0.41938862;-0.24446611;-0.69264823;0.14248931;-0.95406586
-0.43985152;1.0908664;-0.21408047;0.3340647;0.07210598;-0.06255979;0.93088305;0.02140696;-0.31458086;-0.16373974;-0.28642297;-0.12953535;0.09483606;-0.28146863;-0.1496194;0.049716305;0.058590163;0.039138135;0.01273177;-1.023079;-0.26380783;-0.1280279;-0.17552514;-0.3221144;-0.21508494;0.062503874;-0.2492535;-0.24489367;-0.6691785;-0.33053237;-0.08552408;-0.85728884
0.005082684;-0.30159768;-0.2344576;-0.52741355;0.07031379;-0.23014885;-0.32697165;-0.034571294;1.2033595;-0.17411532;-0.23753203;-1.7803055;-0.10776566;-0.9568791;-0.22378805;0.017115355;-0.34777892;-0.29021037;-0.15553464;0.5532614;-0.296993;0.08491827;-0.30473524;-0.31667638;-0.10549463;0.00802291;-0.27029037;-0.319121;-0.59370035;-0.19101644;-0.28985968;-0.93842816
-0.042904466;-0.2411959;-0.17370485;-0.17614225;0.02619765;-0.023179019;0.43200412;-0.098832235;-0.33241653;-0.03593318;-0.16995354;0.44915426;-0.02608725;-0.64785105;0.3284871;0.04614848;-0.050491445;0.029014906;-0.6331237;0.4174186;-0.3736012;-1.2076423;0.3397375;-0.014734894;-0.28040606;0.0402503;-0.65016043;-0.23014566;0.23977034;0.046389274;-0.4377453;-0.9934798
-0.10512437;-0.24724527;-0.17754188;0.37522712;0.008330949;-0.42259017;-0.2784073;-0.04245602;-0.37123066;-0.1469126;-0.24331959;-0.11637545;-0.037777543;-0.34822327;-0.08725158;0.09188887;-0.24022196;0.03238394;-0.1806789;-0.9392149;-0.2168293;-0.98980856;0.311135;-0.12473946;-0.26247305;-0.02415988;-0.32675767;0.59767866;-0.6798412;0.015091827;0.13916717;-0.6270813
-0.48050165;0.63720167;-0.20359452;0.29981437;-0.28152472;0.3325025;-1.4332753;-0.032000784;0.18078324;-0.16088033;-0.031389035;-1.2008154;0.025282543;-0.6725658;-0.40016186;0.06614753;0.027998764;0.03365513;-0.52678895;-0.9093251;-0.033339463;-0.08583358;-0.3795624;-0.24544379;-0.28056544;0.01515562;-0.16006313;-0.64510876;-0.6177026;0.10768263;-0.041657127;-0.6814584
0.17666517;-0.350077;0.09198444;-0.64461315;0.075649664;0.5311089;0.65667987;-0.0146526545;-0.31632087;0.1849477;0.22740039;0.26883024;-0.06959986;-0.103142455;-0.21841778;-0.011121178;0.121370435;0.032878347;0.1648807;0.63247156;0.055858716;-0.20124379;-0.14807966;-0.22575566;-0.066786796;-0.15673004;-0.07423279;-0.09307111;-0.11257261;0.25797606;-0.16773072;1.2293161
-0.22716478;0.6874521;0.09222451;-0.12394608;0.07217975;0.30274338;-0.9774526;0.026892213;0.9158289;0.006695049;0.3761749;0.08132005;0.031858906;0.27423134;-0.5410096;0.036126114;0.15431434;0.043726373;-0.66244066;-0.83542156;0.015401462;-0.106726885;0.49865246;-0.007762609;0.041274745;-0.19791767;0.4332906;0.37614226;-0.085692085;0.3111115;0.17400308;-0.7292715
-0.6420654;0.5562342;-0.20543434;-0.6960672;-0.027787197;-0.07979564;-0.8072588;0.03278427;-0.22189327;0.119192116;0.37497017;-1.2082242;-0.13946073;1.1332964;-0.13544223;-0.012976139;-0.17335063;-0.35863787;-0.19831032;-0.76497054;0.13545766;-0.17440754;-0.33604822;0.12601466;0.34479222;0.033732943;0.34747258;-0.1736938;-0.34680364;-0.39780486;-0.3377;1.0851729
-0.2470011;-0.23961526;0.09136342;-0.4719189;-0.27180225;-0.058865048;-0.3888159;-0.020532502;-0.44607198;0.013922886;-0.24042864;-0.198715;0.06342392;-0.97814023;-0.31605273;0.05324777;-0.21643265;0.024519918;-0.6369609;0.4959001;-0.38162032;0.028464634;-0.32595095;-0.10126769;-0.5413768;-0.34370413;-0.605795;-0.37723693;-0.32930753;0.12075693;-0.11897835;-0.7617042
0.036998723;-0.43016553;-0.20331937;0.51394105;0.0808012;-0.33549243;0.68942064;0.06429261;-0.29760507;-0.041074287;-0.514709;-1.1697298;0.04979117;-0.4322464;-0.2839939;0.0051309303;-0.11096676;-0.40712127;0.04904581;-1.1549753;-0.016571984;-0.12710078;0.5166094;-0.13509291;0.01478507;0.055836212;-0.31766522;-0.2878918;-0.46272945;-0.37112314;-0.5143824;-1.138572
0.11520143;-0.7121037;-0.07151656;-0.21863864;0.10898341;-0.1700028;-0.3331215;-0.051185377;-0.4560836;-0.02388679;0.278656;-1.515605;-0.081133485;0.2596522;0.16610962;0.040676203;0.08265999;0.037581075;-0.12697119;-0.8068143;-0.03768541;-0.09692978;0.70717806;-0.29472688;-0.16003671;-0.21206853;-0.12399537;-0.5290066;-0.019100811;0.01759053;-0.118201725;-0.9584185
0.09231377;-0.22795746;-0.11168322;-0.4191301;-0.31272188;-0.73536384;0.08482534;-0.020455597;0.365932;-0.07583286;-0.34818244;-0.33175668;0.065834105;-0.85047114;-0.21156515;0.0070063695;-0.23270872;0.03368007;-0.2074152;0.42642975;-0.075141676;0.07181382;-0.33813748;-0.040163513;0.05229865;-0.08692887;-0.030788414;-0.3205542;-0.73139894;-0.43188542;-0.448197;-0.8465785
0.2858613;-0.3461139;-0.12966165;0.35091472;-0.42442033;0.4943696;-0.2448108;0.020599263;0.5019358;0.086147875;-0.26534075;0.20387228;-0.024530048;0.03507365;0.38413042;0.03355661;0.16469887;0.037971437;0.1496676;0.7337566;0.037740957;0.1222032;-0.47419226;-0.067034215;0.05919928;-0.18824625;0.29086435;0.17231221;-0.005986264;-0.18104991;-0.42182708;-0.7358322
0.25808346;-0.26294777;0.29403183;-0.61058146;0.029676339;0.5474597;0.7144588;-0.026325477;0.40780005;0.08616097;0.22731884;-1.1208483;-0.07373299;0.15354745;-0.19284223;0.029494366;-0.052088317;0.033449195;-0.070338;0.5382405;0.2231978;-0.091184266;-0.32345837;0.26755795;0.26181948;0.090118386;0.5026293;0.07194901;-0.33391222;-0.30042875;-0.52581555;-0.8610872
0.106196456;-0.4816579;0.070164934;0.5087187;-0.29897544;-0.61775506;-0.3351149;-0.012402127;-0.44818604;-0.033241592;-0.06360185;0.6615545;0.052041806;-0.27527255;-0.32698357;0.052255712;-0.12490404;0.029841116;-0.15628675;0.69950646;-0.073617056;-0.24394192;-0.318987;-0.103871;-0.37849686;-0.086727284;-0.30543247;-0.30327725;0.17081048;-0.024717208;-0.47250563;-0.7152337
-0.18536662;-0.2749243;0.092184305;0.39700386;0.117253445;0.40157992;0.7696755;0.01832978;0.2764974;-0.020067351;-0.24538568;-1.052984;0.049957875;-1.6583337;-0.12434249;0.04250261;-0.008449573;0.034479998;-0.14629997;-0.720561;-0.21374601;-0.12787008;0.18929318;0.06819773;0.1752166;0.024842529;0.2787429;-0.48909256;-0.5799149;-0.79712504;-0.5031686;-0.84492666
-0.113082856;-0.30835813;-0.20143172;0.15421264;-0.33738133;-0.1218989;0.08546563;-0.10821526;0.2447722;-0.086695634;-0.15831779;-0.22534424;0.04873398;-1.24819;-0.3674712;0.025728388;-0.029141586;0.03641933;-0.0314558;-1.0511637;-0.31618893;0.12125677;-0.2385745;0.041256726;-0.78151333;0.008865954;-0.008409057;-0.29865798;0.2829367;0.24602622;-0.5574659;-0.8210252
0.0956606;-0.7894919;-0.117045276;-0.5381484;0.019601446;-0.430152;-0.23605683;-0.032390002;-0.4140884;0.03153646;0.10751802;-1.4119002;-0.15155102;0.05534742;-0.6023228;0.0699755;-0.20006469;0.023419842;-0.13468441;0.5227441;-0.20469998;0.10863934;0.51142716;-0.25203717;-0.105501026;0.113983266;-0.08100432;0.15371685;0.24813795;-0.07368505;0.26397687;-0.77276695
-0.047177777;0.37357193;0.12671125;0.37038147;0.022660071;0.25530607;-0.2050164;-0.05116161;0.30632457;-0.005947924;-0.054207575;0.5317882;-0.002256468;0.2551338;0.03486658;0.05908869;-0.12485928;0.028015027;-0.7257093;0.39486545;-0.43905228;-0.9579783;-0.39159784;-0.14924654;-0.5985348;-0.054553233;-0.85957074;0.003985857;0.15892394;0.020799093;-0.34836394;-0.77427
-0.23037176;-0.2928918;-0.14142032;-0.45594886;-0.01731939;-0.5060186;0.8322983;-0.108185664;-0.35721987;-0.16053429;-0.32134512;-1.0355438;0.044565752;-0.6292098;0.47782043;0.06931916;-0.16577141;0.038030498;-0.23963612;-0.57271326;-0.37510875;0.116738245;-0.22143339;-0.35355845;0.19766855;-0.010034703;-0.1337976;-0.10279602;-0.752654;-0.37860826;-0.5999856;-0.826028
-0.46077785;-0.33703175;-0.15360308;-0.36486712;0.11250123;-0.14025053;0.73158044;0.021979995;-0.410915;-0.046614163;-0.48029417;-0.13941117;-0.022643989;-1.5276805;0.4842434;0.014173218;-0.028262418;0.026631467;-0.14484812;0.4061916;-0.5455458;0.110162094;0.41322884;-0.15919214;0.015348871;-0.009142591;0.18313275;-0.4246753;-0.6355251;-0.69094926;-0.4558336;-1.0652636
-0.36576504;-0.21700452;-0.26318696;0.30724347;0.04325007;-0.3579353;-1.5542607;-0.055456392;0.92759;0.109519035;0.065703034;-0.10101724;-0.14507884;-0.32430646;-0.52113014;-0.010991239;0.050724346;0.03078158;-0.0563505;0.6630724;0.052875113;0.18230416;-0.48022988;-0.26181605;-0.08273997;-0.04050186;-0.30089998;-0.12246505;0.29222348;0.13057825;-0.11907253;-1.0218436
-0.4598834;-0.41685998;-0.19486423;-0.24627756;-0.45091382;-0.015312416;-0.35215542;-0.1468919;-0.38331735;-0.23720099;0.20273466;-0.13471992;-0.21213849;-0.5928083;0.2537123;0.053786945;-0.115565605;0.021807956;-0.17105182;0.4270747;-0.39307058;-0.1390457;-0.43695128;0.06694286;0.28000805;0.037893705;0.35805747;-0.28047904;-0.3519531;-0.5878014;0.115831345;-0.77306455
-0.2841601;-0.35043207;-0.180666;-0.45265383;-0.35969034;-0.24960063;-1.3659301;0.024123754;0.1968918;0.094275154;-0.25791946;-0.0685676;0.011044422;0.01021523;-0.03704808;0.011080984;0.046242222;0.038531892;-0.134412;-1.172478;-0.04287353;-0.13005176;-0.4312717;-0.19045064;-0.03194764;0.04249402;-0.08528097;-0.31215167;0.3511182;0.064928904;0.04173657;-0.93321425
-0.23314406;-0.2383453;0.2230784;-0.029782083;0.1305381;0.45339787;-0.31443056;-0.09763846;0.48184428;0.0064593516;-0.14623804;-1.4427192;0.021782128;-0.3180408;-0.16722906;-0.07973361;-0.3772466;0.036269836;-0.2627084;-0.7680545;-0.31427503;-0.10808783;-0.24028423;-0.12206163;0.0005967445;-0.21382824;-0.28496554;-0.18712795;-0.28522477;-0.40804315;-0.29949656;0.5383033
-0.17915872;-0.34647295;-0.21738549;-0.16553614;-0.049699318;-0.09330978;-0.3587556;-0.089171074;-0.42031813;0.015633535;-0.34392896;-0.023002254;-0.088531926;-0.26832396;-0.20276755;0.06034786;-0.15315175;-0.31493393;-0.5886414;-1.0439255;0.0042385887;-0.71618176;-0.34765097;0.035091825;-0.42424792;-0.10010228;-0.2996266;-0.41183558;-0.63177353;-0.23400235;0.10125893;-0.7387374
0.064119205;-0.25232702;-0.15099713;0.5109306;0.09303338;-0.5598958;0.24440683;0.06782279;-0.27875802;-0.027163815;-0.080190085;-0.06306707;0.028133398;-0.86240524;0.4372856;-0.0635156;0.05554788;0.03443155;-0.60523766;0.49087608;-0.30244228;0.19568525;-0.34222347;-0.13498472;-0.059301067;0.016093368;0.05192563;0.09519533;0.4566092;0.014779814;0.060318064;1.3330855
0.09261;-0.20509358;-0.100832015;0.06726793;0.14558318;-0.24810943;0.96202564;0.032621235;1.0609294;0.012355087;0.17182632;-1.2058457;0.107537374;-0.14217445;0.6861597;0.018239845;-0.026970068;0.048348147;0.48461914;-0.67858607;-0.053342327;0.15019043;-0.20842963;-0.09946209;-0.012485406;-0.22718918;-0.15040621;-0.04086078;-0.01555367;0.23220302;-0.019434446;-0.79189676
0.19763091;-0.35082987;-0.03582929;-0.16730171;0.0024675096;0.4278839;-1.2933486;-0.024419926;-0.36977428;0.10920228;0.2555928;0.12807804;-0.12862754;-0.17017609;-0.5032053;-0.0141943395;-0.24885952;0.032946892;0.6028716;0.66781026;0.06418361;-0.17754214;-0.36272234;-0.13405943;0.07762589;-0.25668335;-0.25408736;-0.098007694;-0.032384682;0.31436917;-0.48258036;-1.1803825
-0.4039647;-0.273194;-0.22020783;0.52368176;0.11400127;-0.24689409;-1.2066779;0.039543405;-0.23924181;-0.17517932;-0.09361855;-0.010143814;0.048518404;-0.58841044;0.07022187;-0.025776185;-0.04526087;0.026920417;-0.09269219;0.6052583;-0.15650223;0.14737158;-0.3636289;-0.14240897;-0.3314016;-0.0136657255;0.27434546;-0.16603865;-0.67062145;0.18542443;-0.46270415;0.74642825
0.325277;0.9738767;-0.11153642;0.4780422;0.1305632;-0.1390324;0.87713605;-0.018483546;-0.2963812;-0.036372855;-0.038671855;0.0256172;-0.07957066;-0.0040419586;-0.09560947;0.028620735;0.06201314;0.036175717;0.40386707;0.42575914;-0.08868515;0.11809175;-0.1497928;0.09658852;0.3111551;0.08013409;0.40864208;-0.20243633;-0.35947353;-0.44034737;-0.25900546;-0.662597
0.04658197;0.7518608;0.3756414;0.5379788;0.15886346;-0.6317193;0.45300403;-0.10142088;-0.21793768;-0.027173545;0.014050384;0.6775117;0.09160885;-0.17137285;0.3202286;-0.023078805;0.01886812;0.041903336;-0.11306078;-0.71372974;-0.07239415;0.1530401;-0.19745643;-0.025978886;0.07125063;0.050069075;-0.14840847;-0.08867187;-0.53653216;-0.21178298;0.07907329;1.0626998
-0.51194304;0.78650254;-0.13396733;-0.26514998;0.069165744;-0.6516808;0.06794864;-0.014785492;-0.3627808;-0.015767995;0.19119571;-0.091469854;-0.06861004;0.21719743;0.09248282;0.049951468;-0.07901751;0.046791367;-0.6984404;-0.75698733;-0.117306106;-0.10373013;-0.29667985;-0.06602807;-0.011376539;-0.10266261;0.51963955;-0.81192213;0.02470135;-0.2722942;-0.047966458;-0.95233464
-0.48236352;-0.6769416;0.13995795;-0.08889049;-0.27411285;-0.39106488;0.11495596;0.0089638475;-0.4727734;0.02218216;-0.046394866;-1.0614417;-0.25325638;0.22505176;-0.24241534;0.06268481;-0.34648868;0.03508996;-0.59993225;0.3515931;-0.1502661;-0.20662439;0.46034396;-0.11904511;-0.09447995;0.02145613;0.044880204;-0.28826866;0.5222114;-0.08449466;0.29535007;-0.8270038
0.27737138;0.6931353;-0.1171446;-0.06289;0.056362297;0.50710434;-0.22581752;0.022340178;0.5309506;0.13363317;0.15311559;-0.021350032;-0.0950992;-0.2095289;0.41103148;0.03723556;0.095856816;0.03847555;-0.06267225;0.63455415;0.19215073;-0.10939566;-0.26557115;0.0752389;0.042908728;-0.16842526;-0.22255148;-0.16294321;-0.033848047;0.1580298;-0.112484805;-0.7780864
-0.11604819;-0.29311663;-0.1481137;-0.5937066;-0.61722016;0.15605226;0.12279786;0.06886848;-0.30883604;-0.1696852;-0.04992022;-1.1942474;-0.04782928;-0.673631;-0.19202426;0.03699059;-0.18900906;0.03359691;0.53536034;-0.6554006;-0.17011562;0.08310133;-0.3413419;-0.010771643;-0.2757043;0.004580195;-0.07866509;-0.76122886;0.31610832;0.07846172;-0.6355173;-0.8407006
-0.089391395;-0.3258818;0.16378462;0.39725316;-0.4781554;-0.027511034;0.53776014;0.01908881;-0.25044388;-0.106294215;-0.14806075;0.128243;-0.1809603;-1.1791269;-0.091198646;0.012943981;-0.032574307;-0.25613272;-0.5383539;0.5338924;-0.3604937;0.13557321;-0.26435244;0.018856196;-0.34422696;-0.017311752;-0.034716032;-0.33716014;0.3285803;-0.59290206;-0.4259824;-1.0356681
-0.22788818;-0.68354475;0.14259772;-0.07827659;0.014820182;-0.1426791;-1.0392579;0.022481766;-0.43019265;-0.10410544;-0.14227957;-1.3228947;-0.1925419;-0.9292869;0.5198616;0.03740396;-0.2965126;0.020867225;-0.47655043;0.38814616;-0.31247634;-0.1564924;-0.3694087;-0.17889304;-0.08313308;-0.3539881;-0.57899654;-0.2153084;-0.23972417;0.092340656;-0.17664428;-0.9251991
-0.32270303;-0.2933653;-0.03887056;-0.6858688;0.091658495;0.2027078;0.1420852;-0.021642324;-0.35688084;-0.15516505;-0.087996505;-0.07392735;0.023837922;-0.25423497;0.39858544;0.055839676;-0.11431497;0.024797706;-0.064814486;0.53935325;-0.24642839;0.102398984;-0.312601;-0.17898872;-0.7816432;-0.079557136;-0.733323;-0.016025849;0.16917525;0.290196;-0.6171824;-0.95390654
-0.28760144;-0.3460527;-0.2587544;-0.18661073;0.08139225;0.01935267;0.22450247;-0.010129558;-0.29774866;-0.10166775;-0.2445196;-0.17164789;-0.23861134;-0.8765227;0.36122325;0.010221007;0.16563481;0.028311407;-0.1518567;0.3973308;-0.6108212;-0.21477218;-0.34702367;-0.062474683;-0.047978267;-0.07951845;-0.8759076;-0.19200881;0.2954124;0.18260893;-0.49396983;-0.956196
-0.5011057;0.7919766;-0.112495035;-0.1502817;0.10849899;-0.016068194;-0.24675953;-0.06192651;-0.32546166;0.047305547;0.1764168;-0.17233242;-0.051595993;-0.48465684;-0.21672907;0.033298742;0.07693165;0.037191257;0.56015;-0.9941341;0.030363047;-0.16397765;-0.24290034;-0.173011;0.0011001271;-0.071768045;-0.14221565;-0.5727789;-0.6990186;-0.35494825;-0.35133228;-1.0365512
-0.01821036;-0.32945386;0.11693698;-0.55785197;0.011629146;0.015134791;0.27635306;0.048299927;-0.3836098;-0.18587498;-0.16558762;-1.5574752;-0.11620737;-0.7716045;0.044428356;0.004084342;-0.14297223;0.026733182;-0.16028203;0.50302285;-0.21928072;0.09368459;-0.36773553;-0.17559986;-0.13084775;-0.03952138;0.097231425;-0.15077573;-0.606551;0.075269975;-0.10004759;1.4532475
-0.30646837;-0.21687752;-0.25538453;0.5512154;-0.01768921;-0.4449154;-0.5013403;-0.058757838;-0.26204157;0.01656144;-0.18867384;0.31243247;0.025837235;-0.35436317;-0.13969056;-0.06937715;-0.09150971;-0.36171812;-0.54800993;-0.77122366;-0.04197486;-0.92684525;0.39800116;0.012650086;-0.9136064;0.035773087;-0.13632359;0.23103338;0.3087043;-0.2290353;-0.07971035;0.3226529
-0.19083624;-0.23490988;0.07415195;-0.78273714;0.056364432;-0.49032462;-0.8560087;-0.1321252;-0.3105178;-0.21536946;-0.0845008;0.09730841;0.006674444;-0.2583607;-0.60956746;0.060713895;-0.20233452;0.038701773;-0.057615537;-0.8360838;-0.058089394;-0.22068448;-0.43411624;-0.13315153;-0.3251653;0.03358105;-0.09550459;0.29983002;0.2590936;0.051107865;-0.5457536;-0.8389514
0.11110424;1.0154492;0.40556848;0.47561923;-0.3707938;0.014492813;0.2940191;0.02474386;-0.27123892;0.06855308;0.03227543;-0.021183139;0.07225973;0.06622434;-0.450948;0.003752131;0.008746475;0.04218914;0.050639804;-0.98686546;0.010801866;0.14779054;0.17251027;-0.13699035;-0.23209026;-0.21257374;0.38823465;-0.048301727;-0.048007634;0.15596668;-0.32826024;0.97754663
0.037044026;-0.300615;-0.2189801;0.2948855;0.080735;0.41277114;-1.3399794;-0.0038449336;-0.34261099;-0.16378003;-0.31644875;-1.1995602;0.08111011;-0.6258863;0.13624641;0.03398184;-0.061418574;0.03328331;-0.024425581;-0.9325421;-0.092598446;0.04665219;-0.4846236;-0.14632306;-0.026473058;-0.27942085;-0.36075458;-0.70961547;-0.12339332;-0.38905394;-0.15467525;-0.85798854
0.08182413;-0.28611872;-0.11209373;-0.60555345;-0.37497288;-0.48824462;0.7593057;-0.049908143;-1.4202641;-0.085917234;-0.36030218;-0.18433379;0.0048361546;-1.289394;0.07753264;0.04347495;-0.34542206;0.03175808;-0.21492746;-1.0298463;-0.09809089;0.12830786;-0.22262046;-0.2839426;0.2004911;-0.025378276;0.05748506;-0.3746592;-0.74771994;0.15574874;-0.43663123;-0.7893165
-0.06357137;-0.28653872;0.17340791;-0.2425;0.06660034;-0.24254517;-0.369348;-0.009984987;0.2822282;-0.019374225;-0.3326366;-1.2726804;0.048350222;-0.8683013;0.420396;0.045529727;-0.34474906;-0.44771922;-0.17822075;-0.9478677;-0.14608797;-0.0943988;0.30217868;-0.27319852;-0.1191943;-0.020939;0.12044736;-0.46111405;-0.7695711;-0.058621403;-0.1702978;-0.8513144
0.3291235;0.7336842;0.050859034;-0.10266801;0.15407282;0.3273954;0.118328825;0.0076040756;-0.20895888;0.14339334;0.33616382;0.15943712;-0.05714979;1.0042984;-0.08616366;0.012980137;-0.06241628;0.024746623;-0.9326484;0.460725;0.21542528;-0.1629795;-0.186821;0.28640056;0.39181527;0.102543;0.48805425;-0.23259962;-0.2571712;-0.18744698;-0.27538085;1.475852
-0.37902945;-0.5536599;0.22938201;0.32721308;0.09988529;-0.53633094;-0.43815088;0.006254902;0.949682;-0.011137523;-0.16018741;0.73007566;0.04718884;-0.91821784;-0.15173762;0.02842372;-0.018329343;0.026587134;-0.16473943;-1.2251697;-0.32264265;0.11687113;-0.30440518;0.16613409;0.20738193;0.022404494;0.2002997;-0.47079986;-0.69206935;-0.5380227;-0.36596265;-0.92697453
-0.44496813;-0.5340102;-0.19841188;-0.7462431;-0.641453;-0.99143463;0.62133116;-0.006481018;0.24264121;-0.20413265;-0.1915346;-0.22878958;-0.21497548;-0.9172832;-0.20555161;-0.032505188;-0.04144039;0.021647912;0.3862926;0.5090738;-0.2554958;-0.23317888;-0.32954472;-0.24185625;-0.2697347;-0.067579515;-0.22846241;-0.21752498;-0.6357781;0.14327432;-0.23047352;0.651209
0.14615779;-0.4166791;0.00013186381;0.25896046;-0.020951923;-0.3765814;0.6942574;-0.05069305;-0.31861717;-0.11598398;-0.23946579;-0.14335234;0.037348833;-0.29400322;0.378683;0.022031168;-0.06595635;0.042236112;0.35889634;-0.846943;-0.031735066;-0.8925335;-0.15404624;0.31731126;0.39276367;0.053395525;0.3601131;-0.53559846;-0.4118461;-0.33596537;-0.23472393;-0.81348926
-0.2727771;-0.36001638;0.13247302;-0.8806497;0.07188842;-0.7399153;0.6697768;0.0257202;-0.40458965;-0.14452979;-0.22215822;-0.17682928;-0.19692992;-0.40541527;-0.2987261;0.038668927;0.18308696;0.023375837;-1.0517374;0.34641364;0.077954255;-0.27008396;-0.29427937;-0.47133622;-0.1682208;0.04260384;-0.30160034;0.1382164;-0.7546767;-0.758879;-0.6775739;-0.9765774
-0.2878291;-0.2980492;0.21386452;0.502018;-0.31128302;-0.24975441;-0.66229504;0.007889504;-1.0182866;-0.10592388;-0.062108085;-0.9807182;-0.14192398;-0.7846843;-0.206686;0.0062799766;-0.19541116;0.026553933;-0.70596623;0.4343266;-0.13064745;-0.22928983;-0.391975;-0.010365097;-0.0740847;0.14937444;0.059525546;-0.054075878;0.4346409;-0.08091983;0.18038537;-1.0150205
0.17428471;-0.15920553;-0.15067984;0.4346863;0.082933255;0.35976526;-0.12044135;0.011359903;0.724962;0.12630971;0.36369732;-1.0618638;-0.059675008;0.48292664;-0.10149711;0.023276567;-0.09797261;0.022332769;0.10759291;0.64608186;0.21256058;-0.1144378;0.6128913;0.20035078;0.26009017;0.07733382;0.38606578;0.14707926;-0.2703731;-0.17913535;0.17756778;0.7766
-0.45273;-0.35628247;-0.21183214;-0.75073147;0.073734805;0.54701704;0.319467;-0.007095397;-0.33048394;0.021727296;-0.17652252;-1.4347;-0.2212713;-0.41839495;0.08256055;0.06934927;0.021599442;0.026852064;-0.94330406;0.0659871;-0.26045316;-0.18615781;-0.41217622;-0.24743213;-0.12365399;-0.2278602;-0.30176345;0.027926039;-0.41761425;0.023802556;-0.11686699;-0.73576534
-0.48722848;0.6449126;-0.14900135;0.35921636;0.030732779;-0.6146154;0.82855994;-0.09874525;-0.5607313;0.008025239;0.0059337583;-0.13008234;0.029910093;-0.30086815;0.2698219;0.05364337;-0.07288545;0.03125765;-0.72978675;0.1681054;-0.40062594;-0.26805738;0.18606877;-0.07557967;0.020776635;-0.21469499;-0.2581322;-0.36314696;-0.22679363;-0.75724137;-0.6518238;-0.82592845
-0.22239622;-0.20500244;0.09666614;-0.3385798;-0.39496467;0.023555702;0.17315632;0.01269168;-0.24570829;-0.094371095;-0.145699;0.53732276;-0.0057336306;-1.3366172;0.3766229;0.04678902;0.09747367;0.03824923;-0.031599272;-1.1628615;-0.41618046;0.110899694;-0.22008464;-0.07701972;-0.71380275;0.008683319;-0.23957565;-0.22508445;0.29790878;0.113730155;-0.51181847;-0.7806195
-0.37716714;-0.6177225;0.07035429;-0.12193438;-0.3525408;-0.64576775;0.8678961;-0.04851474;-0.3924978;0.07741299;-0.089600295;0.06871093;0.005126022;0.010407766;-0.29575863;0.06741324;-0.17255491;0.044998486;-0.4904172;-0.8121229;-0.017755872;-0.9527715;-0.2878618;-0.14248118;-0.10961499;-0.10047585;-0.04257119;-0.28260893;0.3306028;-0.24686594;-0.48475784;-0.8307635
-0.012169256;-0.30770802;-0.23813483;-0.18573877;0.08672156;0.49541122;-0.8590907;0.045047186;-0.2119025;-0.23091161;-0.18555155;0.45994097;0.008531611;-0.9307901;-0.13897803;-0.013632672;-0.038138628;0.0291244;0.06618444;-1.3245804;-0.27995256;-0.29233983;-0.2568721;0.037685152;-1.0693221;0.011603579;-0.69672847;-0.29415122;0.2724492;0.09978728;-0.35862362;1.0258281
0.11094296;-0.2823939;0.13904607;0.520885;-0.20167787;0.035265043;-0.7877905;0.025021603;-1.078492;-0.0483823;-0.11322697;0.025161762;0.06107784;-0.083069526;0.33338025;0.05175184;-0.016803268;0.034510836;-0.59908175;0.6301338;0.14207895;0.07739642;-0.34173772;-0.08030501;0.074241206;-0.24366696;-0.131817;0.31877452;0.01762833;0.41626495;0.4025943;-0.6665303
0.07585259;0.6424645;0.10525634;0.38434958;0.050076984;-0.19677827;-0.9879881;-0.03717453;-0.3125933;-0.006572813;0.20866843;-1.4504707;-0.030348279;0.25491568;-0.60013914;0.013297813;-0.1277928;0.043447744;-0.16141196;-0.65339994;-0.060659066;-0.102798164;-0.40275106;-0.031164287;0.035346523;-0.15703848;0.26075462;0.31122434;0.14934082;0.1462038;0.13145125;-0.9747027
-0.7225224;-0.24939646;-0.18236409;-0.04884702;0.08060259;-0.45080265;-0.48301354;-0.06270926;-0.4002387;-0.16680026;-0.028976226;-0.103848815;0.052958902;0.03508958;-0.15503934;0.07178207;-0.27907187;0.032230664;-0.29612148;-0.846976;-0.24526244;-0.08112579;-0.28058314;0.12853445;0.20120156;0.04043974;0.28120986;-0.505001;-0.5645532;-0.6601627;0.0077185216;-0.6144606
-0.3838085;-0.43123686;-0.17102727;-0.49440354;-0.44319043;-0.16325787;0.2215793;-0.080776416;-0.3372212;-0.15500243;-0.14086127;0.23756716;-0.029259857;-0.86270636;0.60246193;0.043051828;-0.04500459;0.048173655;-0.021385666;-1.0382916;-0.017637685;0.1348684;0.29927588;-0.19752944;-0.121446595;-0.00038965885;-0.23546731;-0.38130665;0.36766118;0.36064324;-0.3071071;-1.0086375
-0.1483387;-0.17647241;-0.2800008;0.29368737;-0.20339087;-0.16446005;-0.92596805;-0.009602384;0.24836713;-0.14156494;-0.2753381;-0.12981257;-0.021111012;-0.8501318;-0.17929862;-0.051283654;-0.16185303;0.025302889;-0.17937137;-1.292647;-0.49307442;-0.6108086;-0.32918546;-0.07484693;-0.66386974;-0.1075429;-0.5657009;-0.26644814;-0.78235495;-0.13778137;-0.117180586;0.67371786
0.15409097;-0.33888787;-0.21572866;0.3777261;0.09596869;-0.51342213;0.13225746;0.008037997;-1.5891287;0.07255251;-0.29133344;-0.83065706;-0.063036226;-0.14571585;-0.2112231;0.005320867;0.06177779;0.040239476;0.02843037;-0.9142893;-0.03663154;-0.21079965;-0.23770346;-0.34091902;-0.111575246;-0.22535746;-0.12137597;-0.14626613;-0.06440291;-0.42585763;-0.3717018;1.4350383
-0.078919254;-0.4730635;-0.003812489;0.3460842;0.060113136;0.4945777;0.71334684;-0.09185853;-0.40320015;-0.14370954;-0.21770191;0.13544038;-0.06332661;-0.6512492;-0.2598153;0.035394825;-0.23301207;-0.5175437;-0.60871667;-0.74580985;-0.02530834;-0.922991;-0.3185014;-0.38631088;-0.052775167;-0.21091019;-0.2642582;-0.2840239;-0.099821664;0.115901046;-0.40952417;-1.1294367
0.22199953;-0.23801738;-0.19057453;0.6607512;0.017316122;-0.1179689;-0.98771787;-0.027870242;0.17805062;0.018889524;0.4145946;0.0748383;-0.067935064;0.16946864;-0.10592259;0.02838962;-0.16016164;-0.40947366;-0.67819875;-0.92013043;0.054918736;0.11568451;-0.3957349;0.23871595;0.38218072;0.086585656;0.47363567;-0.5471217;-0.36918858;-0.2800586;-0.061310127;-0.9727466
-0.15017194;0.49404994;0.3479782;-0.33201852;0.078160405;-0.7971248;0.76835316;0.0015335064;-0.2830795;-0.038877767;-0.103291884;0.10745261;0.02131301;-1.2709845;-0.22845145;0.05728593;0.16203398;0.044494465;-0.19473238;-0.62745476;-0.34544596;0.16641152;-0.21953343;-0.22221227;-0.04482183;-0.056175202;0.04901527;-0.34336486;0.30957562;-0.32959372;-0.4652676;-0.8597147
0.13940816;-0.32251316;-0.016654886;0.62380546;-0.008063077;-0.57102805;0.035160374;-0.059122913;-0.48176005;0.08145626;0.2692257;-0.21315695;-0.12650101;-0.037032872;-0.15462893;0.015895694;-0.049947664;0.031116797;-0.10145605;0.5797123;0.058395036;0.37744755;-0.33184627;-0.32075858;-0.18348686;0.018613568;-0.09406116;-0.74231964;-0.4216143;-0.49992585;-0.7011533;-1.1712912
0.14033304;1.0027485;-0.16836847;-0.11330741;0.15352954;0.098592;0.81302863;-0.012543693;-0.24171175;0.16719708;0.37812138;0.069025606;-0.06010402;-0.022202522;-0.17985032;-0.0026766222;0.12010421;0.049041916;-0.6309366;-0.508001;0.029094582;-0.22802629;-0.18297765;-0.19115752;0.004178724;-0.17713884;-0.258097;-0.021436432;-0.031601038;-0.5409605;-0.10078968;1.3745797
0.23325959;0.84200263;0.13463941;0.49944904;-0.3107218;-0.008229309;0.10449239;-0.09930742;0.33412188;0.07767411;0.37145597;0.6286038;-0.074688435;0.7243503;-0.12948172;0.007553752;-0.06996424;0.04569526;-0.04332347;-1.0385079;0.03491659;0.10987218;-0.3484717;0.21489103;0.43466166;0.07636863;0.49085423;-0.18402661;-0.24784997;-0.43230766;-0.025277145;-0.76419
-0.26634663;-0.28860125;-0.20200919;-0.6113557;0.06530062;-0.253968;0.20929265;0.0546044;0.4142813;0.08996123;-0.42571992;-1.0944748;-0.070881024;-0.4635219;-0.25878212;-0.010568481;-0.1336228;0.034322195;-0.74267936;-0.61522466;-0.0029762182;-0.2146292;-0.29522976;-0.22033773;-0.07798524;-0.25813186;-0.27921125;-0.17069186;-0.48867813;-0.5138585;-0.259168;1.3410261
0.24858278;-0.35757148;0.07388843;0.55948615;-0.2716052;-0.29069144;0.1313916;-0.07551912;-0.41019437;-0.12561198;-0.13837193;0.96002257;0.28596562;0.095107086;-0.14572862;0.036903385;0.11415069;0.032585453;-0.077888116;0.8936191;-0.008973661;0.16344808;0.7859045;-0.08169614;0.34024894;-0.188143;-0.27532455;-0.28455675;-0.03434103;-0.18862927;-0.04986235;-0.71820515
-0.36074907;-0.34145588;-0.16987635;0.3679021;0.06506867;-0.37809277;0.93079215;0.004482786;0.3313265;-0.12986255;0.23048206;-1.4396249;-0.1313121;-0.68331486;0.049658228;0.05004209;-0.1788134;0.025233336;-0.80971986;0.35501614;-0.19334254;-0.19060609;-0.37060654;-0.07101016;-0.020485302;0.044121463;-0.29932034;-0.55644923;-0.5066359;-0.21612579;0.010280026;-1.0085665
-0.08196759;-0.32096806;0.09177679;-0.3411116;-0.373528;-0.3223123;0.687504;-0.0473613;-1.315697;-0.14736786;-0.20133702;-0.8637981;0.003479655;-0.73807585;0.16739866;0.06687915;-0.2184256;-0.38817945;-0.55420655;-0.93561095;-0.087918;-0.12007767;-0.3306815;-0.22124267;-0.10831721;0.065976396;-0.060701184;-0.33810225;0.20567398;0.019203838;0.09101667;-0.7436276
0.06659922;-0.38026005;-0.11229538;-0.27711123;-0.22693072;-0.40981412;0.62074757;0.003161882;0.41232446;0.0059092715;-0.41633183;-0.11783639;0.061927572;-0.038509976;-0.5682336;0.018805204;-0.025695378;0.037724826;-0.14357848;-1.1746391;0.049238347;-1.0323063;0.29328895;-0.4735402;-0.17645206;0.095629275;-0.30050707;-0.70994514;-0.41378987;0.10976128;-0.48687413;-1.0191425
-0.4824313;-0.18340145;0.17891681;-0.6229485;0.10310745;0.4383545;-1.1320136;0.084851235;-0.39875856;-0.14822279;-0.17415395;0.041456923;0.022552527;-0.27141586;0.1172127;-0.09291049;0.05474574;0.03216305;-0.22654901;-1.0417479;-0.40563166;-0.15432101;0.30224824;-0.107632644;0.2683886;-0.23422073;0.27406317;-0.4105464;-0.44685712;-0.24665849;-0.16076629;0.50435156
0.12602836;-0.32628408;-0.23905024;-0.84766096;0.03687623;-0.26625493;-1.3234831;-0.039740134;0.2040121;0.04269417;-0.4962158;0.08579754;-0.08798359;-0.33910024;-0.1799073;-0.0033692343;-0.11278611;0.025522035;-0.9445255;0.6037226;0.14247257;0.5496807;-0.45855555;0.16860496;0.2967879;0.03723693;0.22507843;-0.2664156;-0.5403981;-0.5208347;-0.39097428;-1.0714415
-0.3672574;-0.3139523;-0.17926228;-0.4920411;-0.38776276;-0.11346964;-0.3768328;-0.01653284;-0.36381075;-0.20557027;-0.078546;-1.2670082;-0.038896594;-0.8741291;-0.2877932;0.07344595;-0.21028098;0.03509744;-0.09318581;-0.7671363;-0.1467179;-0.08244204;-0.42466646;0.049005486;-0.06226368;-0.1355966;-0.3971701;-0.5853808;-0.18333387;-0.24245906;-0.035186373;-0.7216943
-0.5842903;-0.23717031;-0.26206627;-0.26223147;-0.24541512;-0.4784823;0.20323928;0.058204085;0.30702755;-0.09145732;-0.38446683;-1.1266972;0.034856908;-1.6400255;-0.04057834;-0.05445485;-0.09471353;0.026959179;-0.26343712;-0.9542711;-0.5762107;-0.1876479;0.31034616;0.08973968;0.17312106;-0.0028643347;0.17253569;-0.4911834;-0.6601926;-0.53757334;0.08710172;0.51631176
-0.54092604;-0.476386;-0.17981696;-0.8500605;-0.0335216;-0.11386652;-0.28054914;-0.021608822;-0.33275053;0.07958115;-0.48197463;0.68377197;-0.10338202;0.11727697;-0.12460874;0.04120836;0.1290311;0.022395464;-1.2053252;0.64654464;-0.017748885;-0.25331718;0.28204408;0.015186725;0.27487075;0.076647684;0.27465376;-0.033072475;-0.48632577;-0.52876586;-0.35345992;-1.0617691
-0.4495329;0.66980857;-0.24414393;-0.08972007;-0.45318383;-0.79691285;-1.012019;0.057961684;-0.25568768;-0.23763871;-0.05376289;-0.053220123;0.039279666;-0.9725117;-0.093953975;-0.026574487;-0.0975275;0.033159457;-0.00903381;-1.0093546;-0.1977565;-0.31565565;-0.42145488;-0.17844763;-0.26985875;0.060833972;-0.092859596;-0.23140612;0.32868034;0.11873513;-0.10963961;0.93528414
-0.35137293;-0.27955845;-0.24683507;-0.58526367;-0.29114768;-0.21951585;-1.1305456;-0.10598825;0.20953839;-0.04960601;-0.19683285;0.4462076;0.0034386094;-1.7559814;0.47124195;0.047984745;0.04432009;0.026958365;0.38159794;-1.0222995;-0.41213185;-0.19646107;0.45783526;-0.11774744;-0.008306051;-0.03560033;-0.29881233;-0.5648915;-0.7539732;-0.5109052;-0.27515486;-0.89843225
-0.59242296;-0.3979793;0.35726357;-0.7041083;-0.6372366;-0.03981009;0.79785454;-0.040760063;0.31816578;-0.24602376;0.0036844958;-0.16752666;-0.21028744;-0.9624303;0.1895383;0.011497988;-0.00073582074;0.027125616;0.042955372;0.44926953;-0.2418869;0.27310926;-0.46016088;-0.004440304;-0.00026162213;0.0478894;-0.26973793;-0.18394549;-0.5681429;-0.4445387;-0.18461779;-0.95467395
-0.21869029;-0.32218578;0.11076373;0.5659954;0.12122009;0.40062428;-0.35353306;-0.041429915;-0.31283334;0.14897536;0.38057134;-0.025611648;-0.0009799051;-0.0702451;-0.12996782;-0.051725253;-0.091290005;0.03650178;-0.78496945;-1.0794935;0.033940494;-0.21286485;-0.3651062;-0.19339138;-0.024690155;0.009114433;0.024861388;-0.10611913;-0.7000059;-0.25219753;-0.14969352;1.0895854
0.1586649;-0.38630712;-0.02478161;-0.39300597;0.034773502;0.46555302;-0.2687162;0.047565416;-0.36511517;0.13064961;0.45648766;0.9090202;0.10599198;0.047491305;-0.42631465;0.03326393;0.15761825;0.041124158;0.1785233;-1.1914858;0.10005789;-0.11046891;-0.14850868;-0.057073727;-0.010645751;0.14291723;-0.15919232;0.032425422;-0.24612576;0.37532568;0.061614573;-0.880446
0.09554717;-0.34583887;0.06969147;0.41935754;0.04667159;0.42530003;-0.2934916;0.017504163;-0.58045334;0.1357656;0.27082813;-0.12990083;-0.054591615;-0.4122928;-0.17482361;0.0098181125;-0.03273621;0.03538846;-0.092594646;0.6526075;0.04107526;0.089698374;-0.3637613;-0.18689588;0.018182358;-0.2893089;-0.29618642;-0.15693589;-0.19193785;-0.3076416;-0.082674146;-1.0914795
-0.5222026;-0.13013855;-0.19918948;-0.27849182;-0.39904675;-0.27257344;-0.84825915;0.08132498;-0.26614687;-0.06798453;-0.23316891;-1.0075246;0.054864645;-0.9318245;-0.012575613;-0.023651175;0.03638371;0.02709871;0.6587996;-0.7716077;-0.41606712;0.097096235;-0.27356172;-0.08014911;0.02145211;-0.08187015;0.1765456;-0.346026;-0.65300465;-0.554434;0.058027558;0.9690754
0.1288751;-0.40224195;-0.13711818;-0.3418242;-0.03410475;-0.4661206;0.73547494;-0.10237086;-0.41895694;0.028924435;-0.31005043;-0.122918904;-0.092916355;-0.06445505;-0.6633241;0.03819379;-0.3702875;-0.41225278;-1.078164;0.47856534;0.06725775;-0.21444301;-0.23728584;-0.01111809;0.055586435;-0.15117842;-0.24300632;-0.22444831;0.18354116;0.25464055;-0.5563506;-0.9498956
-0.1682168;-0.4058211;0.03810904;-0.3127853;-0.42158148;0.3966345;-0.3403249;0.04030926;-0.50528985;-0.11021975;-0.13652785;-0.040936064;0.2828933;-0.7074808;-0.50660795;0.045060836;-0.05604069;0.029111164;-1.0209632;0.6327128;0.05092945;-0.2383763;-0.3584698;-0.3218015;0.2356253;-0.3309417;-0.19845682;-0.33107617;-0.37283176;0.1210836;0.024860557;-0.9393603
-0.03691784;-0.3804634;-0.16128772;-0.25049108;-0.32415968;-0.15700062;0.7567285;-0.13791902;-0.38698575;-0.22002901;-0.39905724;-1.0419552;-0.039123602;-0.7584939;-0.23659512;-0.02098878;-0.07266982;0.032795716;-0.5024929;-0.77295417;0.040409457;0.07872679;0.20309938;-0.25092253;-0.07662032;-0.00447605;0.120074496;-0.2056315;-0.6786142;-0.33051273;0.07503909;0.91584325
0.015218579;0.76029676;-0.14628126;-0.5986257;0.09996549;-0.50205064;-0.24042648;-0.024643034;-0.35825613;0.021022247;-0.43933773;-0.12680838;0.0013047507;0.5818721;-0.16711932;0.017929595;-0.4196549;-0.39455885;-0.2552202;-1.1982679;0.13281164;0.07765047;-0.27904102;0.2939307;0.28479055;0.047124725;0.2957534;-0.37803575;-0.49437034;-0.6178714;-0.15626994;-0.9682188
-0.0051194774;-0.17744923;0.18087816;-0.7238857;0.04032178;-0.4319441;-0.86891365;-0.055847146;-0.28540456;-0.06938557;-0.09451113;0.48407057;-0.2745493;-0.2823535;0.43668634;0.030975297;-0.15079387;-0.22507805;-0.60010886;0.32068452;-0.24608056;0.03543625;-0.40324754;-0.16896017;-0.10717269;-0.06373673;-0.49533638;-0.13119721;0.30766943;0.12428112;-0.028460741;-0.79711825
-0.31401026;-0.26233503;-0.16870765;-0.66223526;-0.19527699;-0.25461555;0.1328989;-0.032593705;-0.24573457;0.0023332364;-0.32430738;-0.8160269;-0.041581415;-0.18250148;-0.32915878;0.04319224;0.013537799;0.036123622;-0.5924797;-0.7787495;-0.053692296;-0.16893683;0.41253105;0.06620002;-0.6754852;0.034812048;-0.12642546;-0.042194106;0.41166067;-0.22475266;0.17895618;-0.8753018
-0.38098425;1.0417707;0.19748248;0.44524634;-0.39754093;0.059298746;0.8447287;0.050774023;-0.23722881;-0.08141538;-0.2001302;0.6764946;-0.019809809;-0.20482421;-0.12883198;0.046920817;-0.07793964;0.045351148;-0.5693388;-0.75428945;0.119850025;-0.06653653;-0.18922323;0.19775032;0.3492807;0.08245793;0.39519185;-0.21755034;-0.38052014;-0.049179267;-0.03890957;-0.72523874
0.23125586;-0.2992981;-0.1879346;-0.20389219;0.11934946;-0.26645994;-0.31769785;-0.11439547;-0.34470934;0.14235826;0.45912147;-1.0899658;-0.08149938;0.20185088;-0.18143275;-0.016234163;-0.13185254;0.032076314;-0.17950033;-0.8998077;0.014593691;0.079315014;-0.3265411;-0.15119593;-0.015600299;0.014669107;-0.31787345;-0.00079105876;-0.40636116;-0.38096216;-0.32864422;1.255051
-0.52213424;-0.17316277;-0.15575825;-0.45532042;0.016474025;-0.63082665;-0.4238255;-0.10376218;-0.42313817;0.08692452;-0.1308986;-0.16318299;0.09972234;0.13163622;-0.22264801;0.057623427;0.04240528;0.039569303;-0.27158734;-0.8982883;-0.07782959;0.09135672;-0.35720032;0.08153954;-0.19041803;-0.06125557;-0.17370817;-0.33926028;0.3986971;-0.30642685;0.039202172;-0.69445175
0.12950706;-0.39516833;0.002542528;-0.30010977;0.026482107;-0.6188354;0.064129874;-0.027433623;-0.43017697;-0.11901728;-0.19293065;-0.17260021;-0.013134965;-0.8818813;-0.34606805;0.038578063;-0.18989834;0.04682327;0.63677627;-0.8216594;0.05586134;-0.9043069;0.2011607;-0.41115078;0.33447596;-0.2049401;-0.24402529;-0.37524173;-0.13642319;-0.5726956;-0.39337578;-0.97612005
-0.40621924;-0.32455736;-0.22404496;-0.24566822;-0.29362252;-0.09685002;0.06618404;-0.008024602;1.0206145;-0.20343274;-0.23761173;-1.4274244;-0.18749796;-0.9483792;-0.26815534;0.005450997;-0.2718561;0.02723275;-0.022308666;0.49602062;-0.30069423;-0.15630569;-0.39281616;-0.03364079;-0.59745824;0.013183348;-0.21213877;-0.22894703;0.30524397;-0.2389565;-0.49960217;-0.9898394
-0.123709865;0.57659715;-0.114864394;-0.24669313;0.04464128;-0.12256848;-0.238457;-0.08376464;-0.22863151;-0.10361528;-0.067523934;-1.1939752;-0.011275429;-0.1763302;-0.14398424;0.06934049;-0.22380103;-0.37212133;-0.12956108;-0.87848353;-0.15961337;0.09830066;0.53227544;-0.17198539;-0.68825495;0.07430405;0.0383146;-0.49781993;0.31238747;0.0805401;-0.100604236;-0.5718459
-0.041326143;-0.23085599;0.37919614;0.37894475;-0.5023497;-0.51900053;-0.39089352;-0.096151784;-0.43749142;-0.033027716;-0.015812166;0.039988805;0.06361084;-0.42384496;-0.1555916;0.052201122;0.08223289;0.03952124;-0.22044984;-0.8542476;-0.17761308;0.335493;-0.4084138;-0.0070435004;-0.13534948;-0.05664394;0.06769619;-0.3914252;0.28277913;0.03816429;-0.50948465;-0.7961928
-0.43959156;-0.31602284;-0.22397025;-0.123699605;0.10604989;-0.58413166;0.2793473;0.03413089;0.36473456;-0.20663756;-0.254682;0.100578606;0.032706283;-0.46920857;-0.20139973;-0.020128224;0.109526925;0.037749726;-0.22698371;-1.0084643;-0.3250012;0.14236446;-0.24802615;-0.100201786;0.048149996;0.020816416;-0.21800385;-0.29045948;-0.81927675;-0.33703694;-0.23431212;1.1294379
-0.011108464;-0.29396293;-0.12419885;-0.39693192;-0.29091966;-0.369748;0.6321134;-0.053964265;0.31726632;0.029489582;-0.39840433;-1.4564428;-0.11854554;0.8230792;-0.6001809;0.036912598;-0.022196867;0.02498363;-0.76794803;0.4372206;0.061687153;0.5094439;-0.33847836;-0.25389388;-0.030742116;-0.23041637;0.09853983;-0.5685137;-0.18516517;0.05978313;0.010000931;-0.77502894
0.2118176;-0.23324063;-0.1683866;0.04391051;-0.014942573;-0.18879458;-0.5832735;0.058566622;-0.28431743;0.124169126;-0.3082922;0.04850285;-0.099115;1.0863888;-0.123227455;0.02191852;-0.011620579;0.022453375;-0.85188717;0.5089321;0.20136762;-0.68323934;-0.27473214;0.23037635;0.31147957;-0.2226481;0.11617377;-0.2588184;0.05824623;-0.27557987;0.2521003;1.1596354
0.15722163;0.6970875;-0.12196527;-0.30272174;0.092364244;0.18538195;0.53785485;0.028767852;-0.24683022;0.12562633;-0.15452361;0.50251555;-0.033331577;-0.17182058;-0.1498094;-0.0048305904;0.11869311;0.031146716;0.44803515;0.68662906;-0.060960356;-0.2655844;-0.14670768;-0.090817176;-0.53610563;-0.0025215913;0.06890535;0.10925338;0.31854755;-0.54382044;-0.3176804;1.0108274
-0.4789209;-0.9182721;-0.13835292;-0.4719128;0.08450802;-0.045317892;-0.23358306;-0.028356872;0.3717913;0.035954468;0.3262774;-0.12081631;-0.062540434;0.90485924;-0.1480862;0.026689757;-0.19539659;0.039925795;-0.14985082;-1.1190109;0.0042532384;-0.14765672;-0.33129993;0.13880321;0.36983773;0.07211913;0.41033185;-0.15896152;-0.44474655;-0.5460844;-0.008368926;-0.9581505
0.19770977;-0.42800647;-0.11729281;-0.19042294;0.087166235;-0.34915656;0.73538196;-0.0765846;-1.6484553;0.03125385;-0.36282524;0.63738996;-0.0972933;-0.12510495;-0.23979722;0.032215334;-0.03889721;0.043284047;0.46009627;-1.0421224;0.12247312;-0.1521285;-0.18597692;-0.07388117;0.12322447;0.06593021;-0.2028099;-0.24658428;-0.4533758;0.3324495;-0.3380119;-0.8007297
0.08227607;-0.3778078;0.15858823;-0.2967391;0.11107708;-0.25623763;-1.004844;-0.073646456;-1.3765001;-0.1663845;-0.23042129;0.12458524;-0.08307736;-0.23252879;-0.5594616;0.046818208;-0.04887576;-0.41629517;-0.2706612;-1.1537551;-0.009337655;-0.063812815;-0.35844874;-0.15085651;0.00056183385;-0.26529413;-0.36643392;0.56385124;-0.06798527;0.2737779;-0.24214138;-0.8722188
-0.5665973;-0.23916592;0.0009290399;-0.2829496;-0.29073676;0.22014685;-0.9425208;0.042159192;0.19111134;-0.16514795;-0.11779629;-1.4231476;-0.07946735;-0.64438695;-0.34359294;0.023073178;-0.14680201;-0.22082017;0.70173705;0.6558002;-0.11900658;0.046597164;-0.48878056;-0.24864452;-0.2335757;0.0012475583;-0.03605881;-0.47501525;-0.6517755;0.08854499;-0.08091221;-0.9759255
-0.006685683;0.58131015;-0.2222127;-0.65364784;-0.35241187;-0.19289145;0.10152262;-0.06466998;0.8305114;-0.0019980082;-0.33946803;-0.9891121;0.018836442;-0.09545652;-0.2771016;0.035292;-0.32909983;0.037301246;-0.47435525;-0.9382378;-0.11132969;-0.69880307;-0.34360352;-0.12314939;-0.096406475;-0.122995585;-0.34374583;-0.19291799;0.29391304;-0.25096768;-0.0590799;-0.9108598
-0.30734918;-0.36679623;0.093725644;-0.4866723;0.041172225;0.32269272;0.15265605;-0.01036672;-1.5133647;-0.09001314;-0.101636976;0.04152043;-0.0034107775;-0.27242538;-0.16111194;0.04640982;-0.06804751;0.024042938;-0.8569717;0.3142073;-0.1705052;-0.22460584;-0.18281204;-0.184081;-0.01638897;-0.09464351;-0.28309122;-0.15079549;-0.044623252;-0.5257729;-0.6427957;-1.0357596
0.030138927;0.5951522;0.19035046;-0.51424235;-0.030825214;-0.30668876;-0.9076278;-0.07334268;-1.1911392;-0.18043135;-0.23637667;-0.8963317;0.024072167;-0.61682653;-0.20135677;-0.048367858;-0.2242799;-0.2871012;0.023943126;-1.2269942;0.11953285;-0.15692623;-0.31477937;-0.21686485;-0.20483358;-0.044004947;-0.15988435;-0.07247934;-0.77474153;-0.48818737;-0.18438342;0.8637351
-0.48725742;-0.35481998;-0.21164949;-0.06702348;0.00024546916;-0.35416654;-0.94246477;-0.01782243;-1.1530792;0.07584213;-0.33230153;-1.4556456;-0.035945993;-0.3475683;-0.084979504;0.015565607;0.005848678;0.023941174;0.61190933;0.59237856;0.1984342;0.06730507;-0.31302458;0.11716887;0.26876232;-0.040625717;0.3202357;-0.44452545;-0.5401015;-0.43415862;-0.028623957;-0.96951264
-0.07281095;-0.21033496;-0.21949965;0.26958665;0.08815256;-0.47693208;-0.62326306;0.0747324;-1.3570803;0.14426789;0.12347762;-0.046619684;-0.021257255;-0.3044883;-0.12126541;-0.025363259;0.13607705;0.034598593;-0.13867944;-0.89935374;-0.36989594;-0.29051697;-0.3971821;-0.1322162;-0.45390782;0.03280425;-0.20667769;-0.1412293;0.23835835;-0.26564127;0.20433582;0.8463685
-0.24840397;-0.28596967;-0.19559889;0.05022805;-0.011463309;-0.62507284;-1.3108488;-0.02679805;0.27338144;-0.08995117;-0.10019686;0.10127062;-0.3342945;-0.3107959;-0.15719393;0.016416693;-0.2963108;0.030043311;0.017306222;0.5284406;-0.010505104;-0.24526362;-0.5887805;-0.18960007;-0.17635581;-0.10675591;-0.12950803;-0.36845958;0.25715885;0.1009689;-0.45646095;-0.9368714
0.13439447;-0.41175508;0.027358582;-0.14596201;0.038092177;-0.19791275;0.7120219;0.06975319;-0.34994522;-0.15946884;-0.1572881;-0.041495103;-0.041582935;-0.0029209713;0.38641647;0.004545686;-0.10163343;0.035654612;0.48398882;0.59966296;0.17701091;-0.112231426;-0.19081561;0.056747448;0.057961453;-0.08815452;0.3174141;-0.10119177;0.27650982;0.26236358;-0.21059853;-0.756274
-0.39987886;-0.20566255;-0.08457412;-0.54689026;-0.22562392;0.3676778;-1.0391498;0.0046909903;0.12598884;-0.16680168;-0.08949389;-0.12126499;-0.24118748;-0.5519424;-0.19156201;0.028334396;-0.18800038;0.015742432;0.70603865;0.4936236;-0.5356207;-0.10397501;-0.50949115;-0.08117855;-0.22352785;0.0027768998;-0.5368283;-0.3597344;0.21274161;-0.32895684;-0.4242657;-0.8746939
-0.017894614;-0.18686956;0.078407824;-0.07775881;0.044386446;0.31107357;-0.90729827;-0.003963012;-0.41845968;-0.15887725;-0.24160501;-1.0643338;-0.19824928;-1.1095284;-0.21130231;0.04620299;-0.15222159;0.02667392;-0.8993542;0.47922236;-0.20106813;0.00078486116;0.4116561;-0.11360414;-0.16931671;-0.086366296;-0.18735729;-0.097467266;-0.80656177;-0.16501173;0.09459932;-1.029502
-0.29667273;0.9030552;0.19195695;-0.21159916;0.14260086;0.5060834;0.37282825;0.029822562;-0.31068632;-0.15827422;-0.0492969;-0.022467107;-0.025837721;-0.57503366;-0.09269364;-0.0054186247;-0.10348559;0.04654559;0.608159;-0.77126;-0.21028478;-0.16433404;-0.120652854;-0.056729276;0.04527881;-0.18745703;-0.15220958;-0.0837066;-0.04011897;-0.29789087;-0.06961384;1.2670511
-0.5695415;-0.3282221;-0.15805474;-0.584278;-0.30914095;-0.026844915;0.15951273;-0.03223134;-1.356738;-0.18494803;-0.092223674;-1.3215295;-0.2530772;-0.32624748;-0.42926508;0.03956328;-0.19596596;0.021692732;-0.15504473;0.35819787;-0.22027057;-0.093627274;0.3691823;0.015382353;-0.09995394;-0.22400147;-0.1535087;-0.47492683;-0.4559976;0.01054336;0.11705397;-0.75019896
-0.04170178;-0.36807072;-0.1804017;-0.714436;0.0001576508;0.018177459;-0.2698586;0.00115648;-0.41006383;0.009613839;-0.27463645;0.57310706;0.007137416;-0.027397882;-0.14433989;0.0604438;-0.014195964;0.027271569;-1.0851294;0.2935469;-0.0035368986;-0.22269896;-0.25025237;0.0659515;-0.20084691;-0.011127934;0.102003984;0.21493056;-0.5897945;-0.3851749;-0.38632923;-0.76125646
-0.08991751;-0.30428323;-0.18100452;-0.19504327;-0.019496437;-0.17194831;-0.27248815;-0.03792513;-0.32105228;-0.02017456;-0.15941772;-1.2918557;-0.15234032;-0.60980606;-0.07594227;0.017217962;0.20099033;0.031758826;-0.61772335;0.34143755;-0.15437625;-1.0389941;-0.31468228;-0.16311783;-0.08238618;0.069649816;0.07935695;-0.2549962;0.5071524;0.1075839;0.13767621;-0.8900793
-0.22803067;-0.35648027;0.06085458;0.52688634;-0.4148919;0.17565905;-0.9814584;-0.01711621;-0.35942915;-0.12565303;-0.119612515;0.58117115;-0.2947707;-0.56330264;-0.09513236;0.026660824;-0.18357377;0.019392159;-0.8186119;0.44121045;-0.32725364;0.035655532;-0.2968519;-0.17131166;-0.23697928;-0.32047942;-0.13394399;0.17457134;-0.16150571;-0.24788378;0.08323295;-0.8721943
-0.33549556;0.4257873;0.20212607;-0.25328386;-0.3773895;0.09889048;-1.002786;0.029125264;0.34178793;-0.100673534;-0.12268235;0.6034613;-0.0032688163;-0.29122955;0.31283712;-0.039920136;-0.22212648;-0.32920218;-0.15501289;-1.2412992;-0.4103316;0.12476856;-0.32390112;-0.23668058;-0.88809;-0.31415474;-0.71986556;-0.19415998;-0.21433868;0.026867647;-0.08445874;0.67261755
-0.16785133;-0.35006538;-0.22525446;-0.22366615;0.08700988;-0.15698886;-0.3034442;0.003577808;-1.3873245;-0.09175358;-0.3269568;-0.14881359;-0.08312906;-1.509804;-0.08821779;0.04125664;-0.3996621;0.022414371;-0.26204774;0.45642614;-0.3882503;-0.19530079;-0.29058093;-0.29166773;0.1233024;-0.25022346;-0.3435134;-0.45979878;-0.0447133;-0.5372242;0.1822548;-0.91037446
-0.19252022;-0.17618044;0.33925882;-0.03818665;-0.31918776;-0.51541156;0.13193037;-0.040316958;0.31092656;-0.042918853;-0.17213912;-1.0827056;-0.039414767;-1.2955017;-0.105705254;0.06097374;0.03611656;0.04037321;-0.0883453;-0.9575755;-0.296059;0.08156416;0.29726052;-0.07016852;-0.058036555;-0.026629437;0.095863014;-0.37663236;0.37522984;0.020543344;-0.5832623;-0.7827551
-0.3241371;-0.39543176;0.07241531;0.39202794;-0.7112375;0.2721645;0.67443085;-0.08512248;-0.39308918;-0.13061237;-0.1271442;0.5759217;-0.21332233;-1.0379213;0.34197217;0.0125130955;-0.12799704;0.03345118;-0.8307227;0.44522232;-0.14682057;0.3549916;-0.25227076;-0.05476492;0.06717709;-0.08133387;-0.2599902;-0.20431192;-0.12088766;-0.42483607;-0.23971146;-0.95645773
-0.2024302;0.7241634;-0.18262249;0.076164655;-0.011426888;-0.057612214;-1.0785246;-0.13792418;-0.2565425;0.07946618;-0.3775761;0.6131167;-0.08095058;-0.013148395;-0.21282959;0.057630707;-0.18257314;-0.450116;-0.19758229;-1.2535914;-0.027323829;-0.13189629;0.3553958;0.011401477;-0.25554323;-0.25548804;0.02783849;-0.26716882;-0.018762833;-0.32281232;-0.1913356;-0.6931434
-0.25663674;-0.12959869;0.4455744;-0.62124014;0.013261631;-0.5090936;-1.1416751;0.03295368;0.3733688;-0.027890619;-0.13863307;-0.19586737;0.08667773;-1.0971863;-0.2246322;0.069843255;0.07280565;0.027891625;-0.09393944;-0.76540715;-0.28694132;-0.18769924;-0.31153053;-0.05738143;-0.1939662;-0.16890377;-0.6735347;-0.27887344;0.047652554;-0.226368;0.11481965;-0.75927234
-0.21504247;-0.25552648;-0.019787207;-0.13032006;-0.44925657;0.24855761;-1.1310334;0.031035332;-0.34883952;0.062292617;0.25195158;0.06627641;-0.025127312;-0.5170489;0.4825045;0.030913908;0.06782651;0.04226451;-0.5994102;-0.9057995;0.019211648;0.07931017;-0.35203707;-0.07633367;0.04885124;-0.19303651;-0.27579838;-0.104364604;-0.11240069;0.027302781;0.035316814;-0.89672625
0.13110416;-0.32597572;-0.170218;-0.51465595;0.117681794;0.017001163;0.7959752;-0.053899657;1.0840926;0.12532635;-0.21656023;0.18517314;-0.057290528;0.06590441;0.45536593;0.0143821845;-0.06437058;0.023734417;-0.98786414;0.5067265;-0.12712316;-0.24119373;-0.27961525;-0.12577514;-0.29239976;-0.041170556;-0.064016365;-0.5772633;0.17702432;0.2553405;-0.11600165;1.2246128
-0.38888127;-0.33529738;-0.102299064;-0.18341939;0.11871391;-0.061382465;0.77779883;-0.024312321;-1.4485469;0.0052246545;-0.2726348;0.5491022;-0.07269662;-0.6318923;0.31085044;0.039229274;-0.17313746;0.035783622;0.32237583;-1.0389802;-0.057862923;0.109855555;-0.16595893;-0.14035966;-0.2540137;-0.0102013685;0.1069014;-0.5350089;-0.76739246;0.18410333;-0.3291971;-0.8448229
-0.53633916;-0.36199033;-0.24645925;-0.63312864;0.12230697;-0.16620582;-0.3950385;-0.16381796;-0.35248908;-0.07356316;-0.32749766;0.023102676;-0.20215665;-0.5981271;-0.028880892;-0.03398614;-0.12696911;0.020822825;-0.9911002;0.43659166;-0.26959768;-0.17435187;-0.50408345;0.11692996;0.23425458;0.045425523;0.2724927;-0.17717479;-0.5657064;-0.42035115;-0.4412587;1.0459903
-0.51351714;-0.6141164;-0.13720578;0.28255993;0.05461292;-0.62631506;0.87616956;0.048313715;1.2275023;0.05423404;0.008918149;-0.24402416;-0.19422568;-0.27272677;-0.14021435;0.04254497;-0.24127224;0.028390052;-0.07513849;0.5301348;-0.09376181;-1.1771377;-0.28535506;-0.28634596;0.061636943;-0.21120107;-0.102273196;-0.25968248;-0.016948607;0.17822216;-0.45073995;-0.95095176
-0.030546155;0.43394986;0.12096353;-0.40178314;0.06723953;-0.44946185;-0.8375911;-0.18886177;-0.22915725;-0.059066392;-0.07801305;0.074612215;-0.029489145;-1.2573323;0.28990084;-0.078739494;0.0011195102;0.028849486;-0.35265404;-0.9333138;-0.43597427;0.07622344;0.40744242;-0.24420692;0.066540554;0.06774237;-0.710328;-0.2603698;0.44603467;0.18836734;0.27748203;0.49979347
-0.036489286;-0.25875637;0.00038954196;0.30457047;-0.48077244;0.31488383;-0.281734;-0.08988536;-0.25510007;-0.1403904;-0.15823928;-0.8744177;0.020126186;-0.60675293;0.44679734;0.050253917;-0.11621998;-0.45260948;-0.5355188;-1.0093496;-0.1023548;0.058374222;0.44357607;-0.108338445;-0.13030212;0.034143943;-0.057134956;0.047348734;0.34824383;0.022016875;0.3410518;-0.8107233
0.10395879;-0.36723366;0.0835899;-0.022273185;0.060118966;-0.12371403;-0.24083756;0.0011375854;-0.40938887;0.13229501;0.40924996;-0.12648797;-0.059063315;0.04285145;-0.13917173;0.025054911;-0.09953539;0.028846545;-0.057007328;0.6788598;0.08784184;-1.1196752;-0.36308205;0.28785592;0.21432644;0.09540776;0.47401538;-0.03283199;-0.3215074;-0.34818363;0.014188448;-0.978373
-0.4064549;0.7936531;-0.21654259;0.48525497;0.1237201;-0.33587044;-0.26417482;0.07374935;-1.2775973;0.06734253;-0.21481429;0.055789087;0.29892477;0.13901158;0.33249438;-0.04577144;0.077093944;0.026740314;-0.8250951;0.6463303;0.16669284;0.1209788;-0.29081652;-0.026493564;0.065324284;-0.08931622;-0.22948487;-0.09101584;0.023809317;-0.27905875;-0.011651291;1.1565392
-0.29733482;0.66361;0.28903928;0.44170827;0.06973409;-0.29824823;-1.0874437;-0.006805366;0.36153355;-0.1369606;-0.09034467;-1.3749613;-0.052427962;-0.71468544;-0.10311501;0.046238516;-0.17022999;0.038393643;-0.18492265;-0.7358844;-0.083022945;-0.540994;-0.2762482;-0.11883629;-0.04369996;-0.12142869;-0.38314608;-0.21273138;0.03188193;-0.52025044;-0.16403787;-0.9441889
-0.25161728;-0.41392633;-0.17926101;-0.29056403;0.1568026;-0.65091634;0.2728039;-0.11140921;-0.35483325;-0.16129914;-0.09004859;-0.09293161;-0.2771153;-1.0473362;-0.16801086;0.034630366;-0.10535738;0.037216015;-0.9743679;0.30427918;-0.27571177;0.084105;-0.35114184;-0.28027165;0.18791625;-0.0650227;-0.19685736;-0.31193736;0.2823033;0.18541037;-0.051949143;-0.90935427
0.20953257;-0.4179711;-0.114817604;-0.11275018;-0.01035187;-0.41471398;0.02113381;-0.04141376;-0.3263092;0.028894491;0.35171923;0.67005444;-0.033749193;-0.07083377;-0.2537929;0.015520249;-0.24916743;0.043608975;-0.72019327;-0.87711775;0.039051294;0.1496232;-0.40200552;-0.11395497;-0.09822154;0.113213465;-0.33428553;-0.047932696;-0.51925844;0.2167646;-0.53875744;-1.0074382
-0.4034402;-0.28977504;0.35259622;-0.33398992;0.06404449;-0.67508864;-0.36602625;-0.052773375;-1.6029555;-0.14054094;-0.003702744;0.10650685;0.026619365;-0.7483791;0.46223277;0.06213836;0.22290641;0.03697595;-0.16391614;-1.013185;-0.068888515;-0.22674367;0.49312726;-0.2250596;0.005835747;-0.0032881536;0.13270605;-0.37786308;0.40124828;0.35899642;-0.5095144;-0.8875041
0.10675129;-0.17596896;-0.15934674;-0.07852128;0.049026273;-0.3236148;-0.35171592;0.009614805;-0.46959385;-0.04607233;-0.04902511;-1.2290268;0.033528917;-0.8739896;0.40899298;0.060050305;0.049283475;0.031578332;-0.15094635;0.2961063;-0.35330793;0.3337493;0.3401961;-0.003239541;-0.11197977;-0.33968738;0.085015774;-0.16480614;-0.08119274;-0.39030227;0.2096757;-0.73780924
-0.445553;-0.19381075;-0.22718582;-0.82959855;0.043934293;-0.27853668;-0.65744704;-0.03579417;0.24588847;0.0748414;-0.30267262;-1.1860123;-0.06618043;0.3672792;-0.5930959;0.011536401;-0.35835892;-0.2243837;-0.7854951;0.43142843;0.073978655;0.0788571;0.4796966;-0.1522545;-0.025459655;-0.19350955;-0.23539081;0.05126134;-0.05418334;0.066470206;-0.032023672;0.8770631
0.080892526;-0.2901681;-0.21295504;-0.17301205;0.035159472;-0.5281545;-0.99088186;-0.056604683;0.17863831;-0.13085681;0.014953505;0.6816449;-0.23013566;-0.91774887;0.29974237;0.03148977;-0.1699487;0.027554642;0.46237797;0.68553454;-0.03320002;0.118033566;0.60515803;-0.29497764;-0.20189546;-0.013060003;-0.22472876;-0.28015015;-0.6329669;0.2063879;-0.12583722;-0.7896233
0.030459886;-0.33256468;0.097336315;-0.059485137;0.10229065;0.364824;-1.2236227;-0.08440863;-0.34050956;0.015444259;0.3274072;0.086665615;0.08522474;-0.08139035;-0.23974133;0.0067180623;-0.13660671;0.03240348;-0.67009526;-1.0958729;0.015189137;0.058321577;-0.4800872;-0.052208297;-0.0021701995;-0.19904524;-0.2925822;-0.26963848;0.29578885;-0.3168017;0.03522273;-1.0523199
-0.13800366;-0.35631818;-0.21001577;-0.13092017;0.049108285;-0.18124934;-0.7922385;-0.01199807;-0.3382401;-0.11527093;0.19522582;-1.2461582;-0.11814344;0.25954235;-0.12333347;0.009543203;0.03573691;0.018032033;-0.57093763;0.33503148;-0.16723353;-0.124274254;-0.39879534;-0.100752465;-0.046877906;-0.1889441;-0.41306823;-0.3132214;-0.12915218;-0.59304655;0.09710434;-0.97585714
-0.30794913;-0.5139537;-0.12741622;-0.5121907;-0.36820912;-0.13570143;-1.0603462;-0.080665454;-0.20608836;-0.15490265;-0.09331757;0.6464139;-0.0016229756;-0.70699835;-0.20469838;0.05952322;-0.04698041;0.028029736;0.5376979;-1.0584344;-0.19238412;0.090493865;-0.5088861;0.05755754;0.3495303;0.036336083;0.36641872;-0.044883776;-0.46604803;-0.43000296;-0.025998047;-0.5859366
-0.0041820323;0.60731;-0.13984188;0.32181588;-0.46942657;-0.10606202;0.7889004;-0.10759564;-0.19941168;-0.16090454;0.13371105;-0.961907;-0.024287764;-0.7175349;-0.2398638;0.055658173;0.14273238;0.0376468;-0.44696984;-0.6477265;-0.065070406;0.10608169;-0.3072389;-0.091433756;-0.4606744;-0.015158817;0.030729383;0.15737614;0.16181982;-0.19599493;0.18850154;-0.71449804
-0.5177251;-0.24712887;-0.14067382;-0.5036285;-0.38722786;-0.43419364;-0.975477;0.08390053;-0.3113622;0.09392254;-0.31670016;0.02445201;-0.017124183;-0.24722491;0.50391763;0.022421736;-0.018724905;0.031125689;0.0319869;-1.0393181;0.09931018;0.38371012;0.52680975;0.03476819;0.26553407;0.014748933;0.24816552;-0.29387087;-0.5387623;-0.18868957;-0.017601542;0.9019426
-0.04119945;-0.5975783;-0.2161425;-0.2906262;-0.4311116;-0.28583348;0.13738935;-0.029285321;-0.28582448;-0.14308202;-0.33215594;0.63701606;0.025919436;-0.58573145;-0.16857085;0.036692474;-0.1487314;0.039581712;-0.22433013;-1.2363133;0.06956676;-0.1587848;-0.2889074;0.040549528;0.33543432;0.0992046;0.29165336;-0.05479423;-0.53205895;-0.40622595;-0.08789006;-0.77259594
-0.33691275;-0.1546544;-0.045428857;-0.26047555;-0.3956835;0.29952228;-0.16788939;-0.010061445;0.35545173;-0.052516293;-0.15978152;0.54979765;0.04454717;-1.3942353;-0.20139764;0.025472445;0.10006233;0.02360468;0.3498305;0.4464732;-0.44185284;-0.18861285;-0.3369117;-0.017005146;-0.07218087;-0.2611765;-0.6792458;-0.17224118;-0.057543885;-0.34211418;-0.6806009;-0.87626225
0.010748112;-0.1130073;-0.16754101;-0.79375434;-0.20725054;-0.30841914;-0.50878286;0.030693531;-0.21547961;0.086661175;-0.2004861;-0.7845656;-0.08310475;0.26288024;-0.17516573;0.0010491179;-0.08101254;0.024564348;-0.11648434;0.68327206;-0.08006501;0.09114511;0.4837314;0.028744968;-0.51214266;0.14100248;-0.014473097;0.021880195;0.58383805;-0.21505243;0.2653665;0.8511139
0.013171902;-0.31432876;0.13298015;0.39695308;0.07140422;-0.44191745;-0.23774628;0.0014603355;-0.4738978;-0.14276725;-0.17145371;-1.2671226;-0.09020918;-0.89682704;-0.2579537;0.009527942;0.08442759;-0.3020508;-0.039021432;0.53167874;-0.06895866;-0.84613305;0.34084424;-0.31959626;-0.13319384;-0.3066383;-0.22874288;-0.49639532;-0.21172959;-0.13733594;-0.03229643;-1.1125901
-0.49098864;-0.3146166;0.037300512;-0.51658463;0.14742176;0.4175354;0.104513995;-0.060307465;0.93084896;-0.15850717;-0.009615979;-0.0690254;-0.14812556;-0.89302254;-0.58826715;-0.0021905936;-0.20456895;0.034591135;0.47053972;0.47360379;-0.059501875;-0.16613002;-0.24821362;-0.15178134;-0.23040196;-0.028473077;0.18702759;-0.1982636;0.20735791;0.11190706;-0.40678376;-0.8535609
0.1441375;-0.38112998;-0.16522841;0.15963818;0.01547931;-0.4803563;0.67773896;-0.033794492;-1.4526067;0.07095858;-0.43563557;-0.20036449;-0.0949159;-0.38716152;-0.21773942;0.022414934;-0.036242425;0.025289854;-0.98202753;0.55516464;0.08728121;-0.21221735;-0.2474349;0.07263177;0.033390306;0.039124046;-0.26897568;-0.21175376;-0.5437951;-0.53523;-0.5304824;-0.9971232
-0.21037593;0.87769496;0.2912354;0.48050618;0.10772345;0.11677585;0.2951883;-0.121944495;-1.3315699;-0.09875382;-0.04114445;0.07625902;-0.057924893;-0.5521276;0.10036266;0.007479335;-0.021715827;0.023783332;-0.72120297;0.55524224;0.039716784;0.13709143;-0.23712897;-0.17207265;-0.034601424;-0.25812632;-0.16458927;-0.03628528;-0.245413;0.24512222;0.0020524361;1.3527056
-0.4011094;-0.22882561;0.19329053;-0.6534019;0.03335983;-0.3106793;-0.7735411;0.007854898;-0.4122124;-0.14264838;-0.10677949;-1.238428;-0.12259164;-0.8733285;-0.2878521;0.03707554;-0.12477113;-0.23167494;-0.21567737;0.48299694;-0.034453917;-0.6466219;-0.40543595;-0.23657843;-0.12741117;-0.35484856;-0.19589776;-0.44068563;-0.39625698;-0.30617687;0.1956795;-1.0497658
0.3225231;-0.1250522;-0.11730221;-0.23710194;0.1306585;-0.38570684;-0.8666584;0.132351;-0.21266787;-0.06688201;-0.15228455;0.7427453;0.07724176;-0.6442389;0.47331953;-0.02726411;0.037403136;0.03380615;-0.39428025;-0.81445324;-0.3199389;0.20463462;-0.14573367;-0.1844063;0.102092855;-0.22700581;0.021413535;-0.07683967;0.07478571;-0.074969955;0.045559015;0.99950516
-0.44764873;-0.41107914;0.06239599;-0.30641732;-0.4444608;0.042229656;0.56255496;-0.14218815;0.22295003;-0.07375498;-0.1475312;0.58401155;-0.17989697;-0.36853433;-0.24301967;0.04336989;0.10037564;0.023313588;0.032467283;0.7141305;-0.07923321;0.20498589;-0.33230692;-0.09348625;-0.28220716;-0.055412594;-0.5940303;-0.09141748;-0.6947893;-0.4911079;-0.38681555;-0.6756017
-0.046932608;-0.8818533;-0.14382707;0.29359293;-0.2584085;-0.16963013;-0.93198097;-0.04385752;-0.290989;-0.009636522;-0.2612658;-1.354961;0.0023062187;-0.37526459;-0.36855376;0.05261745;-0.12237415;0.036200624;0.64906263;-0.83531165;0.06944434;-0.1309653;-0.31215453;-0.13412303;-0.03671463;-0.29423332;-0.343908;-0.4024617;-0.094331115;0.10569376;-0.00012455322;-0.7922399
0.077347584;0.6585088;-0.1559828;-0.63832843;0.104456164;-0.20994389;0.8646455;-0.032246545;0.76468897;0.025699997;0.18317284;-1.5674027;0.06935773;-0.33419442;-0.17654273;0.010710207;-0.11794436;0.044040527;0.32628343;-0.7049713;0.1081924;0.07094795;-0.16233839;0.05248156;0.032952335;-0.09266452;0.24131383;-0.37974402;0.18540458;-0.08436466;-0.09403911;-0.72309977
0.1708865;-0.4073678;-0.121611975;0.07024394;0.04173008;-0.5955804;0.096448;0.03784685;-0.41307795;-0.128675;-0.017058194;-0.11481301;-0.009547224;-0.39397994;0.10402432;0.045851026;-0.19661945;0.04623152;0.53594005;-0.99418956;-0.10388615;-0.16491629;0.29798084;-0.38711837;-0.47967038;-0.23142897;0.1138321;-0.5721682;-0.060664643;0.32615903;-0.40272024;-0.62705183
0.04859349;-0.28020024;0.13802753;-0.098759614;0.11078933;0.5080421;-1.0650975;-0.026620587;0.35714647;-0.11006534;-0.18094398;0.7437172;-0.2084281;-0.31707004;0.59137446;0.029902332;0.12705405;0.040485617;-0.04164288;0.74837434;-0.022697374;0.1087274;0.47247922;-0.12160949;-0.078862;-0.19897465;-0.17268695;0.0026087095;0.0034056138;0.43619353;-0.23546897;-0.88589555
-0.24981949;-0.39864877;-0.20174597;-0.7603279;-0.39197254;-0.18740407;0.19528143;-0.025788657;-1.4315451;0.13093683;-0.35686874;-1.9405438;-0.041394204;-0.45236278;-0.2324445;0.035587296;0.1984497;0.018397104;-0.15257326;0.498479;-0.28371483;0.04616818;-0.34251606;-0.23481692;-0.035329837;-0.27209198;-0.39417642;-0.41134185;-0.42284194;-0.17289028;-0.019630164;-0.99045295
-0.17911157;-0.30947646;-0.27115497;0.2686697;-0.44371504;-0.43695918;-1.0393071;-0.18436319;-0.3007881;-0.21381566;-0.17794444;0.55125445;-0.0009731685;-1.0154078;0.32327664;-0.029730119;-0.020486893;0.031687822;0.02150982;-1.1319674;-0.04498213;-0.19896969;-0.2938696;-0.18731835;0.08723044;-0.3465924;-0.08788546;-0.21191023;-0.07422442;0.17090759;-0.22313821;0.9426217
-0.07423677;0.79643446;-0.040134687;-0.28569487;0.0017124901;0.3476929;-0.3899254;-0.09802128;-0.39453542;-0.12815899;-0.290507;-1.5364681;-0.07965282;-0.43065956;-0.5513378;0.04856105;-0.26584515;0.043899525;0.024936013;-0.7059982;0.07549689;-0.050311945;-0.30315202;-0.20294785;-0.020206045;-0.21229859;0.23220494;-0.7865767;-0.10544494;0.0919695;-0.20524134;-0.80793816
-0.36942703;-0.42116702;-0.24810152;-0.060969185;-0.039174363;-0.18334696;-1.0151743;-0.045721855;-0.30811208;0.06734095;-0.3205472;0.6264437;0.061225265;0.018223358;-0.653962;0.015137538;-0.123835176;0.03369095;0.0636668;-1.4165521;-0.0019175715;-0.30060363;0.24120212;-0.19528057;-0.023743354;0.018002694;-0.25864756;-0.2469143;0.2435099;0.19414055;-0.32035676;0.9910378
-0.38133532;0.6713027;-0.1770553;-0.56178415;-0.50762177;0.17219347;0.5763981;-0.17364982;-1.23157;-0.12757006;-0.16631615;0.4962223;-0.119310156;-0.7565719;0.38892874;-0.033864178;-0.054330233;0.019923128;-0.81364805;0.53395784;-0.39396214;0.13383323;-0.24250491;-0.24915402;-0.16557743;-0.026538571;-0.66746736;-0.16717978;0.20995694;0.13026944;-0.056040403;0.90473586
-0.29026592;-0.2860048;-0.1343705;-0.64253426;-0.4756042;-0.5530725;-0.2080631;-0.18880643;0.3804651;0.12507777;-0.2636075;0.7807178;-0.19108787;-0.4181489;-0.25608376;0.04977111;0.02021832;0.02370659;-0.1504209;0.6606748;0.058517747;-0.2615893;-0.358888;-0.27086097;-0.16921411;-0.30404902;-0.33164653;-0.2104517;-0.27316663;-0.78045285;-0.46991828;-0.76513755
-0.45393986;-0.36034483;0.024973433;-0.26115412;-0.3594109;-0.16348045;0.73298705;0.091500245;-0.3951305;0.018065687;0.39724055;-1.1574728;-0.089737706;-0.23014845;-0.25831828;0.011576517;0.115848586;0.039492127;0.0040608402;-1.0128465;-0.032561593;0.3092801;0.24888952;-0.1508154;-0.028279565;0.013825571;-0.3778377;0.027869953;-0.54693574;-0.32692328;-0.5166898;-0.97539353
0.09687599;-0.22435191;-0.22466965;-0.58722603;0.06417735;-0.34456205;-1.3808355;0.010247727;0.9766323;0.08348403;0.36775956;-0.06919473;-0.07226022;-0.48992333;-0.07818091;0.027555836;-0.33846647;-0.38454592;-0.15040886;-1.2123061;-0.09002333;0.09206983;-0.35902578;0.018549092;0.00061984244;0.046609692;-0.34572482;-0.21164949;-0.5955515;-0.37464514;-0.31437248;-0.9869633
-0.3171436;0.6694153;-0.15974313;-0.77123404;0.024776457;-0.65828216;-0.25911558;0.062484;-1.2587584;-0.1517729;-0.041400354;0.07582189;-0.10200215;-0.55267256;-0.18992393;0.06318316;-0.18667547;-0.3098564;-0.6333818;-0.9478923;-0.06559343;0.112188846;-0.36699283;-0.20744722;-0.22697781;0.042926513;0.09111294;-0.72339576;0.24822314;-0.45182604;-0.13501585;-0.7092266
-0.18951789;-0.45283327;0.083445214;-0.22823626;0.066003926;-0.27842247;-0.45069754;-0.03548613;-0.4405181;-0.15120283;-0.27513614;0.74143815;-0.057741974;-1.0138508;0.49471098;0.036337443;-0.04858025;0.036078107;-0.01505861;-1.2585036;0.04013167;0.2814847;-0.21636888;-0.19064254;0.06360435;-0.32449737;-0.2935672;-0.41226816;-0.19765036;0.13556485;-0.07327163;-1.0183967
-0.25855783;0.5857456;-0.23306373;-0.19600481;0.0526381;0.027978085;0.18469664;-0.054116625;-0.31648442;0.021722304;-0.1926504;-0.85649264;0.0029275762;-1.0570506;-0.24618934;0.047627352;-0.16007096;0.03185991;-0.08781659;-0.7756673;-0.23722653;-0.23015696;0.29723108;-0.08943249;-0.112825006;0.031374678;-0.64257157;-0.47403783;0.43056214;-0.19881234;-0.6037159;-0.798636
0.3466688;-0.35106325;-0.13825707;-0.12653777;0.1414033;-0.017477475;-0.08763368;0.013353301;-1.5519432;0.16703996;0.41922447;0.60740757;-0.115331195;1.1243416;-0.10059224;0.031367358;-0.13903174;-0.3409164;-0.033121742;-1.1635795;0.1101567;0.13330731;-0.18526326;0.15220392;0.43452084;0.09960016;0.44199577;-0.09819639;-0.16798;-0.18029173;-0.13870585;1.4182446
0.24536861;-0.8840404;-0.13647038;-0.1420596;0.06640117;-0.16378872;-0.34324858;-0.030349553;0.33955973;0.06663823;0.40908504;0.045718208;-0.0430827;0.037809618;-0.17793095;0.022840038;-0.027209703;0.039539415;-0.18251213;-1.3774912;-0.025675885;-0.106022246;-0.3388934;0.14602251;0.27514067;0.086333334;0.3621466;-0.13477339;-0.36601016;-0.46590203;-0.4694417;-0.9698607
-0.21710284;-0.30942234;-0.15559813;0.15569115;-0.29467258;-0.14639771;-1.0740604;-0.06424763;-0.2774692;-0.20485061;0.17301027;-0.18157476;-0.067932345;-0.62966216;0.21294723;0.03601529;-0.18749437;-0.3859874;-0.052942622;-1.0353795;-0.129467;-0.14457838;-0.42562437;-0.27576998;-0.06494198;-0.2842175;-0.21071123;-0.44600964;-0.021250803;0.12599735;-0.05101562;-0.88889074
-0.09186842;-0.2343551;-0.18501958;-0.33455074;0.05580531;-0.31893608;-0.33249882;0.01763411;-0.4118043;-0.05102967;-0.29985487;-0.17828856;0.017955061;-1.3112938;0.296184;0.06441286;-0.018869603;0.02147647;-0.53981173;0.39427352;-0.45252758;-0.29135957;-0.24353065;-0.13759129;-0.027769702;-0.036181804;-0.27615154;-0.23199601;-0.76462007;-0.55269325;0.16908133;-0.84373933
0.14999767;-0.34596142;-0.17432651;-0.7414318;0.04789499;-0.04794471;0.12220189;0.008007914;0.36216766;0.13565671;0.45598415;0.43200162;-0.05316562;0.39772588;-0.14424534;0.016700834;-0.004097037;0.037669647;-0.78226614;-0.78419614;0.08902729;0.35387114;-0.24328676;0.069162846;0.40660432;0.0699867;0.24123216;0.03245341;-0.29962897;-0.51632506;-0.11139141;1.390729
-0.13507502;-0.23693231;-0.14711331;-0.28851932;0.0028560385;-0.51036346;-0.32853654;0.0036909496;-0.42029274;-0.011344074;-0.2046488;-0.10187803;0.08240739;-0.66181666;-0.538843;0.066606924;0.064726755;0.030438341;-0.7698068;0.4033425;-0.17027147;-0.29209706;-0.42443478;-0.11792035;-0.686979;0.005667031;0.046383403;-0.11909791;0.31318942;0.045317754;0.27587366;-0.7539381
0.18658456;-0.41004953;0.08981179;0.4704068;0.16035002;0.52745515;0.91638017;0.031834364;-0.25584856;-0.1468064;-0.19149725;0.73111224;-0.10475877;-0.38134298;0.42497438;0.021083245;0.13211855;0.036483835;-0.040994335;0.69817287;0.08293486;-0.1384972;-0.1714033;-0.07033521;0.04550269;0.086052455;-0.2048553;0.14496501;-0.489078;0.22808367;-0.12928641;-0.7789735
-0.16624363;-0.12166868;-0.21515721;-0.56936073;-0.006459173;-0.37000316;-0.30615708;-0.14886475;-0.37928724;-0.024712317;-0.18903121;-0.80240893;0.03204985;-1.2434714;-0.18984349;-0.10749283;0.06409914;0.0343998;-0.2815561;-0.7677201;-0.39228874;-0.22432539;0.29349345;-0.08222291;-0.5613382;-0.03112011;0.033262316;-0.38938582;0.31682357;-0.19660024;0.12215516;0.11867213
-0.41710955;-0.26745677;-0.02471717;-0.657507;0.05710973;-0.58052355;-0.28855348;0.08082193;-0.19139256;-0.15133406;-0.13345358;0.16010693;0.033722382;-0.53697485;-0.46165866;0.06881299;0.1484461;0.033724617;0.7501342;-1.1641854;-0.082359605;0.09259234;-0.21356174;-0.08256894;-0.32040825;-0.030905355;0.03514136;0.045964763;-0.74242735;0.11715779;-0.14095324;-0.7180109
-0.04789503;-0.35549936;-0.21068037;0.5552336;-0.038238157;-0.23907991;-0.23616585;-0.11955908;-1.3716422;0.025470275;-0.4536869;-0.18298477;-0.055670228;-0.1674038;-0.16570403;0.035608694;-0.11698878;-0.3171972;-0.14546594;-1.3124796;-0.054337695;-0.15790209;-0.27750495;0.09923355;-0.23455805;-0.06982898;-0.047754098;-0.040286496;-0.48581722;-0.33953896;0.06475321;-0.94759893
0.29474196;-0.112038426;-0.12890492;-0.32435372;-0.2314895;-0.0344984;-0.5697213;0.10600621;-0.052353706;-0.08113766;-0.1896822;0.16123612;-0.19007155;-0.23152085;0.45363683;0.013623383;0.05363553;0.026332516;-0.3680355;0.62902;-0.38415754;0.14299047;-0.28106755;-0.044980455;-0.43323854;0.13749793;-0.07917619;0.011922505;0.52289695;0.22546259;-0.052154567;0.94406676
-0.43257785;-0.33183262;-0.21177372;-0.7465236;-0.2876148;-0.32778347;-1.2069224;-0.046261325;-1.2128283;0.10762654;-0.26623294;-0.042034723;-0.11403893;0.15771005;-0.07501964;-0.0013947135;-0.12038969;0.021543402;-0.1433424;0.5948357;0.07422023;0.5477922;-0.42912614;-0.19694343;-0.022416266;-0.15866464;-0.41912398;-0.01668991;0.17607884;-0.38393453;-0.14127451;-0.9593726
-0.5347058;-0.25677153;-0.30397183;-0.530551;0.030779626;-0.17282626;-1.3484974;-0.22154182;0.26907197;-0.18678436;-0.25867411;-1.1691412;-0.032242343;-0.9770668;0.4324287;-0.019609809;-0.090123154;0.032552592;-0.5717195;-0.988323;-0.07147171;-0.11195381;-0.32033512;-0.1781321;-0.034204036;0.030617252;-0.26112005;-0.16817749;-0.81783575;0.010964828;-0.4026315;1.0290277
0.25554472;-0.23879805;-0.14969952;-0.26798677;-0.19466238;-0.16595352;-0.32344761;0.034112215;-0.34209007;0.11108942;-0.2514691;0.07458817;-0.12671806;-0.02773059;0.62442523;0.051962588;0.062847406;0.036765624;-0.9900084;0.5456982;0.270789;-0.15509371;0.58222145;0.051122285;0.077899374;-0.09474504;0.110778354;-0.10328643;0.5388115;0.040048733;0.17906058;-0.66910386
-0.4934001;-0.3450284;0.34382322;0.43004927;0.0635364;-0.45612124;-0.3376724;-0.020833466;-0.3523866;0.010778164;0.07767788;0.11428897;-0.034048248;0.01952633;0.16957161;0.017414447;-0.13379931;0.037633475;0.06787024;-1.2087535;-0.031766236;0.14310099;-0.28082362;-0.36140212;0.04243194;0.04890425;-0.17554133;-0.7232023;-0.49165455;0.2946974;-0.4888613;-1.1537116
-0.11067531;-0.3279572;-0.22161411;-0.28814006;0.017385583;-0.14134842;-0.31471205;-0.10967583;0.41789883;-0.14812855;-0.18999177;-0.11323874;0.023104705;-0.9537017;-0.24352008;0.06463551;-0.10035492;0.033684876;-0.2144789;-1.0775428;-0.07176486;-0.13704589;-0.37313956;0.0053924415;-0.9054053;-0.035560425;-0.30006808;-0.35993585;0.28925973;-0.25262052;0.0898554;-0.7869496
-0.5335008;0.7612473;-0.1747796;0.44555092;-0.46025568;-0.42326105;0.75630504;0.052935716;0.1968693;-0.1250575;0.09270182;-0.15833867;-0.25061503;-0.54096216;0.33616185;0.04947191;-0.16334084;0.032786623;-0.84881;0.37516037;-0.26072612;-0.90370756;-0.3492517;0.22678444;0.22316009;0.08041409;0.3572143;-0.0015204363;-0.4515773;-0.41982913;-0.6219256;-0.7901108
0.10837092;-0.22854275;-0.21553771;-0.6525242;0.07747689;-0.44424364;-0.24990872;-0.14679009;0.3614635;-0.15281793;-0.39475492;-1.339878;-0.12995204;-0.8894724;0.42752144;-0.040070143;-0.12198077;-0.23699844;0.048710287;0.6033934;-0.45707485;-0.06752664;0.3253514;0.18191354;0.223759;-0.009628577;0.2140901;-0.34295052;-0.53642476;-0.44729036;-0.10163421;0.6097683
-0.37438673;-0.4255861;-0.21315819;-0.5526756;0.04714001;-0.06909116;0.22781238;0.01001082;0.30009547;0.034009926;-0.43840176;-0.0614998;-0.07762409;-0.040702887;-0.15802255;0.022458382;-0.09029209;0.026542094;-1.1370279;0.56938076;0.14934234;-0.23438928;-0.32783198;0.12255717;0.24824493;0.075659946;0.34480602;-0.26168084;-0.4505464;-0.44997412;0.14373554;-0.95254207
-0.21855448;-0.45933717;-0.21520905;0.18278083;0.033356015;-0.11282499;0.15259321;-0.18254274;-0.32451874;-0.13758545;-0.21853054;0.13943312;-0.0127864005;-0.59396964;-0.254817;0.056301985;-0.25304654;0.041065082;-0.73879987;-0.9327758;-0.06208087;-0.19929029;0.37286153;0.04222633;-0.6534358;-0.07659439;-0.30641654;-0.7822907;0.2812326;0.10707318;-0.66741806;-0.9236791
-0.4592441;0.9682705;-0.25268507;0.32053503;0.09836584;-0.17985934;0.7959291;-0.05638471;0.31408682;-0.13622054;-0.018919488;0.65885943;0.083452985;-1.0994091;-0.21772231;0.029415447;0.04332552;0.03751337;-0.100480095;-1.1765509;-0.12489467;-0.15411884;0.14916968;-0.10311085;-0.06380467;-0.2574813;-0.29829195;-0.17120442;-0.18752585;-0.2611933;-0.51617724;-0.846423
-0.2778406;0.7454078;-0.20844361;0.50108564;-0.41132626;-0.33431256;-0.19245014;0.037691303;0.3720042;0.02429526;-0.2971476;-1.9075661;-0.11604219;0.15519674;-0.17062993;0.04192709;0.18018964;0.029575393;-0.11056644;0.556559;-0.07199102;-0.21018769;-0.46384463;-0.3586346;0.0009503558;-0.33599275;-0.37766847;0.0710987;-0.27102938;0.14908232;-0.28599495;-0.78976196
0.06423094;-0.19813952;0.07117563;0.5141448;0.11000314;0.46514806;-0.21270695;0.13180058;-0.22900867;0.2093885;-0.04427028;-0.6694787;0.0815115;0.4799949;-0.12515566;0.04316444;0.15739015;0.046549775;0.68890786;-0.342089;0.022579694;-0.1644847;-0.28479385;0.122534506;-0.33354735;-0.0054300865;0.13997337;0.42532304;0.42676184;0.12327671;-0.29202312;-0.42069492
0.28105292;-0.12892334;0.2014189;-0.47191045;0.05601799;-0.19442368;-0.112217605;-0.02513379;-0.30747318;-0.111037634;-0.05417817;-1.1435946;-0.1153162;-0.39957818;0.20345613;0.07256647;0.24335751;0.03228472;-0.098257035;0.5400355;-0.14106908;-0.09805173;0.54632413;0.041482646;-0.06081761;0.117960155;-0.13653895;0.16535732;0.63529617;0.28058195;0.49995047;-0.5600001
-0.35158733;-0.41436407;-0.23853984;0.28031808;0.046861596;-0.31075895;0.16421676;-0.026913453;-0.3536199;-0.07784078;-0.4503578;0.6539404;-0.051394515;-1.8508248;0.4045988;0.04818737;-0.18486947;-0.39326316;-0.23411122;-0.88147545;-0.36954802;-0.23434162;-0.17310706;-0.12472735;0.19676521;-0.20807832;0.26986688;-0.51743966;-0.067417994;-0.35368007;-0.28344846;-0.96778023
-0.0064050537;-0.16626634;-0.20097528;-0.24102831;-0.0012480267;0.5041136;-0.25214294;0.0028102405;0.3873396;-0.12622663;-0.39402997;-0.7805862;-0.094533585;-0.86568284;-0.16927236;-0.032169443;-0.015977362;0.03149636;0.004279785;-1.1030585;-0.00690545;-0.1373562;-0.21472661;-0.03629359;-0.41242468;-0.0156391;-0.29527965;-0.25130573;-0.7946739;-0.15251833;0.10320067;0.8865276
-0.35064733;-0.30901212;-0.1530128;-0.31795356;0.06242938;-0.76999545;-0.3507812;-0.0030160295;-0.58514404;-0.06874087;-0.16071206;-0.26394814;-0.28032377;0.042112574;-0.12442324;0.044893935;-0.22195044;-0.30091855;-0.025861809;0.4454535;-0.23788609;-0.13776885;-0.43278965;-0.16587117;-0.14298397;-0.26598245;0.08481849;-0.29032075;-0.33533773;0.00018125633;-0.51783705;-0.77660316
0.011173905;-0.2978139;-0.03636217;-0.7622082;-0.6206772;0.26888296;0.03349073;0.069000535;-0.32396612;-0.19287148;-0.063153915;0.15081967;-0.17866984;-0.48761836;-0.2241663;-0.049827978;-0.24823879;-0.3447249;0.5696844;0.65175086;0.06156937;0.12245456;-0.29794165;-0.15305689;-0.2539303;-0.0072016837;0.0035346197;-0.01074296;0.2535306;-0.6325839;-0.3837909;0.84722483
-0.23290902;-0.22253276;0.30020988;-0.3722895;0.0037235431;-0.2232953;-0.2861148;-0.0466585;-0.39047706;0.01727555;0.1361456;-1.4979988;-0.046197873;-0.31160763;-0.50489503;0.044831876;-0.38287613;0.036322113;-0.2343463;-0.8650839;0.09959385;0.26036662;0.6233648;-0.14862366;0.04913785;-0.02957733;-0.27828008;-0.35043207;-0.6308268;0.26472157;0.03205535;-0.93415177
0.060454894;0.8137365;-0.10111371;-0.19275019;0.103571035;-0.63320285;-0.14722143;0.0045866235;0.37106508;0.13343872;-0.3170323;-0.028508825;-0.038615838;0.39669397;-0.11083722;0.029717186;-0.16914792;0.033672452;0.69332623;-0.7398162;0.12445746;0.1065503;-0.21518466;-0.23713413;-0.3625721;-0.1965283;-0.14467432;0.42888957;0.013298489;-0.6378338;-0.28925097;1.3443959
0.0699739;-0.85752213;-0.16255566;-0.28755355;0.05957439;-0.28160328;-0.7358537;0.03177411;-0.32708547;-0.028007064;-0.37630275;-1.1637031;-0.019783335;1.0101194;-0.2391669;0.022096114;0.056697365;0.03523222;-0.23540874;-0.8217531;0.10389384;-0.55811274;0.28818637;0.16591653;0.340637;0.054189965;0.4636984;-0.2693868;-0.5214731;-0.26045272;0.18844588;-0.84611535
-0.21210964;-0.22398995;-0.015441073;0.3045739;-0.50605893;0.32880688;0.7270005;-0.015409;-0.36227855;-0.025610417;-0.1559146;-0.09462237;0.04555939;-1.3243419;-0.07627015;0.04444304;-0.23091012;0.034453724;-0.120444074;-0.8309502;-0.41419718;0.1402368;0.3011343;-0.10354365;-0.010421048;-0.055751413;-0.74453086;-0.46586564;0.30960768;0.22596206;-0.51147175;-0.98863786
-0.5399278;-0.29682288;-0.22642961;-0.2510433;0.018910367;-0.3744787;-1.087247;0.07869239;-0.35479352;-0.12334115;-0.06853661;0.19361618;-0.3357979;-0.9846332;0.51302624;0.038959377;-0.11341054;0.036324225;-0.99706155;0.3461895;-0.21949235;0.052135356;0.42083693;-0.27420026;0.05553832;-0.14030263;-0.21198896;-0.3608632;-0.080350734;-0.08216049;0.039808158;-0.9409231
0.13770078;-0.3188143;-0.095696315;-0.4320904;-0.021084864;-0.48844898;0.50339377;0.019901974;-1.5873345;0.073542885;-0.33434996;0.7467337;-0.0883502;-0.08892927;0.49593905;0.03184462;-0.10286858;0.028714709;-0.077598006;0.6178441;0.08201812;-0.19171222;0.1024648;-0.11135642;-0.13346122;0.05286427;0.09502369;-0.13718821;-0.5336381;0.3446442;-0.28571302;-0.7172404
-0.018290447;-0.31493697;0.06841037;-0.8003609;0.02165234;-0.49619916;0.37677458;-0.12634528;-1.1969746;-0.11937699;-0.15339348;0.5306418;0.031803574;-0.3416913;-0.25941208;0.05684162;-0.0083192885;-0.3064577;0.3695557;-1.4392576;-0.0740264;-0.8191739;-0.2080556;-0.20772399;-0.6239789;0.0055682873;-0.27209446;-0.5920771;-0.47365573;-0.52445817;-0.41088003;-0.7428841
-0.3492008;-0.361998;-0.1673636;0.43175885;0.085926145;-0.40207332;-0.22394904;-0.050718352;0.4187113;0.042367045;-0.37244764;0.6693825;-0.18916081;0.00013365038;-0.18752769;0.040553804;-0.15672268;0.026773574;-1.348927;0.58371377;-0.026893143;-0.2974339;0.302985;-0.2937038;-0.23474383;-0.35007444;0.062994234;-0.037354533;-0.33882993;-0.47293657;-0.6327212;-0.8677727
-0.47449124;-0.20343034;0.22957751;-0.63904804;-0.02642752;-0.1700324;0.20591968;-0.014233779;-0.32190934;-0.1608897;-0.14799519;-0.93100643;-0.038245264;-0.7123937;-0.22275789;-0.0591145;-0.15969816;0.032634996;-0.48646232;-0.8502707;-0.25686556;0.34528223;0.33259556;-0.12098312;-0.89890313;0.0099155195;-0.514826;-0.1900783;0.31049404;-0.23091044;-0.1192345;0.77147955
0.009338491;-0.43023902;0.14829205;0.45246327;-0.3419623;-0.18627162;0.22319496;-0.062015764;-0.36943516;-0.16121802;-0.2683759;-1.3448864;0.085157305;-0.5281414;-0.15885627;0.034942478;-0.005210628;0.038878907;-0.15134928;-1.0481471;-0.11874595;-0.11965435;0.38012555;-0.31425187;-0.03493414;0.07508228;-0.25740233;-0.55378854;-0.54513055;0.15172637;0.031290166;-0.91768044
0.14409986;0.7010161;-0.14184129;-0.14540903;-0.37259898;-0.075157784;0.24533165;0.049196385;0.32966056;0.015563194;-0.3629684;-1.4802326;0.07853173;-0.5360933;0.49177337;0.02954773;0.007826913;0.04178724;-0.0018722713;-0.91076946;-0.1475487;-0.09248867;0.28550592;-0.27089494;-0.18244307;0.030725874;-0.21798187;-0.28866518;-0.66737276;0.12285739;-0.4870185;-0.99867684
-0.12769006;-0.21695961;0.08423366;-0.25426537;0.048965726;0.3787845;0.6976427;-0.11963555;0.27555004;-0.053322833;-0.17314035;-1.0949447;0.012740562;-0.6115506;0.53702474;-0.054110575;-0.2623264;0.039848763;-0.5270064;-0.74112165;-0.38456813;-0.14575168;-0.18751162;-0.21566299;-0.025695246;0.027936328;-0.07912859;-0.36692718;-0.77421844;-0.45674306;-0.013144462;0.7478095
-0.35128212;-0.29898298;0.24396104;-0.1728396;0.15617314;0.34471452;-1.2781799;0.10427789;-0.33192235;-0.1118273;-0.16736218;0.7295378;0.059092164;-0.76359427;0.10555516;-0.011077145;-0.005263764;0.0299461;-0.21066146;-1.2546881;-0.28478384;0.13092288;-0.23044781;-0.16790031;-0.050939847;-0.0640223;-0.24476255;-0.2898026;-0.7423425;-0.3604603;-0.10544858;1.2764376
-0.009894248;-0.35847548;-0.1406764;-0.33641723;0.047702678;-0.44657648;-0.3821249;-0.14031756;-1.7412709;-0.14535585;-0.3647886;-0.11630703;0.02252506;-0.6732335;0.469522;0.07560501;-0.113931105;0.044913393;-0.258328;-1.1648053;-0.16926654;-0.13897967;0.3382158;-0.37693015;-0.071229525;-0.25660476;-0.278853;0.117310904;-0.12965922;0.13284712;-0.15811805;-0.71510166
-0.16550963;0.51081383;-0.23170863;0.348579;-0.20417732;-0.3612257;-0.2821158;-0.06442557;0.40587136;-0.05643357;-0.16630755;-1.3003733;-0.026054207;-1.4486804;-0.097611174;0.06409923;-0.2073206;-0.2764857;-0.21273541;0.5000367;-0.424551;-0.21125175;-0.31240857;0.0006506373;-0.22980863;-0.07644517;0.25900352;-0.41699073;-0.56378317;-0.43734878;0.1601449;-0.606309
-0.47831237;-0.32381776;0.2121121;0.5741021;-0.3225208;0.2992991;-1.0133371;0.019135542;0.22755992;-0.13029072;-0.23211761;-0.051691808;0.025155574;-0.83159965;0.105675064;0.050490927;-0.23600948;0.033251513;-0.6259891;-0.998026;-0.10343737;0.02072407;-0.34520254;0.090939574;0.31074446;0.021892883;0.43075597;-0.33790913;-0.7192416;-0.45539343;0.15621248;-0.9463711
0.07244602;-0.22191218;0.34856644;-0.20086811;-0.012214377;-0.34252325;0.12753706;0.004834275;0.35696074;0.03442598;0.09785068;-1.3432537;0.03396147;-0.6181646;-0.35629287;0.05814676;-0.09612692;0.041292023;-0.5272379;-0.78591776;0.054574445;-0.8610098;-0.28603604;-0.40326208;0.15279284;0.04587412;-0.17429475;-0.086195365;-0.7937052;0.0013348421;0.05971109;-0.9041209
0.043354232;-0.24050713;-0.21857297;-0.6494599;0.04962339;-0.42317158;-1.0651634;-0.01858871;0.1792648;-0.122932464;-0.25952175;-1.0724941;-0.051204037;-0.2934505;0.57841516;0.026444653;-0.26403818;-0.4687374;0.6447373;-0.9063253;0.020213673;0.048522543;0.6410698;-0.071071416;0.017390504;-0.15051986;-0.35138074;0.34576768;0.25445303;-0.05389939;-0.048851773;-0.92904747
-0.51576453;-0.33642998;-0.17541245;-0.20609944;-0.3698015;-0.018084817;0.5867256;-0.00700554;-1.5672952;0.10504848;0.38004395;-1.2721446;-0.11953321;-0.057230953;-0.17825365;0.025117882;-0.23990059;-0.28782097;-0.1451129;-1.0067949;-0.11374279;0.13764262;0.2593177;-0.13733834;-0.030087091;0.010154553;-0.29642785;-0.11303281;-0.3632787;-0.3765274;-0.09105502;1.2556036
-0.5470732;0.60794216;-0.19276407;-0.6717216;0.062113985;-0.4184042;0.15539573;0.061442647;-0.37003183;0.06227728;-0.26150703;-1.3099995;-0.09093445;0.2739726;0.36695734;-0.030788824;-0.12205059;0.026696753;-0.7646508;0.29676053;0.014560305;0.06900324;-0.36792806;-0.042558435;0.20198962;-0.14011423;-0.27434278;-0.030820917;0.0049746465;-0.22043167;-0.13032903;1.0379673
-0.46304908;-0.40534943;0.33598;-0.1052746;0.07526853;-0.16141884;0.5373847;-0.13277689;0.26552927;0.10203848;0.10716662;0.85168624;-0.11067942;0.11686541;-0.49980304;0.012262443;-0.32836983;-0.39420423;-0.022276584;0.752028;-0.026121562;-0.16496542;-0.18468487;-0.37690797;-0.1782798;0.07773904;-0.22362843;-0.09836819;-0.41835442;0.1463277;-0.30249652;-0.96128094
0.23332438;-0.31161234;0.09490988;-0.5333085;-0.037067387;-0.6201491;-0.19856714;-0.01184483;-0.50334173;-0.12465186;-0.25687778;0.6225158;-0.076550335;-0.5280717;-0.20587417;-0.042257033;-0.036966708;0.026996206;-1.0384572;0.5942083;0.12374742;-0.19475259;-0.29517165;-0.3351465;-0.1212473;0.099188395;-0.22934058;-0.6589611;-0.48042247;-0.77683526;-0.37980154;1.2283933
-0.31195414;-0.21556157;-0.31857324;-0.16307308;0.028460385;-0.12329363;-0.9740865;-0.047156595;0.24882202;-0.11759402;-0.22952664;-0.14559232;0.002770321;-0.48749933;-0.1527555;-0.046642777;-0.23671874;-0.3488581;-0.052308727;-1.1482333;-0.35543048;0.10605886;-0.36889067;-0.11988986;-0.8615558;0.10372097;-0.63231766;-0.2172254;0.36186644;-0.20862089;-0.028943948;0.70319843
-0.20504856;0.64938617;-0.14822613;0.41052896;-0.21168427;0.04452119;-0.6153515;0.0026019795;-0.124422595;0.07384076;-0.22934358;0.18578325;0.0364972;0.8928928;-0.101857536;-0.0076186364;-0.14736621;0.028688684;0.5095769;-1.174937;0.020186983;-0.20544358;0.40101904;0.0021991772;0.034774076;0.052599452;-0.2560585;-0.25358176;0.333165;-0.30850846;-0.23411223;1.0090208
-0.009425299;-0.73774517;-0.14132142;-0.6622723;0.09208564;-0.24197319;-1.1291188;-0.036214925;-0.34032685;0.04131278;0.31376323;-1.3355496;0.08773701;0.079741836;-0.5895535;-0.008629628;0.023525346;0.028397221;-0.00818632;-0.8857553;-0.04780434;0.11563069;-0.42918208;-0.15407553;0.2904676;-0.0010998901;-0.34415558;-0.020131113;-0.3377463;0.19096343;-0.3964348;-1.0556449
0.10011473;-0.36883825;-0.061137196;-0.3086716;0.033511527;0.35093573;-0.10435743;-0.095320374;0.27730602;-0.13230856;-0.22124012;0.6400084;-0.08855697;-0.35305735;-0.21165767;0.031057866;-0.10670874;0.032311156;0.4699278;0.73882085;0.043040954;0.23259263;-0.4246766;-0.3646673;0.01993195;0.025247935;-0.22984529;-0.6848339;-0.5716259;-0.77884334;-0.31365877;-0.9046012
-0.43596944;-0.3437195;-0.120605744;-0.74492526;0.11085726;0.4920067;-0.32728812;-0.076075464;-0.30003953;0.09484378;-0.26612127;0.8222278;-0.07874453;-0.26435217;-0.23103009;0.03474145;0.049885694;0.03369334;0.09120468;-1.1394693;0.024916021;0.11811661;-0.1542998;-0.18522276;0.07683182;0.068944424;-0.25759172;-0.3969259;-0.6074486;0.28068164;-0.104974866;-0.95962274
0.05502767;-0.498741;-0.102430634;-0.2646507;0.0067927423;-0.2138935;0.6382298;-0.06813675;0.32505116;0.013781654;0.24852459;-1.9196353;-0.085643426;-0.3693241;-0.6553462;0.033818755;-0.11406638;0.03594746;-0.7227144;0.4073028;-0.09175514;0.03572503;0.324726;-0.3222593;-0.033082463;-0.13517386;-0.09030183;-0.2526697;0.09224488;-0.0017239756;0.067427754;-1.0544376
-0.034246136;0.80225843;0.087550044;-0.25955263;0.023802172;0.1100688;0.25650612;-0.06751062;-0.3987554;-0.1262992;-0.18161747;0.084828936;-0.04081634;-0.8165735;-0.27094892;0.05253042;-0.24676669;0.045852374;-0.6504312;-0.81411064;-0.07259307;-0.19769505;-0.2583281;-0.09143153;-0.5298842;-0.046583064;-0.2712326;-0.23074012;0.3646683;-0.4547716;-0.44330168;-1.0189778
-0.55102134;-0.4040633;-0.005220928;-0.10074471;0.09742774;0.4392931;0.10901865;-0.09146578;0.34515065;0.0054956013;0.3016176;0.0039294297;-0.017757947;-0.20043139;-0.612788;0.04852284;-0.33287132;0.046794794;-0.93451935;-0.8969973;-0.0011178006;-0.16060653;-0.25088233;-0.06537629;0.06628725;-0.23430473;-0.21279019;-0.23201911;-0.18371187;0.29601306;-0.45011738;-1.08722
-0.47875187;-0.34207404;-0.27157715;-0.29904738;0.093182206;-0.14989139;-0.42043075;-0.109620586;-1.5033392;-0.20404363;0.29573303;-1.3616409;-0.056630258;-0.8867892;-0.20275404;-0.07858402;-0.107324265;0.023797859;-0.049436033;-1.048989;-0.44012854;0.33892655;0.26296392;-0.23271428;-0.120394625;-0.27625206;-0.34746802;-0.064943284;-0.2824238;-0.33821335;-0.056697924;0.46019876
-0.009566905;-0.29537347;-0.18761396;0.28986377;-0.4309202;-0.30249378;-0.8385806;-0.01666687;-0.27709055;0.104114495;-0.36030284;-1.195384;-0.061900955;0.6280931;-0.051810015;0.032940254;-0.291604;0.029686818;0.023152689;-0.9105234;-0.038526345;0.077219136;-0.3819347;-0.234247;-0.14690836;-0.04700766;-0.35230324;0.19996382;-0.52002954;0.19047828;-0.3632611;1.2839913
0.27916753;-0.27977845;0.0978661;-0.66284585;0.15114821;-0.6509197;0.2385517;-0.050128497;0.40483633;0.1725935;0.2992669;-0.0062486096;0.08647238;-0.06995885;0.5685117;-0.013974821;-0.34837094;0.047255255;-0.13662557;-0.96076524;0.2033303;-0.1635495;-0.23019028;-0.012571812;0.0786433;0.069819316;-0.11890001;-0.12401676;-0.38105673;0.315565;-0.18252757;1.494409
-0.21855004;-0.359101;0.045686036;-0.24196218;0.18008749;0.4114292;1.0431168;0.035949215;-0.40798;0.039260354;-0.15652531;-1.031929;-0.0124888485;-0.582503;0.51777494;0.04518251;-0.12025087;0.046026062;-0.24968933;-0.25078294;-0.30344248;-0.12794873;-0.18061662;-0.06759537;0.14870812;-0.1274425;-0.26809177;-0.18029337;-0.060574517;-0.75170684;-0.533738;-0.9028855
-0.23795287;-0.20169984;-0.22602639;0.21007441;0.010906548;0.43526417;-1.2717782;-0.057388134;0.22536877;-0.042197973;-0.15847908;0.16742417;0.04353148;-0.7896947;-0.0643134;0.020806998;0.06131032;0.03121025;0.43457577;0.69351184;-0.21816318;0.18108073;-0.3909674;-0.01563344;-0.77700233;-0.04147666;-0.47899097;-0.3998879;0.30825529;0.18632293;-0.47571337;-0.9478617
-0.59132624;0.6197962;0.16198032;0.417624;0.06903217;-0.49375787;-0.47655186;-0.10067677;-0.39362007;0.010440814;0.3199089;-1.282189;-0.05352056;-0.40824574;0.37474197;0.049246132;0.08161631;0.040625617;0.061964173;-0.80733126;-0.21780656;-0.09402454;-0.26644653;-0.34230196;-0.056098383;0.021678176;0.37525254;-0.18493646;-0.58528906;0.025784498;-0.011801122;-0.9295828
-0.078776;-0.20338826;-0.21471258;0.23883817;-0.1748133;-0.19184859;-0.8208305;-0.019681284;-0.28568724;-0.078929424;-0.20719627;-1.1445812;-0.18335143;-1.2817608;0.33170888;0.039060663;-0.0061383094;0.022820815;-0.1949115;0.43701443;-0.38358176;0.4821373;-0.38378596;-0.008434435;-0.37857196;-0.02834325;-0.17624451;-0.3595393;0.1118352;-0.52295315;0.107202366;-0.85921496
-0.44673896;0.6724161;-0.23121196;-0.6441781;0.07508592;-0.25946733;-1.3190771;-0.10632405;-0.2471428;-0.14320417;-0.040398788;-1.4022762;-0.06392011;-1.0197531;0.17576997;0.060012124;-0.13314822;0.027632782;-0.03695397;-0.7206673;-0.22379845;0.045003712;0.33963406;-0.2591817;-0.002878741;-0.19633959;-0.41285905;-0.24826594;-0.022495039;-0.41949636;-0.21332568;-0.8128426
-0.24851105;-0.25135654;0.00066716643;-0.6301844;0.08353334;0.2784878;-0.24965899;-0.002456238;-0.28180796;-0.19384341;-0.078388885;-1.1286564;-0.06988773;-0.5113337;-0.48621172;-0.009608503;-0.1375125;-0.329404;0.75021684;-0.9598859;0.0010677283;0.1027231;-0.26663917;-0.17034757;-0.25288764;0.0068296464;0.0145213865;-0.8372521;0.2197285;0.038718525;-0.23015328;1.0409453
-0.308992;-0.57978123;0.19022247;0.7758228;0.013182414;-0.7835713;0.69409245;-0.0007787257;-0.33314982;-0.0487754;-0.12554218;0.15251379;-0.1847452;-0.50377744;-0.18129802;-0.06692644;-0.1979203;0.020274471;-0.85034066;0.4559024;-0.12696402;0.14024459;-0.3241459;-0.22651042;0.27577415;-0.042607937;-0.5642918;-0.17270462;-0.60048157;-0.5229933;-0.2219995;0.9878728
-0.16135472;-0.40649125;-0.15613331;-0.37213892;-0.39858812;0.032535583;0.64497715;-0.008764597;-0.2940476;-0.015918463;-0.19597964;0.46455288;0.008898232;-1.0440664;-0.270339;0.052893247;0.15857461;0.03576822;-0.3981513;-0.9165399;-0.2472076;-0.23401335;-0.2057553;-0.029858066;-0.045452237;-0.018917968;0.08416058;-0.12842737;0.3502022;-0.2673182;-0.4340128;-0.79251677
-0.46029553;-0.25959918;0.43410647;-0.42290866;0.07120353;-0.29932836;-1.4301994;-0.09751333;0.20160866;-0.19004461;-0.05476665;-1.1433709;-0.0061645205;-0.71703297;0.48418802;0.061070498;0.072516814;0.029580489;-0.19219719;-0.7776243;-0.1971217;0.032363404;-0.3442824;-0.2696254;-0.09509689;-0.034432605;-0.18301688;-0.0027110113;-0.80005765;-0.31488493;-0.09997559;-0.69283897
-0.16182834;-0.30055892;0.31822392;-0.44784608;0.043538798;-0.510666;-1.004017;0.035552807;-0.31961697;0.18808118;0.08969991;0.075579286;0.04061245;0.46966484;-0.0759004;0.04060536;0.013237159;0.03148024;-0.16683967;-1.1074395;0.07464583;-0.16079357;-0.41837955;-0.10134567;-0.10213564;0.070755385;-0.27348053;-0.50196767;-0.4530587;0.12279113;-0.18916658;1.5007105
0.14101626;-0.23480375;-0.16885683;0.5167632;-0.3192466;-0.042116728;0.56458825;-0.0060928618;-0.32215896;0.13892315;0.45556635;-1.2884002;-0.027167104;-0.0066571888;-0.11911677;0.038906932;-0.07879225;-0.22267061;-0.07637654;0.6861206;0.16130187;0.1342276;0.63792956;0.15211494;0.21062693;0.037906047;0.12406094;-0.061198432;-0.2174431;-0.24820429;-0.15666893;1.0927854
0.23984472;-0.27395836;-0.12201695;-0.21290728;0.039481636;-0.4422851;0.7680651;-0.07171068;0.37195307;-0.00078589004;0.28570545;-1.088379;0.0761474;0.061319333;0.6453756;0.034959614;-0.124349885;0.04672904;-0.18245853;-0.81003004;-0.1231737;-1.144588;-0.2928875;-0.18569653;-0.07421422;0.06019632;-0.24800107;-0.06486501;-0.53211766;0.13819942;-0.5651502;-0.97509146
-0.26095536;-0.37618017;-0.24372306;-0.024803717;0.04042159;-0.013971407;0.07188883;-0.06067629;-0.30552518;0.07578677;-0.34979254;0.4824075;-0.15752158;-0.05861375;-0.15793112;-0.011321069;-0.1405988;0.03157236;-0.997628;0.54163605;0.01001885;0.58605045;-0.2595334;-0.08195977;-0.26704577;-0.014573352;0.008399372;-0.199759;0.22564395;-0.60773665;-0.3321847;1.0360217
0.093933545;-0.355856;0.03069586;-0.43682644;-0.35227245;-0.4762758;0.5921982;-0.020965928;-0.47476363;-0.19591607;-0.25308946;-1.3238893;-0.12278414;-0.51861465;-0.35846728;0.01587257;-0.20370764;0.026371874;0.05855476;0.47562808;0.13439342;-0.16355826;-0.3446554;-0.23220444;0.009610087;-0.020749949;-0.35468292;0.14209868;-0.59366864;-0.5429218;-0.52473795;-0.97170806
-0.06715254;0.5426526;-0.15627041;-0.47322577;0.011290049;-0.05466485;-0.835722;0.070399925;0.1998675;0.122565515;0.28326306;-0.9805432;0.10234368;0.7184235;0.35027778;-0.002320602;-0.027390616;0.035544;-0.46034163;-0.7147555;0.17442389;-0.16360855;0.33792612;0.098432615;0.3151063;0.053026572;0.31783077;0.34838754;-0.44264486;-0.016682487;-0.12596886;0.8677987
-0.43028042;-0.49095422;-0.17480895;-0.2650249;0.14761822;-0.2675397;0.8594949;0.011863703;-0.31359315;-0.1560249;-0.4006449;0.21182527;0.05302655;-0.13211066;0.0391208;0.034698512;-0.29813358;-0.4761197;-0.21545945;-1.065566;0.074965954;0.16320132;-0.34033537;0.053089317;0.3393377;0.084797025;0.3454254;0.48728895;-0.517731;-0.30999526;0.05976402;-0.77633387
0.24183378;-0.2199007;0.14489321;-0.66119033;0.047996845;-0.40335158;-0.108814314;-0.021943128;0.4269717;0.073553294;0.4453721;0.013826325;-0.12307362;1.0237489;-0.17791523;0.04464216;-0.11352706;0.025730658;-0.87712127;0.58238363;0.06908354;-0.18184306;0.50417393;0.08286424;-0.021840733;0.08404532;-0.23216407;-0.23312518;-0.569034;-0.3236648;0.3230686;-0.79336274
0.13191092;-0.17784944;-0.106628194;0.6437902;0.00919554;-0.15701526;-0.7193387;0.012605257;-0.30213007;0.013659481;-0.39557317;-0.8885004;-0.08541905;0.2626721;-0.12654425;0.020289022;-0.1360056;0.031441234;0.8277141;0.72451925;0.1369961;-0.12865718;0.38953874;0.28534237;0.26971182;0.0373893;0.48522845;0.11774154;-0.47562486;-0.043281063;0.072960824;-0.8192614
-0.4216901;-0.29006404;-0.28964072;0.4759954;0.038425706;-0.17036076;-0.31793252;-0.069057874;-0.30505952;-0.16910453;-0.21026093;-1.2577789;-0.0018709188;-0.77810204;-0.51248574;-0.031589676;-0.002947562;0.02960756;0.5811701;-0.97733253;-0.32675123;0.15785748;0.27033114;-0.067161195;-0.5304428;0.05557351;-0.68847185;-0.26874444;0.18238534;-0.017838117;-0.08534865;0.8273482
-0.5627334;-0.19885722;0.22890097;-0.74136627;-0.36385298;-0.011664299;-0.72271323;-0.06799372;0.34021577;0.11796242;0.27065644;-1.1797401;-0.084910624;-0.37632358;-0.2091968;0.005387495;-0.07875859;0.02309217;0.5178767;0.5272625;0.104925655;-0.15995511;0.32674357;-0.08062112;-0.042627234;-0.30266222;-0.2887345;-0.23108767;-0.17438471;-0.27136847;0.08158917;0.8739465
0.36861306;-0.4398518;-0.14274469;-0.194743;-2.6207417e-05;-0.11957824;0.3470448;0.080645435;-0.3355204;-0.13908327;-0.27273992;-0.018818652;-0.030770123;-0.34235442;-0.393919;-0.006239236;-0.18709664;0.044536628;0.6723868;-0.9725386;0.11215857;-0.15366721;-0.2763683;-0.04133233;0.054313503;0.100057095;-0.13785306;-0.34353763;-0.36424127;0.40377647;0.06044165;1.3157537
-0.3681233;-0.2130745;-0.17568895;-0.39619586;-0.41496328;0.07059034;0.25555182;-0.048788767;0.95731914;0.14131278;0.33129242;-1.0874438;0.12098829;0.37342966;0.09944283;-0.018331762;-0.00964458;0.036219064;-0.10107789;-0.86899483;-0.07906732;0.39629108;0.33146352;-0.10594274;-0.09968369;-0.1888972;0.27078554;0.057403892;-0.10391944;0.30940264;0.13296466;0.7271717
0.037218694;-0.34676465;-0.13264495;-0.107513264;0.09831234;-0.3255306;-0.4252114;-0.035915684;-0.4049313;0.01831824;-0.2564505;-0.1509779;0.03599022;0.011097527;0.46139604;0.020088473;-0.098793365;0.038484402;-0.029359307;-1.1053257;0.031910826;0.073450126;-0.30764645;-0.02977992;0.055739142;-0.15525885;-0.38531834;0.31483296;0.32679024;-0.17008878;-0.65747666;-1.0813476
-0.38718092;-0.1921283;-0.17497602;-0.1952415;0.08790461;-0.36834794;-0.66037065;0.0016324364;-0.26393345;0.11587917;0.23526645;0.55869895;-0.015271804;0.47058016;0.4751606;0.0048633516;-0.25260678;-0.2536292;-0.80638313;0.5151356;0.022922069;0.14925732;0.73236793;-0.036666393;0.06941662;-0.11282203;-0.28658885;0.17377505;0.04078617;-0.19381213;-0.12250149;1.0717775
-0.022292867;-0.4083973;-0.19290145;-0.4380339;0.10963955;-0.1344611;0.10143126;0.053495444;-0.40621996;0.10100168;-0.52833885;-0.1794097;-0.04032637;-0.06942276;-0.17451255;-0.012948435;-0.28997815;0.029392034;-0.15981518;0.7019485;0.11978064;0.07971791;-0.2858056;0.17060892;0.24530873;0.06076336;0.39709115;-0.045402884;-0.43096122;-0.65709615;-0.5501957;-1.0874138
-0.14543895;-0.45579004;-0.15861504;-0.015989656;0.0815318;-0.23176013;0.012122068;-0.08229738;-0.32217547;0.04068655;0.40553427;0.14649734;0.0358935;0.7348683;-0.21885392;0.028702857;-0.12184415;0.042437546;0.013493273;-1.2301532;-0.02142214;-0.16400817;-0.2906253;0.16361399;0.4006149;-0.27232295;0.5214288;-0.18138418;-0.18022731;-0.49924782;-0.17133889;-0.9273687
-0.41367725;-0.31924626;0.20033543;0.5060384;0.070346355;-0.52833945;-0.22410342;-0.0677305;0.35658962;-0.14129248;-0.06350777;-0.2354833;-0.22350208;-0.9074417;0.4187568;0.006503109;0.078498244;0.027873531;0.5278123;0.59265846;-0.17253353;-1.0263228;-0.2908772;-0.27117217;-0.098125435;0.0069647534;-0.23588741;-0.2748465;-0.70328337;-0.0069699697;-0.46880323;-1.0886072
0.08628321;-0.26898834;-0.14310639;-0.88791156;-0.67746687;-0.60621387;-0.24064161;0.004890491;0.31245938;0.16794866;-0.24006756;0.58722097;-0.18920745;-0.15906717;-0.14175956;-0.0049002096;0.06412074;0.021972245;0.14375329;0.6400104;0.08909611;0.3001879;-0.28344038;-0.1861453;0.06471523;0.042835075;-0.25232437;-0.2331241;-0.45057565;0.13062353;-0.060476843;0.91938984
0.009911462;-0.30784348;-0.18420452;-0.15251717;0.11352209;0.45745996;-0.3789323;-0.16602476;0.35596988;-0.1329715;-0.10047034;0.12555449;0.011559532;-0.46300048;-0.19050837;-0.057137802;-0.034686185;0.03207719;-0.6361;-0.94135344;-0.44607648;-0.27348283;-0.27878788;-0.21984953;0.25081867;0.040940218;-0.040877096;-0.3085528;-0.74015033;-0.44740072;0.08341074;0.7480944
0.12620677;-0.46099803;0.04908077;-0.19447987;-0.42322797;-0.050872788;0.047013395;-0.10918359;0.3986181;0.124805674;0.16771834;-0.15733774;-0.047221728;-0.051876523;-0.068298966;0.008113449;0.08300813;0.026001697;0.05401876;0.581744;-0.14751816;0.10796129;-0.5643641;-0.29471025;-0.28916645;-0.05135697;-0.28959325;-0.18123336;0.101936094;0.17054603;-0.50045174;-0.8814553
-0.29599398;-0.19912785;-0.2087313;0.55615634;-0.030277554;-0.1994064;-0.941469;-0.03228947;-0.22274943;-0.21952952;-0.06778047;-1.017309;-0.089319594;-0.885769;-0.1309369;-0.065280706;0.040366344;-0.25398704;-0.5007946;-0.9240797;-0.062311348;0.10490847;0.8096726;0.010040756;-0.28266755;-0.086216606;0.024254495;-0.60314184;-0.6624805;-0.15566353;-0.2011717;0.68734366
-0.2487702;-0.30701718;-0.11689677;-0.2942207;0.077372625;-0.6867033;0.6037702;-0.0097913835;-0.37997156;0.093240306;0.1362655;0.14526111;0.080797285;-0.20371933;0.041896537;0.08121041;-0.06585225;0.040559225;-0.20425317;-0.627868;-0.3787352;-0.21202756;0.22718725;-0.14400457;-0.99999946;-0.28925532;-0.03982456;0.3471375;-0.07076753;0.056059;-0.4026764;-0.3826311
-0.40472373;-0.25928137;-0.13187078;0.3793111;-0.21419902;-0.3344705;-0.54571635;-0.026901502;-0.26296195;-0.022890957;-0.31674877;-0.13865954;-0.01127548;0.055207245;0.10024178;0.012469772;0.020770993;0.033899274;0.71614677;-0.91618145;-0.06966868;0.0710662;0.32913622;0.091023564;0.43177518;0.033955313;0.535614;-0.5835037;-0.47403517;-0.742994;-0.3197128;-0.959191
-0.03362468;-0.6213897;0.108777404;0.57034004;0.0028670337;0.34130955;-1.073101;-0.04146359;-0.36816812;-0.11107433;-0.27362812;-0.089148074;0.021725276;-0.5816324;-0.17518118;0.06530889;-0.23610696;0.03183274;-0.55134815;-0.9326972;-0.079139814;0.039185934;0.49371502;-0.013774451;-0.48874977;-0.1022823;0.35606804;-0.40155354;-0.931576;-0.2859056;0.20799924;-0.74069583
-0.5628861;-0.21835846;-0.17846869;-0.28808063;-0.2322069;-0.42985293;0.16021888;0.0051921033;-0.3163859;0.11113316;-0.23615721;-1.684345;-0.1192069;-0.27951393;-0.24042451;0.04820772;-0.16976407;0.02807086;-0.21714088;0.40660512;-0.15550077;-0.7597558;-0.35887703;-0.30671048;0.01263218;-0.006841807;0.10783823;-0.21065506;-0.6179124;0.21051748;0.00045761187;-0.9086913
-0.38156953;-0.17718074;-0.19175264;-0.56263524;0.020453367;0.4419777;-0.9333319;-0.05968733;-0.24667367;-0.026253741;-0.24360773;0.45631987;0.034783293;-0.9677604;-0.18597534;0.044002842;-0.18647602;0.025196115;-0.04296603;-0.9983112;-0.24110492;-0.25372988;-0.23202956;0.023526581;-0.7357345;-0.02428121;-0.77069795;-0.1493853;0.36593544;-0.24115914;-0.46534404;-0.8163037
0.12848212;-0.6255491;-0.12649457;-0.8401443;0.08178412;0.004492921;-0.31931058;-0.015914664;0.31827408;0.08853209;0.1954535;0.15303124;-0.09253918;0.032124937;0.41856682;0.03654499;-0.46055275;-0.37735307;-0.118589394;0.6411548;0.03791283;-0.23243691;-0.3382922;-0.117021814;0.21538232;0.0940081;-0.25774807;0.011842877;-0.38593015;0.20860903;-0.43519905;-1.0803056
0.23365588;-0.246709;0.020287825;0.57901305;0.08465694;0.37710983;-0.14472099;-0.03555569;0.35122254;0.16772544;0.39611384;0.1511436;-0.026731875;0.3053924;-0.087588176;0.018153485;-0.062253285;0.040440757;-0.07438112;-0.9486732;0.13019481;0.10265276;-0.23747502;0.19102865;0.37255058;0.09416314;0.3887785;0.46722087;-0.26789808;-0.39973328;-0.21276718;1.408582
-0.38706747;-0.41654184;0.0021204427;0.0046023354;-0.46974725;0.3429473;0.84900546;-0.06277456;0.27603927;0.07423794;-0.23165256;0.19223472;0.06285363;0.06025071;-0.20365883;0.036186896;0.0062468303;0.04550663;0.042088456;-1.1056651;-0.12096552;0.10130103;0.21452844;0.09372106;0.25848988;0.06208822;0.2934324;-0.30314404;-0.62915874;-0.61685014;-0.48897344;-0.7929227
0.12533043;0.7746428;0.0017296406;-0.89791024;0.04335255;-0.67062324;-0.12712193;-0.06377264;0.25247288;-0.12700614;-0.13289452;0.63351524;-0.10590589;-0.4256879;-0.19105211;0.04085786;-0.06330155;0.022839284;0.1218119;0.7985536;0.15226665;0.100799926;-0.28436458;-0.25682768;-0.40869612;-0.0026523897;-0.11822789;-0.6802781;-0.58646524;-0.6785938;-0.11308896;-0.82730764
-0.43591908;-0.14715749;-0.22987984;-0.29544085;0.028197942;-0.8599419;-0.81632096;0.0788084;-0.35538268;0.17760766;0.034472216;0.67011684;-0.25144705;-0.53684413;-0.17083964;-0.031126678;-0.15936205;0.019610912;-0.1376802;0.5671138;-0.5756091;-0.3188906;-0.29891086;-0.3100291;-0.81162107;-0.22871047;-0.8120978;-0.076065876;-0.005894556;-0.05135967;-0.23610783;0.8505613
-0.47946453;-0.21329182;-0.08744522;-0.59353346;-0.22971922;-0.5742922;-0.20306996;-0.014792422;-0.37851834;0.08745915;0.0718819;-0.13065308;-0.14792237;-0.03358756;0.21151453;0.06411603;-0.18511602;-0.21546052;-0.14252786;0.5999269;-0.18420911;-1.0506017;-0.40249577;-0.15258504;-0.34805465;-0.016364504;-0.5286998;0.08315112;0.16338786;0.2590371;-0.070679024;-0.6777653
0.22723429;-0.19230619;0.13742183;0.5443402;0.083214045;-0.3958713;-0.76550037;-0.01208252;0.35728133;0.17677724;0.29597142;0.11718207;-0.0917582;0.3844574;-0.099802986;0.046922952;-0.13632712;0.019720284;0.0967396;0.64060193;0.1726895;-0.13852647;-0.45015532;0.31840202;0.37370518;0.10998882;0.46585375;-0.4280593;-0.25972825;-0.27785367;-0.28440538;1.5945165
0.2982964;-0.30913332;-0.13165088;-0.22222757;0.10702975;0.54975444;0.67321384;-0.021317607;-0.2818982;0.14571196;0.45075735;0.76361567;-0.0047392803;-0.03274047;-0.17602393;0.020438159;-0.23838246;0.03416897;0.2242935;0.7433998;0.16527307;0.14542016;-0.1471348;0.21796456;0.3566068;0.09423539;0.44685358;-0.06819913;-0.2554021;-0.6478874;-0.15804943;-0.75962144
-0.014351245;-0.18619439;-0.19780554;0.5379848;0.04669672;-0.37120125;-0.9186311;-0.16552049;-0.24303865;-0.17008372;-0.19221659;-1.047781;0.019980496;-1.0485061;-0.5655012;-0.039814726;-0.06902469;0.030327959;-0.20992036;-1.0567818;-0.081153676;0.12470152;0.54266286;0.016478324;-0.10542186;0.04204427;0.19844645;-0.24903215;0.38722757;-0.11300709;0.27246812;0.80119807
-0.49390227;0.6576097;-0.21470664;-0.109580904;-0.45716795;-0.41891685;-1.0366294;0.096629865;-0.22880693;0.102812566;-0.33621296;0.1466692;0.09006589;-0.36573303;0.24659967;-0.014325852;-0.08653405;0.027255962;-0.6623488;-1.1089747;0.21743636;0.1374781;-0.2905347;0.17034204;0.21406011;-0.004783828;0.30698487;-0.43564296;-0.6367602;-0.07811232;-0.21440198;1.048993
-0.043145157;-0.30890247;-0.17688596;-0.3718825;-0.33131662;-0.6106887;-0.36950365;-0.14005016;-0.4069843;-0.165722;-0.11987781;0.5393705;0.002913629;-0.7308513;-0.27191052;0.05100731;-0.06141183;0.03206082;-0.30967164;-1.0214846;0.021339718;0.14685409;-0.4442831;-0.14212252;-0.32377082;-0.021911062;-0.3778297;-0.09323501;0.32381254;-0.5012453;-0.48771507;-0.7955576
-0.40455338;-0.11680004;0.20828755;-0.3041548;0.14092864;0.019187396;-0.20695937;0.07401629;0.5059203;-0.011589479;-0.022796787;-0.83886;0.06559571;0.34466287;-0.1815108;-0.022514345;0.16774336;0.040460616;0.68461454;-0.6325783;-0.20245491;-0.65091956;-0.19418994;0.030064287;-0.089647055;0.03546983;0.17931508;0.13483915;0.4383613;0.03314348;-0.07293658;0.8307076
0.013941921;-0.4634911;-0.16726738;-0.59746253;0.06512236;-0.22055916;0.15114583;-0.015347356;0.34586883;-0.14660382;-0.114678584;-1.8796513;-0.13033675;-0.729885;-0.48852754;0.001976768;-0.22814533;0.028323;0.5659743;0.39246392;-0.0782864;-0.20832767;-0.27420524;-0.2991255;0.2320116;-0.217729;-0.13058846;-0.28157902;-0.21989623;0.07253345;-0.41589755;-1.0095922
-0.3288419;-0.27048212;0.0939146;-0.67132705;-0.37538064;0.062306028;0.6284953;0.06856295;0.37901118;-0.01164862;-0.08520748;-0.090602554;0.08311909;0.058978416;0.39733988;0.03771504;0.10271792;0.043491036;-0.01946332;0.51394224;-0.18918413;0.122944966;0.5651908;0.06356688;0.18035579;0.027976058;-0.07542485;-0.15315859;0.32140687;0.17937355;-0.34195825;-0.79441154
-0.49444777;-0.49137136;-0.1275292;-0.3013661;-0.02218078;0.03779386;-0.21999635;-0.08852477;-0.40556693;-0.11980222;0.121193826;0.16995321;-0.0717325;-0.52519894;-0.2149155;0.06884584;-0.09833515;0.027155569;0.07243521;0.5791758;-0.033028595;-0.9575891;0.4449937;-0.012234701;-0.32216123;-0.025906716;-0.40644848;-0.61394197;-0.48734403;-0.54358476;-0.3708682;-0.9123679
0.1369371;0.7649598;0.0692229;0.42712155;0.083680734;0.43427998;-0.30751163;-0.005350292;-0.44341767;-0.017930508;0.3003883;-1.122443;-0.055955615;-0.047937796;-0.19858566;0.026210906;0.037081663;0.0367853;0.0019523327;-0.7821246;-0.014516352;-0.87904745;-0.32721427;-0.14914635;0.26618996;0.04709867;-0.3038567;-0.6951309;-0.39817667;-0.23196037;0.011889614;-1.0565017
-0.30385387;-0.31860545;0.13449655;0.69548047;0.049584042;-0.49149975;-0.27058348;0.009899121;-0.5067557;-0.12853096;-0.1581926;-0.20494536;-0.09211396;-0.29926082;-0.17343006;0.047341257;0.22928019;0.0319915;0.02857264;0.5969692;-0.0032703134;-0.16702703;-0.34912732;-0.34459144;0.052506905;-0.28972965;0.45952448;-0.021779366;-0.2791607;-0.668604;-0.61530423;-0.8867736
0.07171752;-0.18934107;-0.2161236;-0.540906;0.022368979;-0.34184933;-0.76947206;-0.035346866;-0.21312806;-0.023976704;-0.20673977;-0.79096097;0.016642934;-1.2427621;-0.17576273;0.0435024;-0.004965473;0.025260037;-0.050411843;-0.734793;-0.31582257;0.08323402;0.29527232;0.094381206;-0.32316622;0.111805975;-0.14197911;-0.3458244;0.47876313;-0.659765;0.23195066;-0.73199695
-0.1420418;-0.28682083;-0.06094224;-0.49231374;0.08772073;0.5076271;-0.78303576;0.01244875;-0.2143358;0.062389042;-0.23409715;-0.066003196;-0.12317347;0.12515226;0.19803953;0.014010649;-0.059780736;-0.23895094;0.8455126;0.58827984;0.07246862;-0.019717168;-0.25242245;0.08449989;0.35539377;0.044807605;0.44202673;0.40198463;-0.36665136;-0.30623567;-0.24494693;-1.0449
0.08504031;-0.17099625;0.09035444;-0.37186506;0.05960851;-0.47220913;-0.44334462;0.021943647;-0.3877879;-0.067208484;-0.1479602;-0.12629847;0.025086312;-1.3719394;0.53102314;0.069565885;-0.09755911;0.037771456;-0.23567367;-1.0265491;-0.31335863;-0.21213277;-0.41722986;-0.13598235;-0.72191745;0.0007643746;-0.12573883;-0.36686248;0.35838243;0.2171763;0.1274068;-0.67861044
-0.13303515;-0.29776123;-0.04685639;-0.4182766;0.092542335;-0.64541304;-0.2911389;-0.056289032;-0.34761715;0.04574452;-0.10149959;-0.078827724;-0.038962275;-0.27258843;0.39825454;0.037679486;-0.079936154;0.03997868;0.57524943;-0.8395949;-0.11774753;0.14788924;-0.39619157;-0.11988373;-0.114897326;-0.091213234;-0.121621616;0.5722491;0.21738587;0.072791554;-0.45161197;-0.7507482
-0.5379082;-0.8710914;0.16209498;-0.102492824;0.13318361;0.46686357;-0.4493337;-0.090574145;-0.48322782;-0.101198055;-0.115740605;-1.7254596;-0.11217488;-0.72033197;-0.22336915;-0.011971677;-0.14360769;0.019971166;0.05122415;0.7510014;0.109713666;0.34800625;-0.31676933;-0.21389502;-0.0667435;-0.34420502;-0.19893026;-0.03268274;-0.4893964;0.11493341;-0.22438516;1.3745021
-0.46744037;-0.27379733;0.0441748;-0.37410563;-0.25493863;-0.15534456;-1.0881008;-0.026170062;-0.20365141;0.056933563;-0.21189511;-0.8584648;-0.035058513;-0.25989595;0.5254564;0.051592104;-0.17834924;0.034888964;-0.032103617;-0.75327456;-0.12025356;0.043551236;-0.37660083;0.038313087;-0.6876377;-0.079259135;-0.27937606;0.025733475;-0.732895;0.012465383;-0.17510298;-0.5690763
-0.36147654;-0.4320656;0.21562417;-0.68776584;-0.47392058;0.11296747;0.5845838;-0.10832814;-1.1846293;-0.03536814;-0.13526551;-0.19810586;-0.27226087;-0.22062775;-0.48985186;0.014947372;-0.12372135;0.025018573;-0.91473454;0.39149565;-0.074423335;-0.20608093;-0.23142554;-0.14087108;-0.17020786;-0.018091088;-0.09835646;-0.1343523;-0.5538975;0.07951414;-0.39627928;-0.85849696
-0.2965361;-0.1781358;0.34511834;0.49657875;0.115033455;0.17893925;0.22163619;-0.06296861;-1.0985814;-0.051164776;-0.085567355;0.2743194;-0.0683889;-0.57792354;0.0544675;0.0104471315;0.09489444;0.018270314;-0.7474746;0.6541506;-0.40233535;0.13021022;0.37324297;0.17297544;0.18858701;0.011714262;0.3122542;-0.13277304;-0.41976875;-0.4889943;-0.1709869;1.3243252
-0.3097807;0.6137208;-0.24404183;0.6898126;-0.32863864;-0.6484607;-0.24942951;0.007905963;-1.1673827;-0.11715903;-0.1592371;-0.04726592;0.23666815;-0.7131355;-0.105881155;-0.10740315;-0.22687945;0.023798816;-0.19241521;0.72855556;-0.43613407;-0.26369876;-0.47217512;-0.2687694;-0.7002135;-0.22030197;-0.06140713;0.0017432994;-0.070061624;0.078861125;-0.114497185;0.60005844
-0.492127;-0.696193;-0.03408955;-0.38480735;-0.43648398;0.34691182;0.9433941;-0.022498125;-0.35437018;-0.15793975;-0.23105626;-1.0739068;0.030787548;-0.69115025;0.08642081;0.07311062;-0.15547335;0.037453257;-0.48983285;-0.7224757;-0.16703837;-0.10542828;-0.2459417;-0.25527284;-0.20221233;0.013992842;-0.1316102;-0.012434663;-0.7196233;0.09095539;0.087080546;-0.6988924
0.1679348;-0.45410237;-0.079452254;0.027587151;0.06944269;-0.4392075;-0.14763859;-0.0634615;0.3550496;0.08154484;-0.21570982;0.73211956;-0.09250192;0.33675092;-0.44372487;-0.0103718005;-0.050493337;-0.24546716;0.598759;0.7049752;0.078383185;0.44911203;-0.19001772;-0.08758147;0.14396761;-0.13887295;-0.15869042;0.095982045;0.0017623965;0.3437912;-0.13791898;1.0838617
-0.09488873;-0.5876942;0.15621446;0.44322878;0.04754788;-0.13731346;-1.0410075;0.018438168;-0.30654636;-0.0590999;-0.17009479;-0.10601266;-0.17875917;-1.0743958;-0.13627301;0.009872293;0.005317932;0.028773969;-0.6160024;0.5495628;-0.13117816;0.08218791;-0.41767427;-0.057005793;-0.22103591;0.07196894;0.17102385;-0.31020224;0.4088413;-0.15519896;0.1184828;-0.9703772
0.2038271;-0.28725138;-0.17567563;0.011437839;0.09136541;-0.0827637;-0.72969836;-0.06288688;0.26711965;0.16781074;-0.29707298;0.63321775;-0.05971843;0.499351;0.38381556;0.056750685;-0.14706087;-0.2071342;-0.05115986;0.6750834;0.17997324;-0.858126;-0.23157412;0.1287377;0.30745763;0.09389508;0.3358194;0.1880836;-0.30370274;-0.2880365;-0.06696773;1.5327351
0.040771462;-0.4447359;-0.17472239;0.37009725;0.04015508;-0.39651656;0.1655479;0.030917754;-0.42535502;0.05720756;-0.29620272;-2.0647707;-0.057849243;-0.38057017;-0.15476722;-0.0052622166;0.0012077317;0.02949426;0.5328727;0.5768392;0.0127184;-0.15674329;-0.2306949;-0.19849963;0.01791804;0.014843682;-0.26765653;-0.4334295;-0.5135018;0.16761144;-0.46816808;-1.1767964
-0.38115188;-0.24476425;-0.22776854;-0.71173394;-0.2746595;-0.28053138;-0.9945642;-0.066408604;-0.27139878;0.008783177;0.26835242;-1.0187476;0.12115944;0.11073334;-0.075151205;0.027449781;-0.10532923;0.025637105;-0.5707802;-0.7300122;-0.12258726;0.08265822;-0.43943852;-0.27990228;-0.13952379;-0.03313262;-0.37915564;-0.36050323;-0.51155764;0.10420508;0.14643113;-0.9326742
0.008240229;-0.15968466;-0.20422763;-0.41500938;0.021811828;-0.17963259;-0.8121203;0.0025409875;-0.28404784;-0.04369028;-0.2852789;-0.9423328;0.023829754;-1.358718;0.43670976;0.06414031;-0.30501866;-0.24353075;-0.25025293;-0.75443757;-0.23226713;0.28313136;0.22377987;-0.25400904;-0.06498648;-0.27132666;-0.29097247;-0.44750622;-0.20080122;-0.5260401;0.19442013;-0.70847815
-0.023585001;0.7272122;-0.14587352;-0.7136594;-0.61388284;-0.72691625;-0.25727403;-0.058552764;-1.4774151;-0.20133547;-0.17102736;0.18898125;-0.04942432;-1.0001104;-0.23336574;-0.038951058;-0.12269623;0.030213121;0.64768577;-0.99303156;0.08313016;0.13395132;-0.30409262;-0.22874384;-0.16871046;-0.2360339;-0.25727493;-0.16680092;-0.2737107;-0.5623508;-0.1009471;0.8776382
-0.26584738;0.5099895;-0.16440582;-0.03588132;0.054058697;-0.5634646;0.7851947;-0.05332879;-0.24710836;-0.06863816;-0.283933;-0.18971747;0.032220133;-1.0510721;-0.16545507;0.057685282;-0.17031606;0.027785411;-0.015123116;-1.0699621;-0.35629666;0.1380133;-0.28041792;-0.3394973;-0.72183913;-0.08517473;-0.92775565;-0.54565257;-0.65647256;0.20943974;-0.18184486;-0.78143495
-0.009299073;-0.40422162;-0.09194309;0.1516427;-0.5660862;0.43803054;-0.5533486;-0.06958854;-0.38635466;0.06293568;0.13848108;0.1373153;-0.03159216;-0.35099554;0.30483627;0.020282444;-0.1974185;0.038329884;0.03031378;-1.2297423;0.073651694;0.13763396;-0.31527066;-0.035860937;0.041392174;-0.16822992;-0.31765434;-0.3440072;0.101272546;0.09944938;-0.49907726;-0.9792011
-0.39141914;-0.54281825;-0.18310228;0.37169823;0.022361588;0.015728671;-0.88315547;-0.057145327;-0.2564948;-0.24557824;0.22655317;0.6554665;-0.024393456;-0.3353276;-0.10535735;-0.0071382485;0.009106652;0.024456568;-0.17408444;-1.161257;0.0025200327;0.15405436;-0.42666423;-0.02214069;-0.69582486;-0.063918166;-0.3987028;-0.65540814;-0.5515525;-0.47550562;-0.13417885;1.1498108
-0.34057295;-0.17907141;0.20806725;-0.36538345;-0.035713837;-0.10783081;-0.8420986;-0.03991103;-0.35911572;-0.23060492;-0.15761514;-1.3124379;-0.08015622;-0.7402003;-0.16715936;-0.003931971;-0.003295072;0.017304366;-0.20286939;0.56326056;0.030832805;0.44465455;-0.43240497;0.015751407;0.26588356;-0.07643904;0.0043280986;-0.4599802;-0.8231571;-0.29854006;-0.37154222;0.84316003
0.16168852;-0.43777674;-0.14946215;0.40088958;0.1632211;-0.08817929;0.6612342;-0.023098573;-0.3177533;0.1372018;-0.30119404;-0.05771986;-0.069570616;0.21079913;0.14036852;0.057342988;0.00081524835;0.029297719;0.12033371;0.6307257;0.12553369;0.12330043;-0.20613909;-0.24694213;0.059209667;0.07951487;0.13201153;-0.43663013;-0.31757072;0.38194335;-0.01935416;1.3539227
0.013186429;-0.2485006;-0.19590756;0.23732491;0.06894648;-0.14774655;-0.977651;0.018356852;-0.2612206;-0.05414469;-0.24690785;-0.06420978;0.02071903;-1.2814721;-0.09503233;-0.063212454;-0.15590943;0.03435255;-0.39158946;-1.0658345;-0.4513107;0.14348891;-0.29511556;-0.07592103;-0.89633167;-0.35550097;0.1219288;-0.28380874;-0.32889846;0.0224465;-0.04160005;0.7157565
-0.53935534;0.7983711;-0.09040524;0.06583758;-0.008726714;-0.47241467;-0.35078144;-0.08488522;-0.38808843;-0.042588487;-0.37275374;-0.121389546;0.0059470204;-0.01314643;-0.6525708;0.028910106;-0.031899348;0.039964534;0.0005479802;-1.1019654;-0.03079553;0.43656987;0.30339524;0.021202002;0.27319562;0.03973229;-0.255028;0.021534098;-0.5262048;0.42664564;-0.51907754;-0.97722775
-0.015072326;-0.23746271;-0.14680234;-0.1498808;0.032977656;-0.45326754;-1.261197;0.031011673;-0.24849392;-0.061675895;-0.24470419;-0.19021244;-0.0073926486;-0.7803636;0.48261756;0.06837842;-0.14214037;0.039108984;-0.021403551;-0.9361816;-0.11407554;-0.16169254;-0.32359016;-0.16378659;-0.27098587;-0.14343233;-0.1689373;-0.5187517;-0.83607054;0.22219084;0.08400908;-0.74057144
-0.009937452;-0.34683654;-0.21479028;0.3604897;0.057440035;-0.22892782;-1.3121334;-0.0011490658;0.27221486;-0.1235303;-0.17143106;-0.035270244;0.052188646;-0.40270883;-0.18919656;0.01328072;0.113719314;0.036953665;-0.014557581;-1.182006;0.04612111;-0.84782547;-0.4394692;-0.16803446;-0.038704664;-0.01868179;-0.3198377;-0.8352258;0.26131883;0.20427413;-0.11558466;-0.8286362
-0.24923313;-0.21591908;-0.12034267;0.55126446;-0.3199991;-0.33083677;-0.14958028;0.036367625;0.4416181;0.13221125;0.39344108;0.13800457;0.07839686;-0.10544286;-0.10431857;-0.0024781816;-0.08340643;-0.30031806;-0.5661947;-1.134001;0.24300681;0.18586852;0.80634433;-0.041249026;0.058689564;0.0461482;-0.13376303;-0.24088438;-0.40770122;0.25330102;0.058293384;1.2189417
0.11762552;0.96798164;-0.1543351;-0.76636046;-0.03585962;0.0037704704;-0.26825547;0.007794629;-0.36904156;-0.15870954;-0.3548686;0.6660967;-0.04776748;-0.5144765;-0.21675314;0.04760034;-0.03431119;0.030461822;-0.21204446;-1.1658314;0.00022861548;0.27410316;-0.2456225;-0.16833328;-0.21097302;0.054714393;-0.3201285;-0.54739517;-0.60228616;-0.73472595;-0.30355787;-0.8444217
0.10260791;-0.6422184;-0.13894583;-0.19336326;-0.0730589;-0.23721309;0.11467242;-0.032280143;-0.429253;0.010918794;-0.46751967;-1.41284;-0.04839976;0.9933747;-0.16534562;0.02927518;0.04847663;0.020671707;-0.6905505;0.5251504;0.17160615;0.007986894;-0.2571015;0.23353519;0.28393233;0.035678763;0.4441591;-0.10745452;-0.4407462;-0.29636917;-0.2067354;-0.9023279
-0.013776286;-0.22052212;-0.15475634;0.20872982;0.072715685;0.42093405;-0.55062217;-0.1476531;-0.39674255;-0.022358488;-0.22563717;-0.16887338;0.08192282;-0.56327194;0.18193772;0.06776628;0.041682735;0.032191396;-0.18444365;-0.83574533;-0.36142185;0.1030014;-0.24555777;0.12063879;-0.20510584;-0.13530737;-0.38250896;-0.5925526;-0.7089809;-0.278509;0.25897336;-0.7296692
-0.32765576;-0.1979873;-0.23465851;0.39569885;-0.23485878;-0.6068523;-0.38539025;-0.11780888;-0.4386203;-0.06881599;-0.17187642;-0.038968004;-0.0020598064;-0.16935357;-0.15005195;-0.07852174;0.0010438281;0.036188085;-0.21609384;-1.1061167;-0.28759354;-0.24969345;0.481366;-0.20712896;-0.7896743;-0.08493781;0.054409456;-0.23441751;0.3739649;-0.1882939;0.019174272;0.3182171
0.02558194;-0.48029613;-0.19944009;-0.24469031;-0.015457451;-0.078415126;0.2518591;-0.099333756;-1.6329578;-0.025467394;-0.3577067;0.5460191;-0.0076372335;-0.61483026;-0.51775837;-0.032312546;-0.038802464;0.036800127;-0.17322896;-1.1910645;0.050722897;-0.3123292;0.16232798;-0.13798928;-0.33247706;-0.21780926;0.015289906;-0.3958159;-0.14370637;0.030961579;-0.20011024;0.7266036
0.20717913;-0.25238344;-0.13036989;0.34737912;0.07556804;-0.30250746;-0.79104745;0.008414988;0.2788015;0.118549995;-0.30526114;0.48331955;-0.102638245;0.20679186;-0.10736805;0.01638701;0.095266774;0.024879064;0.634696;0.7732943;0.25173694;0.1370435;-0.21148354;0.26466408;0.38449076;0.050386835;0.35094678;-0.026047446;-0.3944784;-0.40920892;-0.1032616;0.9761044
0.2846686;0.8955456;-0.046754546;-0.22892801;0.099458285;-0.6853943;0.11304566;0.08435024;-0.29998693;0.065180905;0.02297414;0.2813392;-0.12864818;0.13767315;-0.5067657;0.039653804;0.06531131;0.030789627;0.69428515;0.521496;0.05086951;-0.20560525;-0.20429689;-0.039060708;0.1241108;-0.15309687;-0.26703858;0.4270906;0.025529882;0.36281252;-0.09587924;-0.7037223
-0.0606184;-0.23695396;-0.20284343;-0.6079939;0.032280993;-0.27970564;-0.86440873;0.019044155;-1.3161792;-0.113092005;-0.1986453;-1.1006444;-0.10676763;-1.0273508;-0.24926248;0.032354213;-0.03532967;0.03096569;-0.036034968;0.4987687;-0.053610757;0.060148843;-0.38525867;-0.23899038;-0.18038374;-0.35262775;-0.35078615;-0.09045869;-0.18389502;-0.44517824;0.0048872875;-1.0077184
0.022996996;-0.43589243;-0.14261894;-0.10269971;0.014736392;-0.26265988;-0.0644934;-0.13533084;0.74990845;0.010200279;0.36057308;0.48200867;-0.05701992;0.017335378;-0.24578258;0.018837996;0.09091599;0.0454532;0.4256227;-1.114145;-0.10840828;-0.1293164;0.20774296;-0.13260289;-0.08847536;-0.19878477;0.29993218;0.19817309;0.058734722;-0.5205637;-0.6526421;-0.8103006
-0.40259638;-0.48182166;-0.20597282;-0.23889357;0.054173674;-0.118955284;0.77720267;-0.042233564;0.34316087;-0.17564847;-0.022505509;-0.09842052;-0.2319202;-0.5482945;-0.22304584;0.018706057;-0.18897139;0.02232814;-0.8937289;0.34256968;-0.2469865;0.5766246;-0.27613935;-0.052493267;-0.019814858;-0.13693267;-0.31358334;-0.5124122;-0.045645174;-0.62140244;-0.66839343;-0.9393135
-0.3092568;-0.2816062;-0.17184645;-0.11677024;-0.35574082;-0.07827684;-0.29218054;0.026703918;0.31349325;-0.14702407;-0.12825382;-0.20227058;-0.26737875;-0.7638608;0.4548735;0.01414596;-0.20738804;0.029800447;-0.0012906766;0.44914392;-0.55104375;-0.19027057;-0.39145938;-0.04118302;-0.62535226;-0.06582415;-0.30873054;-0.24020106;0.24695584;0.024490843;-0.4967881;-0.8275044
-0.3532964;-0.2795176;-0.20163748;-0.22915412;0.03787625;-0.2671027;-1.1439016;-0.1529814;-0.37054908;-0.1275131;-0.1812718;-0.10537673;-0.24432746;-0.5548341;0.4920688;0.0373745;-0.16601172;0.031067826;-0.026892366;0.405675;-0.07584371;-0.87781394;-0.4022968;-0.111288704;-0.0024458743;-0.09814215;0.30224922;0.06252216;0.03295621;-0.35153708;-0.28045422;-0.90149784
-0.3155207;-0.16074476;-0.30285498;-0.65747;0.011116393;-0.22521451;-1.2069377;-0.009519532;0.24241759;0.053703636;-0.13945076;-0.73711157;0.048513506;-0.287625;-0.15022326;0.052367363;0.055422835;0.03859432;-0.24013688;-0.52162635;-0.32935032;-0.11549266;-0.3979272;0.08545102;-0.033782814;0.041631006;-0.09898784;-0.27684483;0.49523866;-0.009288445;0.22857952;-0.5793265
-0.03860944;-0.45568144;-0.1636703;-0.45687836;-0.3716738;-0.25859222;0.84562874;0.12557682;-0.31303427;-0.16284734;-0.19547507;-1.4953871;-0.0798652;-0.41346553;-0.48993406;0.030357312;-0.07382539;0.036861993;0.0021424;-0.8203613;0.096184246;0.068280846;-0.25345305;-0.1335287;-0.008804042;-0.16325684;-0.3458066;-0.43566418;0.17079848;0.26567858;-0.3197673;-0.85460496
-0.42626873;-0.23781696;-0.119186714;0.09657688;0.02831376;-0.27318627;0.021799179;-0.045011684;-0.3242398;0.0003832949;0.22725354;-1.2695282;0.042689428;-0.50219357;-0.30050993;0.045811992;-0.23636077;-0.4179126;0.6166579;-0.95038116;-0.053595535;-0.15334606;0.25299472;-0.05667508;0.06352892;-0.27519968;-0.27492297;-0.48426908;-0.24873626;-0.3812851;-0.5893451;-0.9605463
-0.4196275;-0.29557303;0.11455005;-0.21720427;0.014519276;0.3663658;-1.0879166;0.054278165;-0.4198687;-0.08799167;-0.22190377;-0.123347394;0.036776096;-1.5176022;0.34434882;0.04697054;-0.10036078;0.026657695;0.015014508;0.47099885;-0.41892564;-0.19806415;-0.44885704;0.07388781;0.23036194;-0.013181785;0.31522956;-0.5264659;-0.59911543;-0.58111334;0.04553121;-1.0946065
-0.49033314;-0.37968174;-0.14353184;-0.08482628;0.067590356;-0.16329217;0.59827274;-0.022455268;-0.39792934;0.049426;0.32732606;-1.5075655;-0.09879775;0.20181422;0.08833362;0.018537188;-0.122770876;0.03102551;0.043293238;0.3241245;-0.09860454;-0.95774114;-0.32705805;0.18098909;0.2734152;0.06491715;0.52336925;0.255495;-0.31093675;-0.5487573;-0.39331144;-0.971884
-0.16390656;-0.29865357;-0.287178;-0.40977105;0.09259189;-0.116466425;-0.29649457;-0.16173787;0.28489572;-0.09643573;-0.13491324;-1.422578;-0.14292131;-1.2566718;-0.1793246;0.019901467;-0.1482324;0.024736447;0.71776545;0.4165686;-0.5113911;-0.1933581;-0.32399666;-0.21959434;-0.029722081;-0.020869492;-0.23559591;-0.17608291;0.22384804;-0.5653529;-0.14255312;1.1865621
-0.31927317;-0.28490686;-0.09119444;0.35679564;0.060232334;-0.19951037;0.72619575;0.019648224;0.901205;-0.120151564;0.011548508;0.27117205;0.02713421;-0.067947775;0.3232005;0.04546653;0.14176662;0.037116084;0.47247016;0.6432428;-0.19299719;0.18785462;0.43937325;0.17194785;0.2845947;0.033181753;0.31369478;0.4272638;-0.52023757;-0.57907957;-0.29157242;-0.5288945
0.118559666;0.66905177;-0.25752562;0.37699744;-0.466763;-0.6931154;-0.3644599;0.05312505;-0.32086286;-0.2307403;-0.22928399;0.06696516;0.024152027;-0.76021475;-0.10176217;-0.06850466;-0.18793684;0.037423998;-0.49747333;-0.6404122;-0.30823854;-0.3541752;-0.34480286;-0.18503569;-0.28903985;-0.008938444;-0.03585979;-0.2728006;0.27374184;-0.059116434;-0.045327853;0.8350256
-0.16402125;-0.56380314;-0.24902903;-0.21668069;0.041929126;-0.023873052;0.089752436;0.04288785;0.85995847;-0.04414353;-0.24600497;-0.23256007;0.007046726;-0.6499189;-0.16465458;0.042586226;-0.20434685;-0.32610303;-0.056624573;-1.1596419;-0.2840302;-0.18534991;-0.30285522;-0.09066376;-0.65300417;-0.024892664;-0.74945176;-0.36652222;0.34264064;-0.29378194;-0.47289968;-0.7209173
-0.5563729;-0.37146458;0.2671104;-0.33057898;-0.5432122;-0.012497136;0.25430685;0.05516265;-0.35806996;-0.19790922;-0.18343964;-1.5838209;-0.1313339;-0.70085317;0.32470503;-0.018478712;-0.027584933;0.021903707;-0.19848323;0.44400105;-0.40618145;0.2655789;-0.27746025;0.089141965;0.1822636;-0.06950607;0.21428105;-0.2725664;-0.48077184;-0.45310763;0.036750223;1.0208702
0.12419352;-0.36990395;0.16705462;0.36555198;0.081651814;-0.29001823;0.21467933;-0.00012792693;1.092257;-0.06443145;-0.05405974;0.7106675;-0.10284693;-0.283687;0.32150075;0.036744837;0.029848136;0.032624215;-0.7563278;0.58148223;0.099721886;-0.8637999;-0.25205213;0.08780466;0.03696736;-0.09831265;-0.18099114;0.046854526;0.27981678;-0.17511767;-0.34881693;-0.80084234
0.034989744;-0.05350413;0.04313405;-0.3154888;0.09941977;0.43522254;0.852526;0.0305444;1.1160578;0.030312857;-0.15804823;-0.5215213;0.04056599;-0.26677418;-0.16112639;0.069853954;0.19130495;0.04025328;-0.33105257;-0.5543105;-0.20403567;-0.13211234;-0.16479588;-0.029257903;-0.55009294;-0.035309557;-0.4385755;-0.1335344;0.35618478;0.38244903;0.4218305;-0.40410936
-0.31613335;-0.17895325;0.31720248;0.40653038;0.06058395;-0.33336398;-0.5451249;-0.06069004;-1.0589832;-0.057469025;-0.041469384;-0.94513583;0.012418626;-1.0489975;-0.08823173;-0.06599861;-0.041193675;0.02542497;-0.15521008;-1.0766616;-0.43624902;0.07835568;-0.31136772;-0.15241809;-0.58840007;0.07548273;-0.52789235;-0.22666402;0.4134966;-0.06820581;0.12778296;0.6315528
-0.041143227;-0.76589143;0.1025843;-0.5545734;0.07284837;0.114279896;-1.0289699;-0.059472438;-0.27418703;-0.16401699;-0.13981181;-0.21456385;0.060399596;-0.8225311;-0.39446366;0.03127692;-0.07765082;0.02600138;0.5252854;-0.8820064;-0.18361057;-0.11745344;-0.31334066;-0.07200033;-0.27140516;-0.05334984;-0.8040411;-0.2942362;-0.5324736;0.15692693;-0.23092222;-0.93277466
-0.27357373;-0.26225817;-0.13740289;0.47838628;-0.23263192;0.06597563;-0.124978095;0.07807698;-1.0048087;0.17180246;0.15781032;0.8557366;-0.08980734;0.2916345;-0.0923528;0.044987027;0.2488435;0.0155758355;-0.015910152;0.92846864;-0.18123929;0.5015787;-0.2807838;0.03622915;-0.5302748;0.08626467;-0.53267133;-0.018246617;0.19437225;0.19018793;-0.36588916;-0.6352944
-0.3889406;0.43882346;-0.26763305;0.5189113;0.042187877;-0.8710664;-1.0177308;-0.14711168;-0.3590424;-0.067990154;-0.24498989;0.60036975;-0.21164505;-0.7648327;-0.13476099;-0.033615287;-0.22926036;0.024553845;-0.173599;0.53903764;-0.5595356;0.20051439;-0.39374915;-0.32152766;-0.101352535;-0.12691084;-0.2961798;-0.3945937;0.07679194;-0.43202344;-0.26164758;1.02782
-0.12301219;-0.55951977;0.081148736;-0.17701672;0.014978119;-0.25243714;0.14657961;0.077442825;0.3725556;0.020835478;0.26002786;-1.6047858;-0.07080286;0.1053658;-0.6553696;0.02796758;-0.32598954;0.03129957;-0.8249484;0.47540733;0.0636777;0.069397755;0.4745138;-0.01613333;-0.0047306875;-0.18356918;-0.29634947;0.062356707;0.12943469;0.15313871;-0.06894543;-0.89216983
-0.16997193;-0.2105753;0.2171193;0.16627327;0.05383826;-0.30587217;-0.99943715;-0.06822617;-0.38259542;-0.0079005305;-0.2302124;-1.0409814;0.012738206;-1.5599393;-0.11250657;0.05039949;-0.15691955;0.02951006;-0.026162485;-0.5508171;-0.25318003;-0.14004995;-0.30861863;0.060669214;-0.02828773;-0.25881827;0.16710415;-0.50001;-0.2620442;-0.37483212;-0.10453245;-0.7001025
0.08563316;-0.74958843;-0.118922;0.08561175;-0.24187088;-0.53904265;-1.215502;-0.16645466;-0.27615216;0.10427595;-0.023152169;-0.24995147;-0.22295393;-0.3079783;0.23785937;0.005013422;-0.12125696;0.026913444;-0.005346367;0.63592196;-0.15721062;0.15803552;-0.4852181;-0.19051419;-0.21360028;-0.03311304;-0.079904646;-0.368601;0.27419785;0.119377404;-0.17339075;-0.81491286
-0.30092037;-0.16804688;0.017087206;-0.6458821;-0.32481542;0.3231953;0.21313821;-0.05669883;-1.4810209;-0.10485415;-0.16572237;-0.97937715;-0.06578749;0.33255127;-0.4537368;0.07081702;0.13044846;0.03001256;-0.4679645;-0.6203238;-0.24725552;0.032181;0.228805;-0.03922531;0.16439582;-0.044826016;-0.32515773;-0.15051924;-0.6275784;0.034733694;0.079424776;-0.6307912
0.0077839405;-0.21953915;0.025528224;-0.6055695;-0.0020957119;0.4238933;0.29162645;0.018406108;-0.2814389;-0.07706548;-0.18069635;-1.3388467;0.0031177874;-0.6765662;-0.19724783;-0.065794766;-0.10783836;0.03752053;-0.22332753;-0.84038025;-0.33347085;0.25735667;0.31304318;-0.13047796;-0.061715882;-0.052286115;-0.08870003;-0.40290028;-0.7778991;-0.27593762;0.044868976;0.7651747
-0.4705586;-0.3389352;0.27735114;0.3871006;-0.33070293;-0.47887656;0.019278547;-0.10995579;-0.36878344;0.09117085;0.014957506;0.12303169;-0.11358349;0.06923823;-0.20598875;0.02205225;0.040396374;0.027602166;0.50116867;0.66678613;-0.014470849;-0.17319214;-0.3078016;-0.40330362;-0.12430123;0.02184067;-0.24952865;-0.5623059;-0.4980106;-0.4105844;-0.5120702;-0.9017884
-0.15680966;0.54464704;-0.022833584;-0.64721274;0.09036852;0.2740859;-0.22173125;0.031418774;0.27119234;0.049348477;-0.0414456;0.1289552;0.028404623;-0.07174845;-0.13006856;0.050926812;-0.029653162;0.03493339;0.48673567;-0.5583048;-0.4403722;0.07461131;-0.26355046;-0.23508276;-0.22508816;-0.093557924;-0.9925433;0.2207472;0.30234078;-0.12561174;-0.35204995;-0.60796744
-0.36511034;-0.31503153;-0.12158854;0.44705752;0.11501991;-0.2930572;0.84486246;0.011986817;-0.24782266;-0.11579694;0.329102;-0.11324461;0.056496598;-0.10992824;0.4213863;0.049280055;-0.10595726;0.050003894;0.06284348;-0.8101901;-0.09456815;-0.20047536;0.23236078;0.29494372;0.39375156;0.08339451;0.41645524;0.5444376;-0.46477723;-0.46699032;-0.11458618;-0.6329906
0.12086441;0.9257374;-0.118052356;-0.39483142;0.19386649;-0.04595268;0.81413215;-0.030849686;-0.180369;0.13681865;-0.20820999;0.5763664;-0.08542447;0.68774796;0.50440603;0.01594465;-0.04481543;0.04417568;0.07789841;-0.78299946;0.08592749;0.14712735;-0.11147492;-0.0077832704;0.06878218;-0.17158857;-0.15296379;-0.44123212;-0.0037508882;0.32174838;-0.18186522;1.2149355
-0.27756786;-0.35508883;0.064326;-0.07191993;-0.39279038;-0.17350058;-0.3087817;-0.058529437;-0.32090074;0.15618402;0.44309822;-0.022183297;-0.07793035;0.34973872;-0.122190565;-0.017369704;-0.22374955;0.030138548;-0.7394119;-0.8679642;0.089466244;0.054004554;-0.39031082;0.1830613;0.28403604;0.046105932;0.27716443;-0.5102652;-0.3819908;-0.3791387;-0.40903068;1.1586851
0.05590772;-0.20335835;0.04236444;0.073275514;-0.08536467;-0.3481042;-0.65691864;-0.00394277;-0.38732842;0.061855845;0.3148982;0.07887317;-0.14060311;0.9050255;-0.12500177;0.013949018;-0.01012888;-0.33398283;0.05054004;0.59224874;0.088132285;-0.9164083;-0.3722252;0.26213488;0.32172745;0.12062122;0.45210466;-0.24036214;-0.26028043;-0.3398553;-0.4492839;-1.078064
-0.5127047;0.7867247;-0.105354376;-0.29792586;-0.6332096;-0.43627372;-0.43296057;-0.026163032;-0.38578796;0.009255627;-0.24851462;-0.1364441;-0.03371882;-0.23517491;-0.09294893;0.0193298;-0.01676659;0.035327643;0.6980355;-1.0280794;-0.11058262;0.07708734;-0.26939288;-0.06574703;0.096959814;-0.12226726;-0.3618529;-0.3922334;0.18720499;-0.48526037;-0.50738186;-0.9872244
-0.16257598;-0.19736227;-0.14674672;-0.48051393;-0.2681808;-0.5398255;0.21557574;0.07605687;-0.31198645;-0.08196259;-0.17237009;-0.05998234;0.043741584;-0.6370508;-0.19488916;-0.06272396;0.1513294;0.034379903;-0.40762854;-0.7314261;-0.49160683;0.17206271;0.28246462;-0.15597409;0.13949619;0.035511427;0.01327299;-0.30485135;0.4173195;-0.32660526;0.16115111;0.7445422
-0.5018186;-0.27495995;-0.100459956;-0.4240562;0.035294432;-0.40811038;-0.9632598;-0.029837735;-0.26663545;-0.15322089;-0.024735574;0.16436578;-0.20135407;-0.39769712;-0.09946644;0.0384202;0.1742819;0.028862664;0.7723241;0.7328993;0.006349297;-0.17103699;0.41934466;-0.19639023;-0.10982259;0.0550474;0.25583395;-0.48589796;-0.596247;0.03306634;-0.32734174;-0.7846209
-0.25180787;-0.3159145;0.033072386;0.28323114;0.0889564;0.40415424;-0.3642476;-0.10738453;-0.39892343;-0.13812682;-0.09184632;0.5827351;0.009670043;-0.05558845;-0.2256721;0.043762304;-0.21587713;0.040894493;-0.0016227022;-1.1183767;0.030794747;-0.16972892;0.19809741;-0.23210432;-0.2824199;-0.08591677;0.09666131;-0.31837323;0.28581387;0.12608407;-0.46478003;-0.8943879
0.05522603;0.84036744;-0.17179851;-0.71305114;0.06193754;-0.5742959;0.7073762;-0.004953627;0.4253682;0.007995943;-0.3255893;-0.017075982;0.069027945;0.5623864;-0.27398586;0.02643991;-0.12521444;0.040018227;-0.16593628;-0.99572134;0.038610898;-0.9037413;-0.19145283;-0.42898723;-0.17811388;-0.14015523;-0.31612033;-0.5738459;0.040868815;-0.7066193;-0.42698988;-0.95080745
-0.14670192;-0.13437912;-0.20938796;-0.4003723;-0.2766854;-0.11689906;-0.9922728;0.016529877;-0.2529762;-0.021299934;-0.2035974;-0.95223975;0.03978297;-0.7535312;0.43741882;0.052197155;-0.12825856;0.027908668;-0.35016286;-0.7998631;-0.25112447;0.43540406;-0.25897124;-0.1484693;0.006401922;-0.14704333;-0.34537914;-0.25796154;-0.074654646;-0.6977564;0.2299341;-0.68475735
0.021340225;-0.27067253;0.101662025;-0.34752542;-0.48203176;-0.055345427;-0.3189564;-0.11478049;0.39950094;-0.055315502;-0.0907112;-0.115016155;0.048714902;-0.19397464;0.43573144;0.048497394;-0.08458394;0.04313814;-0.012161874;-0.86599684;-0.08486292;-0.09224296;-0.323632;0.07798202;0.032484706;-0.11947229;0.17693804;-0.29032236;0.27467862;0.28348565;-0.51535445;-0.77914214
-0.3404699;0.8609562;-0.17632404;-0.012292117;0.1045327;-0.63398516;0.8095735;-0.029111505;-0.3252901;0.012436839;-0.28426242;-0.18683127;-0.055309344;-0.2078416;-0.21187544;0.049648423;-0.41376558;0.041693024;0.05113189;-0.9476732;-0.23726697;-0.06634061;-0.12381941;-0.39027497;-0.09981166;0.04392088;-0.24913296;-0.16683626;-0.6183576;-0.32408288;-0.25284722;-0.9500647
-0.44729048;-0.19179305;-0.23837428;0.53439355;-0.21601975;-0.24132481;-0.9436341;-0.048911072;0.27247882;-0.032979395;-0.11674954;-1.0583489;-0.30309594;-0.2774127;-0.4380783;0.04583341;-0.0478938;0.024975047;0.028422521;0.51081425;-0.289546;0.113602914;0.50124574;-0.067717895;-0.26224884;0.013889826;-0.20797274;-0.24020483;0.40867388;-0.01988494;0.207544;-0.6819826
-0.17641696;-0.479462;-0.17360377;-0.42192134;0.06651288;-0.5069618;-0.34241277;0.0035733487;0.29091346;-0.067611486;-0.09472734;0.6979812;-0.18435834;-1.7375932;0.49484193;0.030239265;0.030683042;0.020751486;0.009327857;0.49496433;-0.48948526;-0.22179694;-0.40794507;-0.028296605;-0.22664428;-0.01930618;-0.24118863;-0.26988202;0.28143576;-0.34574357;-0.30541265;-0.798207
-0.40249097;-0.2518768;0.24009417;0.35211313;0.06763185;-0.27251327;-0.41741416;0.073981814;0.3847839;-0.01057338;-0.1919195;-1.0561677;0.044666898;-0.7905146;0.37566608;0.064626046;-0.069575444;0.032261994;-0.18336503;-0.71340257;-0.15818906;-0.60515517;-0.2558696;0.159447;0.15827881;-0.015056746;0.30353191;-0.5886725;-0.6755568;-0.61381656;0.03379794;-0.656888
0.31429875;0.5688187;0.13628356;-0.029353913;0.12565255;0.41111186;-0.8975595;-0.05359699;-0.37980473;0.17137392;0.29902944;-1.1725298;-0.10197802;0.51392424;-0.12256405;0.052655764;-0.14693245;0.018762365;0.105417915;0.5585739;0.2060454;-0.11180695;-0.38368565;0.09777303;-0.01364161;0.016321635;-0.23785134;-0.045213077;-0.44852528;-0.24701843;-0.32735983;1.4453868
0.11778484;-0.3336685;-0.09842178;0.036181625;0.0516408;-0.087583244;-0.073943436;0.03308866;0.34783807;0.07295047;0.32226264;0.552349;-0.035156693;0.8225302;-0.14136136;0.032475375;-0.10916609;0.030831393;0.44064832;0.7417912;0.0784309;-1.2064437;0.27569234;0.21645178;0.37722605;-0.18511535;0.5271806;-0.124660686;0.018356044;-0.2758269;-0.45943233;-0.7516936
-0.3131991;-0.25130454;-0.19033054;-0.2670176;-0.4347792;-0.052298117;-0.9979957;0.016923456;0.21839625;-0.22201422;-0.22745022;0.49382323;-0.007405169;-0.5131581;0.2843843;-0.04413528;-0.0223413;-0.24143806;0.4699853;-1.3452493;-0.34479648;0.1402591;-0.35898215;-0.14100313;-0.92065173;-0.3216213;-0.08685902;0.021844415;-0.11047725;0.18672253;-0.051856443;0.6024475
-0.13070863;-0.3490364;-0.12182208;-0.12461764;-0.5874758;-0.02061617;0.7518998;0.031892993;-0.26776233;0.14331892;-0.24217004;-0.03213923;0.042809546;0.26665854;0.45693037;-0.014677632;0.02303664;0.041084;-0.092488624;-0.48351604;-0.16919397;0.14148529;-0.29590935;0.059864298;0.33802173;-0.07249071;-0.04824166;0.21185134;-0.027316757;0.21041629;-0.20572352;1.2791997
0.19432032;-0.34667152;-0.1256079;0.37650043;0.08318991;0.49846497;0.17538476;-0.045889243;0.301476;-0.023468198;0.05418847;0.67729205;-0.16747859;-0.15153635;-0.17408589;0.046128992;0.007365451;0.034636267;0.39174694;0.64309716;-0.06403112;0.14157873;0.3076355;-0.047533438;-0.29718864;-0.18942961;-0.6923099;-0.07713416;-0.021775102;-0.40629625;-0.49431926;-0.67073554
0.004041012;-0.28351578;-0.10319172;-0.71306425;0.08297306;-0.4177422;0.66630274;-0.044102676;0.23293507;0.07608344;0.13157685;0.6664791;-0.07274302;-0.3337703;-0.34609228;0.027517056;0.041808926;0.045612995;0.45759645;-1.0666991;0.03219101;0.12474708;-0.15341362;-0.40290844;-0.024117885;-0.14087361;-0.2099978;-0.056533895;-0.013441106;0.15863805;-0.45992392;-0.8595663
0.10529044;-0.2609343;-0.13059361;0.38568708;0.072286196;-0.40853512;-0.2970025;-0.08301837;-0.38172677;-0.10724798;-0.32818878;0.7112432;0.04648304;0.014321888;-0.47801027;0.04384163;-0.035512958;0.03446123;-0.19172265;-1.1820457;0.056669;0.31477588;0.21482387;-0.39611873;0.09457446;0.028895386;-0.27396953;-0.32792562;-0.6452661;0.24994253;-0.44824514;-0.84635806
-0.2230993;-0.26064837;-0.19405206;-0.25624013;0.036969833;0.5578443;0.1416118;-0.043355912;-1.564306;0.07914689;-0.30208963;-0.21911345;-0.059143677;-0.46013305;-0.17957118;0.02917779;-0.33842072;0.02801552;-0.1287792;0.58068144;-0.07762264;-0.15883313;-0.23840438;0.03302524;-0.124524094;-0.07958615;-0.29897204;-0.13465072;-0.6581891;-0.5768403;-0.55152565;-1.0942035
-0.42894042;-0.2882992;-0.22964492;0.44280887;0.06042555;-0.14700013;-0.20958333;0.10965879;0.38195267;0.098010555;-0.039540548;-0.15305382;0.08797321;0.058694966;-0.33572328;0.04361837;-0.06546628;0.031306222;0.42706588;-0.9358022;-0.2804383;-0.13330665;0.31906152;0.0025990817;-0.92092496;-0.33238712;-0.740776;-0.4056027;-0.17382221;0.1530426;-0.4651787;-0.5222843
-0.14952587;-0.23140977;-0.124662496;0.36315534;-0.39991856;0.42307606;0.7336132;-0.02469761;-0.31668377;0.065662205;-0.0729909;-0.93589056;0.013946978;0.4481133;0.0732144;0.06769229;-0.2952838;-0.46202114;-0.48701718;-0.45553297;-0.112749204;-0.87201184;-0.25542608;-0.037384026;-0.61118037;-0.07705382;0.019532494;-0.117496714;0.20787139;-0.025631629;0.23324443;-0.44780573
0.023669373;-0.6827716;-0.1347578;-0.1237101;-0.42138785;-0.22171988;0.8795135;-0.0616265;1.0382718;0.032794494;0.24046436;-0.083891764;-0.009832909;-0.37272257;-0.25807497;0.03224465;-0.36126825;0.044621665;-0.60348654;-0.9428342;0.0003215383;-0.068179704;-0.34954172;-0.033729415;0.040978923;-0.17952324;-0.29803675;-0.0958086;0.0036516078;-0.56279045;-0.38903254;-0.87205064
0.024213789;0.7353927;-0.17752108;-0.36949226;0.008577892;-0.072628334;-1.1398662;-0.018343022;-0.30904198;-0.022891855;-0.18593146;0.10978138;-0.0065791374;-0.81084496;-0.1390342;0.051484283;-0.20937496;0.03594686;-0.07676823;-0.723093;-0.34258604;-0.1526439;-0.222667;-0.19704162;0.02837044;-0.23680112;-0.38455245;-0.5740732;0.04607455;-0.5884577;-0.25602427;-0.93363905
0.0084030535;-0.37560144;-0.18338911;-0.043071516;0.020398457;-0.4243109;-0.290341;-0.02791571;-0.50505954;-0.14484899;-0.24724056;-0.09657465;-0.16357362;-0.56641054;-0.055150017;0.055980075;-0.22418018;0.025184594;-1.0647624;0.5063003;-0.20142427;-0.13400811;-0.5187434;-0.23132087;-0.27107123;-0.29822284;-0.08034604;-0.3350586;-0.1750639;0.15572843;0.0724977;-0.7741673
-0.18286903;-0.115057446;0.32768252;-0.6296646;0.16133314;-0.64064986;0.21331304;0.01849895;0.42614168;0.060280632;0.04301775;0.52375185;0.10597678;0.25315204;0.4759505;0.06287794;-0.16472602;0.04871739;-0.5365711;-0.4694892;-0.26193672;0.45344555;-0.24188963;-0.02330014;0.002811244;0.04449354;0.2351089;0.042847157;0.4829953;0.16984448;-0.47182402;-0.6400555
-0.19472659;-0.29504552;-0.26755142;-0.27605078;0.07003551;-0.37009093;-1.3951507;-0.033946536;0.26047558;0.048549175;-0.03069966;-1.2355981;0.0228758;-0.57430595;0.18369651;0.051354002;0.029091835;0.030158209;-0.22032584;-0.71597713;-0.14165731;0.068091385;-0.3540332;-0.122035615;-0.0113379955;-0.26091492;-0.37044778;0.40433124;-0.11424864;-0.39667663;-0.118255496;-0.74425274
-0.28269702;-0.23809841;0.19088373;-0.2859943;0.123834856;0.43180805;-0.8803116;-0.0015527729;-0.19850628;-0.08474468;-0.04706777;0.6122075;-0.10466;-0.17156959;-0.49938142;0.028718872;-0.09883464;-0.27373874;0.5779717;0.7752819;0.08599537;0.20234917;-0.20444037;-0.077689014;-0.26007557;0.018436175;-0.07495082;-0.20414211;0.29130188;0.11297985;-0.13802984;1.1640054
0.23103702;0.73480123;-0.12194417;0.46729177;-0.20471454;-0.43071562;0.7312266;0.07568741;0.3514573;-0.081580125;-0.11602417;-0.10501558;-0.069693476;-0.08721268;-0.16379617;0.056259084;0.052106977;-0.26340422;0.14316781;0.87058383;-0.058307946;-0.0673544;-0.2938194;-0.2465419;-0.2031897;-0.044742;-0.30445495;-0.24086782;0.28439513;0.18141523;-0.104156435;-0.5579047
0.036139134;-0.47184885;-0.14924696;0.43656367;0.016644401;-0.24337943;0.6291438;-0.11638613;-0.36184007;-0.014198433;0.42086083;-0.080372386;0.059784703;-0.14509436;-0.23074828;0.0073207533;0.14028893;0.03717958;-0.5414633;-1.0168039;-0.061298557;-1.0794766;0.29380515;-0.20641725;-0.01240697;-0.1440107;-0.34819755;-0.8118771;0.23645528;-0.32461545;-0.5109998;-1.0656335
-0.16489796;0.7707168;-0.10879665;-0.43050447;-0.00813422;-0.034898624;0.5830893;-0.1079318;-0.37348685;-0.15909992;0.0034473015;-1.900817;-0.16496351;-0.33966613;-0.52162147;0.008199273;-0.113174126;0.029789027;-0.15637177;0.4225229;0.009802921;0.29495606;0.26689908;-0.19161937;-0.031709336;-0.03193617;-0.10851917;-0.49321726;-0.5440385;0.124700785;-0.4040534;-0.95788336
-0.5499136;-0.35310566;0.34319174;-0.1507492;-0.32100645;-0.17185426;-0.9002487;-0.1848168;0.28789756;-0.19095732;-0.20623438;-1.3359877;0.036895238;-0.98421645;-0.15666215;-0.042954408;-0.14085908;0.028242558;-0.19966112;-1.0647998;-0.05794044;-0.5219091;-0.30303824;0.12625127;0.22180003;0.017858068;0.26667032;-0.17614475;-0.71637356;-0.3770672;-0.21844693;0.9188928
0.21248695;-0.14935417;-0.15353988;-0.10255487;0.11172208;0.47702688;-0.77948296;0.03058692;-0.27750194;0.15923853;0.25231314;-0.6612216;-0.029375253;-0.13570708;-0.15080021;0.03476216;0.048355237;0.040004637;0.046245057;-0.72321624;0.09589124;-0.20472124;-0.35132635;-0.17426364;-0.0944325;0.14347088;0.24398917;0.014239065;0.5044526;-0.21001086;0.055501495;1.5174872
0.179854;-0.26794967;-0.10604888;0.6773149;0.09442045;-0.27977023;0.6390427;-0.05432196;-0.20792475;0.015052099;0.5260698;-0.12720701;0.04235237;0.15709293;-0.14555831;0.015180655;-0.26365793;-0.50139153;-0.11971527;-1.0332456;0.0457438;0.4754937;0.27552506;0.39274457;0.2961922;0.07437853;0.551262;0.43697786;-0.32683796;-0.39430535;-0.35411364;-0.8429649
0.15492962;-0.3000337;-0.14101693;0.3581479;0.09416778;-0.42726862;0.65932673;-0.06411136;0.34670576;0.07348208;-0.1488309;0.20792311;-0.05667115;0.24120243;0.14748499;0.012535829;-0.2009832;-0.31977406;0.10585563;0.6830077;0.103297256;0.43633562;-0.18938665;0.020759095;0.08217104;-0.07451825;-0.2625934;-0.014128556;0.19600765;0.044000678;-0.27062577;1.1620208
-0.35017246;-0.13725753;-0.16008665;-0.46685925;0.05688541;-0.4804654;-0.9490629;-0.018895138;-0.28296363;0.014958922;-0.20631182;0.508383;0.09957665;-1.0593138;-0.4457568;0.044023518;-0.1448171;0.03418104;-0.48627076;-0.7319908;-0.3405819;-0.2625184;-0.2599223;0.019820195;-0.009621181;-0.0018909024;0.033397317;-0.10580549;0.3921872;0.06558982;0.065044664;-0.61429805
0.27447847;0.8091301;-0.05790892;-0.7956666;0.10652726;-0.3836133;0.8324331;-0.06657219;0.2458226;0.060623582;0.30457577;0.191728;0.04852959;0.22495334;-0.22108667;0.035382614;0.075141706;0.04840145;0.45840216;-1.0011946;0.17026205;0.1331226;-0.13360308;0.40041047;0.36876512;0.047005825;0.4277568;0.112866595;-0.45211208;-0.49003288;-0.28413862;-0.6543141
-0.11891236;0.6783296;0.27622613;-0.7491838;-0.24189667;-0.2584485;-0.7377161;0.087595716;-0.2271354;-0.11488377;-0.11055641;0.11353236;-0.1783788;-0.36277318;-0.09053624;-0.028428197;-0.073615365;0.021530205;-0.69736904;0.49775824;0.34470898;-0.032020602;-0.25256163;0.26453745;0.34408876;0.03974797;0.3911969;0.2056458;-0.55240357;-0.2195423;0.20708808;0.8985476
-0.16427314;0.91669685;0.11429119;-0.2909667;0.08911289;0.010896953;-1.5962456;0.04828697;-0.29258642;-0.16559139;-0.2609876;0.15102959;-0.041946966;-0.36911544;-0.46275264;0.031597137;0.029999532;0.04046565;-0.24089071;-1.2643363;0.058179837;-0.12734292;-0.43950182;-0.15597597;-0.08043742;0.06961821;-0.28362894;-0.60163;-0.6325837;0.39692307;-0.31212693;-0.9061279
-0.18532918;-0.55706;-0.14581913;-0.2774419;-0.26573154;-0.20584676;-0.38213333;0.019871712;0.3637665;-0.03206765;-0.47162008;-1.3893713;-0.048936527;-0.41392934;-0.14644012;0.029316016;-0.12893596;0.029844461;-0.5959184;-0.798627;0.006562853;0.0052538156;-0.32530892;0.119554326;0.21208261;0.051016837;0.24155699;-0.28146565;-0.5038382;-0.24702944;-0.07634139;-0.8875467
-0.2600461;-0.29413563;-0.1812172;-0.6753087;-0.24370125;-0.37274036;0.58142114;-0.003950841;-1.1191099;-0.033032823;-0.18822671;-1.2118083;-0.09061094;-1.1086587;-0.24102028;0.019527627;-0.19334064;-0.19399446;-0.21100758;0.41013098;-0.35251352;-0.15197054;0.28059858;-0.24438329;-0.06523538;-0.14117378;0.15244631;-0.39266714;-0.00030009635;-0.35315308;-0.51184064;-0.918359
-0.12391324;-0.6527676;0.12892006;-0.114265285;-0.28336573;0.021043163;0.23514801;0.015761489;0.3053441;-0.09811789;-0.097515985;-0.163926;0.031811774;-0.97668964;-0.25869164;0.06172168;-0.12676379;0.029338889;-0.43090078;-0.9944074;-0.13592504;0.039873917;-0.36815733;-0.16872497;-0.79049915;-0.02105401;-0.7653829;-0.28858036;0.23930855;-0.23511381;0.224968;-0.7675248
-0.27269408;-0.39518392;-0.23182128;-0.22416337;-0.5551535;-0.008815542;0.15517698;-0.009536817;-0.36975867;-0.059929546;-0.18453386;0.082360566;-0.27479517;-0.08462058;0.50219655;0.036442786;-0.24495669;0.03153224;-0.9434793;0.28123105;-0.24087915;-0.24024929;-0.31875572;-0.11119735;-0.104797155;-0.018723866;0.16156381;-0.2005971;0.22083312;-0.11037065;-0.4898044;-0.85182
-0.47047147;-0.28484875;0.01892983;-0.109436505;-0.591537;0.43554768;-0.3860675;-0.02614437;0.4488679;-0.055337716;-0.08476418;-0.08927165;-0.04774307;-0.2685443;-0.57129407;-0.008358842;-0.2050033;0.03350252;0.036414366;-1.193472;-0.012124556;0.114736944;-0.23398888;-0.14601806;-0.3433563;-0.14490348;-0.16525045;-0.16906646;0.1275481;0.09707485;-0.22496057;1.117429
0.025714131;-0.39005598;-0.106818005;0.23501116;-0.41476172;-0.23110859;-0.32364783;0.06776725;-0.349799;-0.013153119;-0.33802107;-1.367763;-0.024639295;-0.06474117;0.1602925;0.018001702;-0.02150957;-0.40430143;0.6938489;-1.107674;-0.034428824;0.32034865;-0.2816017;-0.19818388;-0.1832402;-0.2355067;-0.08101377;0.15169644;-0.1772934;0.19713297;-0.2901271;-0.9745917
-0.020050872;-0.28281143;-0.117765486;-0.45897081;0.027177634;-0.6692354;-0.9778977;0.10224439;-0.28172126;0.11289315;-0.2552057;0.091919355;-0.10769921;-0.10948526;-0.5255519;0.075459726;0.12772928;0.043425653;-0.08198705;-0.98227257;-0.06741981;-0.1685352;0.40099907;-0.0026011919;-0.26323545;-0.270207;-0.13552032;0.2041105;-0.069820866;-0.009942079;-0.46255586;-0.56918305
-0.21740825;-0.2330596;-0.014421323;-0.33558515;0.074437216;0.3392218;0.7395502;0.003845267;-0.3457774;-0.010468449;-0.17179266;-0.15741912;0.052007858;-1.1935115;-0.1044431;0.060406677;-0.04424657;0.036701176;-0.43625778;-0.694853;-0.3525825;-0.21922193;-0.18015786;-0.05014026;-0.78559655;-0.061505347;-0.59712344;-0.107222475;0.32314095;-0.04410959;-0.59272015;-0.8674945
-0.55712825;-0.3104441;0.13242644;-0.6368544;0.008682461;0.30203414;-1.2536635;0.0011156187;-0.30825758;-0.07832595;-0.22777359;0.16053183;-0.23259953;-0.44193017;0.39019954;0.030196562;0.14095923;0.024418158;-0.18637727;0.46334198;-0.17217836;0.0691444;-0.40235054;0.11867349;0.2883315;0.025646152;0.35330504;0.31726637;-0.6100815;-0.58125335;-0.23083913;-0.9433564
-0.43496016;0.755168;-0.23208582;0.18464266;0.090228654;0.028338932;-0.49517024;-0.12688276;-0.34237838;-0.011747543;-0.24817882;0.59423494;-0.05293812;-0.863509;0.19822389;0.057819247;0.024285506;0.02900588;-0.17715897;-1.0217187;-0.23611324;0.28223038;-0.21208419;-0.106622525;-0.34102157;-0.055873368;0.1715898;-0.6645902;-0.7031269;-0.16783622;-0.32825053;-0.9236025
-0.22871949;0.7403118;-0.07709287;-0.29970542;0.11890286;0.09320881;1.1563689;0.053427156;-0.22008708;0.056702856;-0.028788734;-0.8260572;0.07003437;-0.24480851;0.6158975;0.069191135;0.21928814;0.05362529;-0.36467308;-0.31978545;-0.20536433;-0.15620129;-0.17853191;-0.115660295;-0.04768043;-0.029310342;0.28006366;-0.020774638;0.28637925;0.17911232;0.26929706;-0.5192274
-0.19860898;-0.1889817;-0.20395556;0.3841725;0.0065340092;-0.5533141;-0.22734702;-0.03688877;0.30720145;-0.12163358;-0.21331249;-0.2516786;-0.2662151;-0.9013609;-0.13029261;0.0054326965;-0.30777088;0.023766307;0.4750269;0.5156867;-0.57010174;0.20279808;-0.435324;-0.11797552;-0.19457069;-0.017005987;-0.70989543;-0.38027617;0.2578632;0.10480644;-0.60051435;-0.8766446
0.2410661;-0.24863504;-0.2171895;-0.73606896;0.018035183;0.38455513;-0.9658147;-0.08540361;0.35082158;0.121233;-0.25409895;0.10758653;-0.11159367;0.6251556;-0.16864349;0.07155084;-0.040668573;0.018571306;-0.14329042;0.6502195;0.08643767;-0.8055881;-0.43870968;-0.03379099;-0.03456884;-0.14546417;-0.3145211;-0.5335712;0.13665617;-0.44998527;-0.16569768;1.4570148
-0.4780911;-0.6236427;-0.18174516;-0.058380596;0.07283601;0.05427906;-0.40796185;-0.039702807;-0.44358552;-0.16505703;0.15930912;0.20094398;-0.16863401;-0.59324735;0.33588746;0.03474443;0.10258286;0.030152153;-0.12613034;0.7151198;-0.078745514;0.12246912;0.39528972;-0.25476697;-0.16372512;0.007818217;-0.26792383;-0.18656701;-0.59433615;0.12100761;-0.4069197;-1.0289704
-0.42075697;-0.4190698;-0.14357822;0.4713736;-0.25057903;-0.124200515;0.6254825;-0.09748869;-0.31640777;-0.10883313;-0.20088415;-1.4478675;-0.108324446;-0.2360893;-0.16302633;0.03425399;-0.2875744;-0.20093554;0.34993327;0.5293715;-0.18540187;0.39909026;-0.25865644;-0.12582147;-0.593349;-0.08037685;-0.44067565;-0.5636067;-0.49465707;0.12996627;-0.10005944;-0.7718413
0.09750392;0.9323324;0.07768845;0.3146826;0.0938583;-0.17540248;-0.34297198;-0.07188325;-1.4726385;1.8063933e-05;0.1374985;-1.4067607;-0.07191045;-0.21067856;-0.63627225;0.012145935;-0.069676526;0.037459165;0.49094057;-0.9717619;-0.04813366;-0.08104475;-0.270119;-0.06763496;0.035454832;-0.11688122;-0.29171002;-0.21293716;0.090349145;0.14020349;-0.3712145;-1.0558895
0.16787675;-0.4625564;-0.09105065;-0.5161685;-0.013127163;-0.2607191;0.5822402;-0.13106342;0.25565207;0.047751337;-0.3621179;0.28704733;-0.1509098;-0.16489854;-0.5334108;0.03175953;-0.15941782;0.03870652;0.42657393;0.7838468;0.008059168;0.12331851;0.35649836;-0.3549704;-0.08647663;0.030427821;-0.04075874;-0.30537036;-0.5763066;0.22884586;-0.45778754;-0.9591919
-0.43925115;0.6778363;0.12275066;0.4160753;0.017244156;0.3298183;-1.1943823;0.001696303;-0.29908612;-0.12746254;-0.23286584;-1.0762199;0.04664456;-0.6875185;-0.2592096;0.0581508;0.06303067;0.04230602;-0.571084;-0.8384655;0.058411352;-0.12869325;-0.3265994;-0.24280092;-0.05817797;-0.025957998;-0.2593081;0.1742133;-0.800942;-0.31687015;-0.028428143;-0.82523286
-0.11993848;-0.2666186;0.15261053;-0.16774279;-0.43426588;0.37439144;-1.1778839;-0.002112066;0.35742196;-0.018322414;-0.13128568;0.041229345;0.045635138;-0.78265625;0.5110379;0.045619614;-0.01019603;0.035214417;-0.010657565;-0.9497694;-0.3321298;-0.13828121;-0.3707627;0.0063848225;-0.45335189;-0.16265662;-0.31044403;-0.23058248;-0.017947648;-0.36822873;-0.32190213;-0.85616773
-0.2810883;0.77358925;-0.1758786;-0.5795582;-0.093872085;-0.14633837;-1.2430549;-0.02197273;-0.26548976;-0.1005053;-0.2943356;0.053727966;-0.21334259;-0.46083057;-0.19269115;0.028791701;-0.040253922;0.027065482;-0.86680186;0.50172544;0.14219353;-0.18394472;0.39260328;-0.1529186;-0.012882918;0.05740898;-0.24857436;-0.51235026;-0.7031871;0.12594374;-0.11877299;-0.8864951
-0.023118164;0.87272286;-0.18937218;-0.12091043;0.054888256;-0.1603395;-1.2779772;0.0035737357;-0.27066153;-0.035670474;-0.45743132;0.25782838;0.06148655;-0.43253028;-0.5313359;0.018086854;-0.23543814;0.03788898;-0.79321885;-1.011917;-0.11132356;0.07093916;0.363301;-0.1481193;-0.16132587;-0.2689228;0.25593376;-0.32848313;-0.04786356;0.15905039;-0.23980202;-0.9386584
-0.6370339;-0.29750428;-0.1742572;0.3162732;0.062356822;-0.41680902;0.022996105;-0.013811227;0.83822143;-0.11674068;0.03680655;-1.621656;-0.10501082;-0.34068227;0.052681632;0.03161291;-0.14124103;0.025789922;0.5069162;0.42447218;-0.2895548;-0.16590397;-0.37929115;0.2022657;0.21176536;-0.006279229;0.44979736;-0.29290724;-0.41655126;-0.62995625;-0.45306322;-0.83056
0.05761331;-0.20247044;-0.17065687;-0.32322872;0.050485846;-0.45998973;0.19062719;-0.015037751;0.37454832;-0.18327601;-0.3239034;-0.9424709;0.0017495775;-0.8560829;-0.24401195;-0.065499954;0.068452224;0.040353093;-0.26503006;-0.85370696;-0.100972466;0.07993877;0.33230606;-0.12995562;-0.1656766;-0.23215096;-0.2738555;-0.029941935;-0.18794931;-0.40483972;-0.014926058;0.5077829
-0.52877873;-0.31066564;0.42354605;-0.7715035;0.052267533;-0.37375703;-0.34200975;-0.030404037;-1.4596496;0.028284933;0.036509864;-0.034302726;-0.08325765;-0.43446085;-0.24740778;0.04991513;-0.06662104;0.03526818;-0.72752696;-0.80425835;0.045111112;0.03770125;-0.40003306;-0.2813065;-0.09040616;0.037788987;0.23827575;-0.38426456;0.42045873;-0.41439745;0.28012088;-0.9546478
0.04618078;0.89344335;-0.20965454;-0.32009643;0.13755515;-0.1907261;-0.29460979;0.032340713;0.33284158;0.1313263;-0.4853083;0.0061402894;-0.00024908478;-0.0025289804;-0.17110197;-0.00300328;-0.10999989;0.031429697;-0.85754395;-1.0154251;0.10621517;0.03302137;-0.26966912;-0.04036872;0.2001538;0.035994958;-0.21502;-0.24393275;-0.5989783;-0.64970326;-0.40414178;1.3102037
0.28665596;-0.7765097;-0.100936316;-0.12486764;-0.03260017;-0.3686837;-0.20342797;0.0055474257;-0.36418352;0.0852217;0.35710528;-0.06745086;-0.12928006;1.2079816;-0.11230529;0.029814595;-0.019094856;0.022684304;-0.67526525;0.5749387;0.20327727;0.5574387;-0.2631867;0.27415702;0.2783107;0.07152026;0.46167436;-0.20297965;-0.39508006;-0.23680465;0.09976978;-0.7835532
0.13455841;-0.2957214;0.09656926;-0.013064387;-0.64259857;0.49256456;0.6373771;-0.024709245;-0.25622782;-0.19517358;-0.103988215;0.6294544;-0.120687924;-0.41880634;-0.32810208;0.0037384992;-0.009019425;0.024776544;0.57189983;0.7111347;0.07393226;-0.16196723;-0.17275538;-0.21395196;0.0702843;0.04354522;-0.12375248;-0.22914633;-0.48950222;0.16826499;-0.114423424;0.95046145
-0.5750923;-0.31705356;-0.23223545;0.30074787;-0.5511599;-0.24923909;0.15495254;0.057202414;-0.264024;0.14224543;0.20082101;-1.3972178;-0.027550979;-0.47834504;-0.14739174;0.0090887975;0.061495394;0.035266913;0.44682088;-0.7598322;0.03338781;-0.17303093;-0.28941128;0.018782957;0.20810506;0.024487177;0.30239;-0.36087215;-0.47425458;-0.40585747;-0.31433532;1.0434536
0.06609068;0.9415484;-0.11340643;0.5842462;0.059286837;-0.30651304;-0.23604988;-0.00023571681;-0.32210422;-0.019553106;0.23419964;0.011390578;0.010862009;0.14005658;-0.21185145;0.048997696;-0.019205675;0.044650655;-0.16776383;-0.7682012;0.051915906;-1.0027643;0.4477221;0.12483753;0.08220449;-0.09913631;-0.2697086;0.20531182;0.28216416;-0.2916784;0.041854374;-0.807272
-0.5366351;-0.23237179;-0.21433677;0.21966626;0.1480601;-0.36629963;-0.44090134;-0.16633599;0.40262675;-0.16098885;-0.048891056;-1.3013306;0.06661623;-1.157641;0.54507416;0.052475054;-0.14186051;0.033889845;-0.19750163;-0.9948027;-0.20338008;0.0899383;-0.33800346;-0.36963367;0.038324315;-0.29989076;-0.2803217;-0.3675071;-0.28654474;0.22731951;-0.09291425;-0.8067374
-0.22395691;-0.36589605;-0.24618278;-0.25145045;0.065659694;-0.4673761;-1.3749869;-0.056639202;0.2981804;0.009616766;-0.36140686;-0.052118853;-0.04494112;-0.057677176;-0.2591281;-0.0027965165;-0.105176106;0.040564716;-0.19191249;-1.0986065;-0.06889323;0.4572405;-0.41418672;-0.24505882;0.014819635;-0.13774562;-0.4146272;-0.003048792;0.35365012;-0.62359035;-0.007922928;-1.0263766
-0.15479714;-0.4153599;0.1222133;-0.0495676;0.041268226;-0.18108827;0.1055712;0.09228429;-0.38941967;-0.120229766;-0.20521104;-0.20474952;-0.11982939;-0.7227139;-0.26482356;0.011811405;-0.17833848;-0.41843694;0.59974706;0.69488007;-0.025468223;-0.16169117;0.19781035;-0.25902012;-0.115946375;-0.32709405;-0.24576434;-0.3518522;-0.3319958;-0.4928035;-0.34238952;-1.0683365
-0.431936;-0.28193316;0.32668626;-0.19581154;-0.4603307;0.49802876;-0.29991373;-0.042077735;-0.51505244;0.13638029;0.038295932;-0.17680673;-0.18337268;-0.18702675;-0.23636699;0.028213086;0.060383745;0.029867198;-0.005044409;0.7545194;0.03320787;0.08424944;0.57856435;-0.26912624;-0.112705074;-0.33037546;-0.1340937;-0.37790924;-0.38047174;0.24606688;-0.5605813;-0.96103895
0.02873116;-0.22338203;0.21032657;0.48478904;0.07125949;-0.035584997;-0.6949632;0.14962475;0.3105725;0.09255974;-0.10713565;0.33838847;0.069830984;-0.049799576;-0.13258812;0.04672508;-0.22109263;0.033712137;0.4655941;-0.77251935;0.0033378443;-0.13252789;0.7383549;-0.011883097;-0.49571344;0.074642144;-0.4669412;0.67099005;0.3638571;-0.20803677;-0.25379014;-0.56790674
-0.3497088;0.5117395;-0.16272359;-0.02474115;-0.30247298;-0.76671755;0.11933866;-0.036687545;-0.3889454;-0.057390142;-0.2633506;-0.25278446;-0.24802141;-1.1819549;0.31037676;0.039654776;0.102326535;0.023423286;-0.19588743;0.43928128;-0.5477763;-0.21259649;0.30790654;-0.20475408;-0.14663987;-0.17804714;-0.752942;-0.4826009;-0.015624672;0.117704965;-0.5498198;-0.80920076
-0.30333015;0.61378264;0.22859278;0.51159793;0.08792743;0.22832122;-0.26633278;0.040476605;-0.28527832;-0.039513025;-0.007620111;0.6010855;-0.10601296;-1.1397432;-0.32341358;-0.005966326;0.009353793;0.019804914;0.08866548;0.83211213;-0.42143255;0.22038859;0.3113047;-0.2377422;-0.6684082;0.102752276;-0.66400725;-0.031946167;0.26601008;0.15925631;-0.108260445;0.97720736
-0.3922857;-0.3950019;-0.04479152;-0.23873274;-0.72062856;0.24823317;0.17170998;-0.026365036;-0.44050798;-0.14328024;-0.12941559;0.6321147;-0.21302818;-0.56454676;0.4716905;0.056599382;-0.2526727;0.035220906;-1.11687;0.41934034;-0.08499901;-0.236166;-0.44492933;-0.17649762;-0.138814;-0.26304924;0.03423507;-0.13363642;-0.21876591;0.32794496;-0.55283743;-0.91226757
-0.42298356;-0.25387883;-0.11595083;-0.6495403;-0.332468;-0.4829406;-1.1224161;0.0033669234;0.24010278;0.02543576;0.07396383;-0.12811822;0.029334478;0.012666671;0.5081104;0.007605922;0.0010446543;0.036801983;-0.02078412;-0.94205076;-0.15155849;0.08788639;-0.44487524;-0.21019359;0.3883584;-0.23892829;-0.20748378;-0.6391408;-0.1258715;0.17503057;-0.13073625;-0.92372453
0.15204671;-0.31531495;-0.18501565;0.22921157;0.0022215762;-0.18311864;-1.0296234;0.026228877;-0.31211877;0.08383437;0.20675582;0.13129407;-0.17294574;-0.38489577;0.21712324;-0.0002437405;-0.04929398;-0.3480179;-0.83468175;0.52140325;0.04122583;0.11424488;-0.4139809;-0.078234695;-0.05801793;-0.27945265;-0.24627343;-0.4421545;-0.10053693;0.29852906;-0.1401155;-1.0364707
0.12935556;-0.25352767;-0.15860803;0.63513553;-0.02113435;-0.2623861;-0.17608501;-0.13675176;-0.38538575;0.11817442;0.45194504;-1.0409796;-0.1113561;0.31855223;-0.0982271;-0.023187049;-0.018578079;0.023251703;-0.7436608;0.543907;0.20964962;-0.110601716;0.42460787;0.15757753;0.23256728;0.063197;0.25673512;0.055846095;-0.39568698;-0.19900885;-0.08186499;0.76820815
0.16537912;-0.21563588;-0.11779653;-0.39917618;-0.25992265;-0.45447075;0.5913714;-0.03519382;-1.3583395;0.086623706;0.33801213;-0.9749888;-0.08394271;-0.46791202;-0.33054268;0.0141372355;-0.21320543;-0.29542318;0.074527554;-0.7514554;-0.06683559;0.11366154;-0.24558665;-0.3455137;-0.15413128;-0.043919183;-0.04474976;-0.19183314;-0.47250092;-0.3833646;-0.48265457;-0.8902937
-0.035019305;-0.29081887;-0.04877677;0.017173655;0.104963936;0.50497687;-0.27934504;-0.059814513;0.3866502;-0.17285794;-0.23313394;-0.09482906;0.04262939;-0.8499948;-0.2703973;0.023862189;-0.11543657;0.042582154;0.59754133;-1.0122709;-0.022061465;-0.118950605;-0.23917036;0.0675989;0.030155929;-0.1875776;-0.18863268;-0.4098348;-0.030307045;-0.30544344;-0.502766;-1.0261307
-0.44623068;0.57461786;-0.32975468;0.386587;0.011503267;-0.3712611;-0.308794;-0.14204745;0.2602689;-0.16034421;-0.3402023;-1.4660926;-0.012455597;-0.6925354;-0.086868964;-0.07667103;-0.1261633;0.032619126;-0.632312;-0.8308486;-0.4551534;-0.15961908;0.52788836;0.18093003;0.25169784;0.022221068;0.19840027;-0.36270615;-0.8031891;-0.39830765;-0.12962908;0.40308446
-0.33977905;-0.43133727;-0.2168956;-0.63284385;0.081445836;-0.06496793;-0.33486584;-0.05644119;0.4124126;-0.031369418;-0.13097602;0.16392602;-0.012849145;0.30505404;-0.23871289;0.03601337;-0.27038392;0.031185575;-0.03428432;-1.1066247;-0.19842869;0.10638933;-0.34329587;-0.15884998;-0.24428678;-0.036444824;-0.08739087;-0.10340471;0.3266932;-0.22789572;-0.47165316;-0.81547976
-0.23072125;0.51751703;-0.21260965;-0.98534197;-0.023897987;-0.62943625;-0.9701442;-0.07088222;0.15072544;-0.11552573;-0.09279768;0.67815477;-0.22347881;-0.71117663;-0.46218938;0.031733196;-0.19418323;-0.25385138;-0.16794531;0.6390331;-0.09195798;-0.1747964;-0.3979939;-0.2756787;-0.6175989;-0.045249157;-0.4912729;-0.11916542;0.1880444;0.037129045;-0.32638854;-0.6769727
-0.46969613;0.6041976;-0.1959578;-0.3305694;-0.41610464;-0.19905588;-1.1318262;0.00018194877;0.28475288;-0.020595085;0.10653027;-1.1156864;-0.037181288;0.15040302;-0.25797486;0.003387825;-0.12769732;0.036829185;-0.05658731;-0.7944625;0.039939363;0.07941739;-0.48772818;0.004186861;-0.020874523;-0.16051635;-0.43931904;0.19476669;0.09973083;-0.4545571;-0.012823863;-0.99470645
-0.36580807;-0.3049907;0.07449121;0.037006084;0.13828881;0.421518;0.8156476;-0.03259072;1.1899468;-0.13623312;-0.09268109;-0.13449408;-0.15951146;-0.42761698;0.44259667;0.008759575;-0.11065003;0.041182406;0.058914233;0.5953734;0.11332175;0.14881045;0.24554509;-0.07121398;-0.0233429;-0.23379885;-0.09392831;0.14679348;-0.092845604;0.32322297;-0.14077942;-0.8087158
0.033910327;-0.7481715;0.07096563;-0.6052685;-0.04881619;-0.022433706;-0.42507032;-0.08107135;-0.4256229;0.083189175;0.46264318;0.72377753;-0.025582107;-0.20961605;-0.19558935;0.03464345;-0.056690026;0.035139743;-0.13425268;-1.4042604;0.02282034;-0.14900316;-0.28751013;0.10264485;0.2559322;0.071261235;0.37572965;-0.24282241;-0.35941932;-0.60402375;-0.30078587;-0.8543298
0.24372438;-0.1925412;-0.16686958;-0.1124557;-0.36190638;0.3280065;-0.9562055;-0.16479987;-0.16696604;-0.027640136;-0.2123203;0.60348403;0.042478163;-0.69407266;0.070242986;0.05217986;-0.08571332;0.024284538;-0.49338046;-0.801028;-0.2822587;0.14994337;-0.23917548;-0.23088636;-0.022444703;0.011635823;-0.23905712;-0.18231626;0.392579;-0.51588976;0.09674194;-0.7885395
0.113720365;-0.24616903;-0.11952412;-0.2759112;0.09177103;-0.59885234;0.012852678;-0.04875963;-0.3530356;-0.0065402244;0.20401907;-0.9584026;-0.028013818;-0.5275633;-0.29137745;0.036573153;-0.16827276;0.034682605;0.519846;-0.6818687;-0.081931785;-0.8543497;-0.29226953;-0.16736235;-0.5043531;-0.04336236;-0.3589312;-0.2479035;-0.5368257;-0.32428753;-0.59027207;-1.0670732
0.17556581;-0.38507903;-0.17729673;-0.04206821;-0.07436067;-0.29731053;-0.1048032;-0.074892566;-0.3458123;0.10771984;-0.525589;0.7121767;0.0076742945;-0.021747233;-0.15496783;0.011857836;-0.084986396;-0.32555506;-0.09905504;0.90128267;0.103886925;-0.07757332;-0.25225902;0.07101891;0.2671594;0.07400509;0.4451197;-0.045052387;-0.36658522;-0.5554124;-0.31066707;-0.92725104
-0.5894504;-0.258315;-0.17518291;-0.267134;0.122250535;-0.593093;0.741769;-0.093059;-0.3928973;0.08830088;-0.32280377;-0.05046224;-0.03648632;-0.38972452;0.03676386;-0.013591857;-0.39217916;0.037298135;-0.23680405;-0.99452424;0.10705301;0.16315119;0.20128863;-0.12914997;0.04331495;0.021613926;-0.20062332;-0.30203736;-0.7198055;-0.1276487;-0.30969295;0.9023244
-0.48576644;-0.20828073;-0.2791274;-0.67205316;0.02166046;-0.28722054;-1.0205541;-0.04387186;0.24058883;-0.16655166;-0.17309117;-1.0519414;0.025796827;-0.9783616;-0.28371558;0.058771808;-0.15688422;0.02669428;-0.0692051;-0.74794644;-0.10104321;0.037283238;0.46270278;0.029010043;-0.3252398;0.011114075;-0.60758203;-0.36178958;0.40841016;-0.12234364;0.022976818;-0.8049234
0.1448139;-0.40547824;-0.11550737;-0.26578552;0.06016907;-0.1880093;0.6223085;-0.05946869;0.37442425;0.07392751;0.30526674;-0.13276324;-0.053616665;-0.23738198;-0.2561977;0.012904673;-0.048181668;0.03835798;0.40433338;0.64425236;0.06385292;0.11538599;0.12652975;0.027766729;0.015681792;-0.24209794;-0.32075763;-0.19402146;-0.08984675;-0.62137777;-0.49077088;-0.9291491
-0.34955108;-0.31973156;-0.20664886;0.069507495;-0.5404764;0.054095294;-0.23287913;0.07600932;-0.35896954;0.22263165;-0.27686128;-0.044824544;-0.08508546;-0.06308355;-0.13789763;0.009116506;0.16889417;0.021503855;-0.0570955;0.7234914;0.07625967;-0.07982473;-0.2671689;-0.20278391;-0.04651402;0.05373255;-0.2482319;0.080088764;-0.33864087;-0.34515935;0.18393946;1.3065866
0.013499186;-0.2457705;-0.19287354;-0.2404809;0.074709706;-0.4307954;-0.88451195;-0.04557781;-0.27848777;-0.08717303;-0.16436511;-0.14869049;-0.017408986;-1.4082606;-0.14621647;0.06362645;-0.12222966;0.028659366;-0.103167765;-0.84533423;-0.3668626;-0.8572878;-0.27684078;-0.17635314;-0.11387318;0.027986802;-0.18001004;-0.3753004;0.38040963;-0.54735386;0.060358636;-0.7720865
0.08497719;-0.360116;-0.18121812;0.3298557;0.051533498;-0.23820846;0.058644354;0.069529675;0.89611655;0.026734123;-0.32156667;-1.298066;-0.06750773;0.15225568;-0.5837426;0.048923217;-0.12415278;0.03830712;0.4872922;-0.9966718;-0.040063303;0.12411845;0.20438734;-0.27910733;-0.16669494;-0.22849095;-0.23285021;-0.54542124;-0.07034624;0.027499273;-0.33017176;1.095903
0.44144464;0.8561555;-0.16174342;-0.10879895;-0.36775395;-0.07325937;-0.18496391;0.07167536;0.346299;0.15409987;-0.35368115;-1.0922922;-0.004631799;-0.068961546;-0.4159468;0.00866249;0.10589847;0.03340209;0.08105727;-0.85461134;0.32143664;-0.5943667;-0.1540286;0.16265117;0.26018015;0.07145439;0.24069886;-0.004695219;-0.2777895;-0.16316907;0.104107365;1.1990842
-0.3669377;-0.14804564;0.022193272;-0.44641036;0.06333642;0.24578024;-0.27694082;0.037235554;-0.24330336;-0.051545005;-0.14441094;0.5245516;-0.06413317;-1.2677882;0.2466309;0.032045007;-0.10361199;-0.2735749;0.35485387;0.60113555;-0.61651844;0.13693428;-0.19927925;-0.079873964;-0.5879606;0.029205779;-0.43280038;-0.23247904;0.2635303;0.058778513;-0.52766657;-0.8477475
-0.43574184;-0.46371698;-0.24669029;0.36228058;0.020369012;-0.18802053;-1.2240351;-0.008742678;0.96914;0.010883751;-0.29960328;-0.06823699;-0.20728745;0.29316035;-0.09662501;0.0051778294;-0.11111363;0.021002637;-0.7458376;0.50212145;0.049390223;-0.21823286;-0.34137785;0.13499424;0.21756247;0.050730545;0.4205827;-0.1362551;-0.4912898;-0.34930933;0.014721902;-0.99734616
-0.16565737;-0.31780848;0.29430747;-0.5733741;0.07162884;-0.60826886;0.204723;-0.010318954;-0.4534216;0.027554613;0.06333174;-0.103409335;-0.025680352;-0.55579805;-0.352667;0.042620324;-0.10687012;0.04151784;-0.73015356;-0.68163264;0.063512444;0.0799927;-0.2990453;-0.3605879;-0.08369228;-0.24306265;-0.11459914;-0.31476417;-0.4364089;-0.601345;0.051734097;-1.0545367
-0.3105198;-0.37963936;-0.11310508;-0.1523916;0.012118334;-0.05034627;0.7397491;-0.07250233;0.30044407;-0.00076232944;-0.30680987;0.6789184;0.059646055;0.29555538;0.4895401;0.016558241;-0.086496815;0.047289975;0.36301467;-1.1313002;0.074119925;0.12831195;0.43084803;0.1126072;0.38247764;0.04937674;0.36925793;-0.21348494;-0.52413917;-0.029228143;-0.19633688;-0.84243286
0.06251052;-0.43098354;0.1735284;0.32418823;-0.3521639;-0.12761351;-0.3899712;-0.050962854;-0.36141384;-0.18721706;-0.26763558;0.8177723;0.07819733;-0.4430285;0.31295928;0.033489347;-0.20387;0.038372807;-0.14195801;-1.4578143;-0.038539972;-0.12789297;-0.33507457;-0.121614866;-0.15857884;0.06291456;-0.30555964;-0.49869686;-0.4581591;0.13578224;-0.35835272;-0.89790857
-0.413997;0.81816936;0.084794834;-0.539264;-0.33657345;-0.5742396;0.115573265;-0.035173345;-0.28453824;-0.11683065;-0.19354157;0.096774414;-0.013915862;-0.40304494;0.3586272;0.04565089;-0.058615133;0.042756334;-0.7229165;-0.7079259;0.15225002;0.066999875;-0.23941068;0.1578005;0.3572274;0.05906561;0.34625086;-0.6081835;-0.54603803;-0.3546281;-0.77858037;-0.9832415
-0.2629308;0.52257043;-0.18364727;-0.48529422;0.09165667;-0.464451;-0.9310877;-0.075120755;-0.31694442;-0.030635972;-0.16911764;0.71340454;-0.0136316195;-1.4935822;-0.16786015;0.054566048;-0.14839849;-0.2694549;-0.32180643;-0.83209634;-0.29629692;-0.24951762;-0.186718;-0.11027419;0.049824964;-0.1251129;-0.31334966;-0.33423173;-0.008818287;-0.586399;-0.340846;-0.84131175
-0.00013780454;-0.30762824;-0.22860402;0.40252903;-0.30333495;-0.37361673;-1.0801684;0.06935447;0.26038456;0.054781828;0.16673781;0.7354269;-0.02468411;-0.39409274;-0.23890072;-0.011065998;-0.06841166;0.035921995;-0.14471136;-1.1551096;-0.00770632;0.12676522;-0.451667;-0.3298446;-0.16653654;-0.036244377;-0.43827474;-0.17703134;0.19520922;-0.44962344;-0.45195696;-1.0557357
-0.33231717;-0.35695785;-0.19801909;0.21759316;0.042841166;-0.29270852;-1.0419226;0.029934827;-0.26745373;-0.045934126;-0.37800547;0.020024136;0.0023861735;-1.5066856;0.31209958;0.02535183;0.11280534;0.028321978;0.47144163;-0.8906794;-0.35630998;0.15516542;-0.2056982;-0.1734124;-0.015631128;-0.10097252;-0.3201762;-0.58434415;-0.8219124;-0.663974;-0.46874732;-1.0541744
-0.32795778;-0.34644172;0.20682202;0.42348742;-0.5894403;-0.03196606;-0.5562841;0.013586151;-0.45724922;-0.19058579;-0.14236242;0.7402675;0.017417658;-0.19449246;-0.12400908;-0.042404953;-0.0044082757;0.028138364;-0.62482315;-1.0058937;-0.21626559;0.12939942;-0.24049859;-0.19652435;-0.3373544;-0.34189504;-0.031180423;-0.120661795;-0.53337055;-0.06415395;-0.17624354;0.99869365
0.25244364;-0.31458387;-0.11367386;0.52846706;0.015723228;-0.095875956;-0.67959696;0.05491184;-0.1887268;-0.008418381;0.5569837;0.14647001;-0.038229506;0.15115677;-0.10365212;0.02381063;-0.1568739;0.040943727;0.50460213;-0.95108724;-0.007048285;-0.14552458;0.7811657;0.1892707;0.4586065;0.06853404;0.6957623;-0.2992524;-0.37156537;-0.24567577;-0.2774433;-0.9463706
0.028001467;0.73756033;0.016394144;0.4429691;0.039143257;-0.7142898;0.097112514;0.07428561;-0.2976551;-0.11624301;-0.20646495;-0.15104832;-0.020755444;-0.50335515;-0.19173928;0.05299241;-0.111921884;0.04058664;0.5083443;-1.0017964;-0.091408275;-0.15655766;0.21354392;-0.32354674;-0.44768885;0.0073923264;0.18489128;-0.22310518;-0.65293074;-0.57231593;-0.2669037;-0.79463416
-0.53833157;-0.3387734;-0.11559309;-0.201907;-0.4276735;-0.089418575;-0.37532726;-0.07880373;1.0476748;0.068557255;0.2073779;-0.16585582;0.011097386;-0.00044683367;-0.23266567;0.044122394;-0.17382982;0.030156512;-0.108060226;-1.322508;3.594719e-05;-0.12727545;-0.35484764;-0.24706788;-0.23269424;-0.3567428;-0.20217548;-0.2307276;-0.36882493;-0.43426275;0.13581003;-0.94704294
0.08559203;-0.33001384;-0.05870966;-0.121477075;-0.20899267;-0.011044416;-0.22704244;-0.11760021;-0.2972354;-0.151237;0.25454113;-0.11909162;0.04272057;-0.54080653;-0.20990351;0.047527757;-0.16381009;0.026453793;0.52168834;-1.3662508;0.0061388733;-0.14996774;0.4628142;0.020104503;-0.40207595;-0.06742255;-0.65184796;-0.5527045;0.17133145;-0.23724176;-0.5288859;-0.857076
-0.31197467;-0.16309427;-0.20958452;0.43599415;-0.17766565;-0.18044984;-0.6521461;-0.058493096;-0.24675529;-0.11079728;-0.15337217;-1.1626357;-0.08298738;-0.47336316;-0.17158067;0.041934226;0.09219203;-0.14918935;-0.010852464;0.5902503;-0.4188787;-0.16030829;-0.52717525;-0.1539532;-0.42965472;0.15906295;-0.58954126;-0.24637122;0.31888065;-0.26649734;0.23024468;-0.7819382
0.07233387;-0.2890633;0.19567782;0.50451297;0.073399395;0.39594394;-0.17253985;-0.09528548;-1.2716078;0.0712332;0.24108514;-1.1761688;-0.042464778;0.14342886;-0.15787993;0.018119888;0.051077764;0.030584823;-0.74775726;0.56852233;0.08230977;0.021774203;-0.40501815;0.008353068;0.0987322;-0.17920238;-0.32045776;0.12251898;0.20622519;-0.08312536;0.13587785;-0.88806826
-0.031190777;-0.2305115;-0.12317981;-0.3858737;-0.29125;0.4071235;-1.112559;0.011728095;-0.3476435;-0.15308063;-0.105542615;-1.211962;-0.003131428;-0.37819213;-0.2652282;0.056910876;0.104440086;0.037310824;-0.20543182;-0.7102652;-0.12275308;-0.12328934;0.26939437;-0.1858797;-0.07215492;-0.30741712;-0.13734028;-0.4754815;-0.28184527;-0.15684639;0.19585836;-0.5663879
-0.5043371;-0.5564529;0.33507428;-0.53977007;-0.3502133;-0.42547253;-0.9468555;0.019720588;-1.2082111;-0.14295666;-0.045090962;0.71830004;-0.040385526;-0.9887571;0.46703345;0.047858942;-0.026742779;0.029754506;0.39833602;-1.0718141;-0.09409638;-0.1205065;-0.41532508;-0.10952707;-0.009624103;0.011727439;-0.27758443;-0.32101858;-0.61872774;-0.25266314;-0.1202436;-0.7940446
0.027324956;-0.19556825;0.07714731;-0.3396524;-0.563629;0.33885303;0.13905865;-0.07614149;-1.3578831;-0.20891364;-0.13710003;-0.9404839;-0.0035129818;-0.65676254;-0.47606215;-0.061586984;-0.11749626;0.031907238;0.043978576;-1.0732945;-0.18358648;-0.120209806;-0.2299653;-0.13792467;-0.14538588;-0.28448611;-0.5086609;-0.081724405;-0.0030385125;0.02349782;-0.18957585;0.8307013
0.0045931772;0.82507145;-0.1470145;0.58528155;0.0687443;-0.51139385;-0.2855788;-0.009291559;0.3199468;0.030095529;0.15175618;0.06901641;-0.042535335;0.009512803;-0.15076838;0.030122587;-0.2733249;-0.5065189;-0.19256468;-1.1406964;0.02586487;0.15113838;-0.34034336;0.09933155;0.034265354;-0.088476874;-0.33176336;-0.10586233;0.15417948;-0.36389524;-0.53031886;-0.93398404
-0.04387621;0.59368163;-0.16969931;-0.68554616;-0.013346636;-0.047967594;-1.1752076;-0.113235325;-0.275142;-0.17628445;-0.28113246;-0.045977972;-0.18795615;-0.6869933;0.06301115;-0.013290091;-0.19581525;0.023257243;-0.94549966;0.49916553;-0.2974478;0.06780841;-0.365738;-0.15409823;-0.27158147;-0.1027616;-0.058364708;-0.11105238;-0.83307976;0.1499484;-0.48372063;0.71800107
-0.4162864;-0.27059212;-0.28313336;-0.8301283;0.09558305;0.40083027;-0.34413025;-0.084873065;0.9103626;-0.14087722;-0.1666025;0.53926355;-0.03854187;-0.008641924;-0.17336255;-0.032648534;-0.32422182;-0.36825246;-0.130118;-1.323676;-0.36816025;0.1495053;-0.22863479;-0.1260625;-0.26601967;-0.124657944;-0.08749492;-0.13316472;0.2487665;-0.2939828;-0.31543076;0.7976069
0.0057589975;-0.29705164;-0.14465025;-0.14757584;-0.003023588;-0.4827607;0.7712808;-0.051068533;-0.41240063;-0.016838534;-0.23183121;-1.0678874;-0.033734895;-0.12704131;-0.63988227;0.051475488;-0.10054616;0.033863906;0.017993987;-0.89688945;-0.13547613;-1.1093262;-0.21540199;-0.23104925;-0.82510084;-0.042346023;-0.68625456;-0.24287805;0.1250637;-0.035100374;-0.54730743;-0.9023072
-0.2064788;-0.42352667;0.011294187;-0.08998953;0.14469528;0.49415898;0.27374804;-0.048061054;0.42077437;-0.16937487;-0.07765986;0.1631005;0.028190164;-0.66670084;0.5742596;0.03691934;-0.10874048;0.05152164;0.02297449;-1.0340515;0.052058928;0.12506281;-0.32606608;-0.27520317;0.25186336;-0.22966027;-0.10930131;-0.2820718;-0.14159928;0.32543832;-0.1191049;-0.9571624
0.0010742452;-0.42775798;0.1120248;-0.07794749;-0.26541394;-0.1969179;-0.1809895;-0.060346555;-0.4913606;-0.16546614;-0.2183235;-1.757233;-0.11206346;-0.46617773;-0.5619283;0.018285107;-0.2236691;0.026437081;0.03628575;0.51658386;0.0417557;-0.023652384;-0.33919504;-0.19073322;-0.12041276;-0.2839111;0.1839109;0.22627445;-0.14615838;0.09424048;-0.06001798;-0.94339216
0.06337699;-0.213498;-0.1443766;-0.63310874;0.020301953;-0.63362586;-0.643733;-0.035518248;-0.25134313;0.1213253;-0.19762012;0.12463289;-0.0357694;-0.22111289;-0.45564768;0.020400362;-0.3417599;-0.3713132;0.5880516;-1.1194834;-0.19857955;0.19078468;-0.23464857;-0.20594752;-0.9941531;0.09706974;-0.059755877;-0.20361632;0.19737612;-0.021610038;-0.3612151;1.1620766
-0.552175;0.5947252;-0.30653775;0.3730502;-0.44581378;-0.681951;0.57847553;-0.092892416;-0.26255143;-0.07385554;-0.30094472;0.64533174;-0.011939522;-0.9906807;-0.14365204;-0.03400163;-0.074193425;0.022404525;-0.16598669;0.5611203;-0.5671901;-0.70527667;-0.2739831;0.18571849;0.22557916;0.04920313;0.22847234;-0.5667322;-0.4433446;-0.4372481;-0.2398881;0.87737435
-0.22929887;-0.8441598;0.10272472;-0.36234832;0.050956786;0.30010217;-0.33873263;-0.19581664;0.4398155;-0.029566975;-0.09715393;-1.3016068;0.05747141;0.023999166;0.039397;-0.064472586;0.071957454;0.035050597;-0.025980115;-0.8730549;-0.35638228;-0.8524375;0.34921053;-0.1145615;0.027098197;-0.0077936626;-0.77521276;-0.067977756;0.29362094;-0.017249968;-0.113996536;0.3984533
-0.15256703;-0.44310626;-0.21038824;0.36813658;0.06335354;-0.118600264;0.5854216;-0.10776437;-0.27214444;0.05642618;-0.3280239;0.3613972;-0.08846353;0.09309251;-0.19382323;0.0059491033;-0.17961736;0.033999246;-0.59713227;-0.92775005;0.009392919;-0.28471673;0.22897515;0.0023093568;-0.4080497;0.0062003043;-0.20748141;-0.782594;0.27517286;-0.49294135;-0.35500702;0.9959014
-0.13117336;0.6112713;-0.14616068;-0.4670057;-0.34548697;-0.019639641;-1.0212327;-0.041403875;-0.28136188;0.022738574;-0.19354792;-0.12698217;0.04192643;-0.07091437;0.385447;0.047723617;-0.008502621;0.036516003;0.5390118;-0.8976465;-0.37121984;0.08269582;0.4187681;-0.20860864;-0.10001076;-0.23499036;-0.13851081;-0.5045812;0.02022828;-0.571355;-0.24624759;-0.7487511
-0.12730753;-0.34609234;-0.22032936;-0.43194497;-0.030194348;-0.13028476;0.5869172;0.020510258;-1.6184083;-0.03106368;-0.30565923;-0.9080819;-0.08170493;0.39367628;-0.26938316;0.052354928;-0.101891026;0.02945624;-0.50289786;-0.64093745;-0.067071706;-0.9990378;-0.23592524;0.012597694;-0.2010356;-0.047202833;0.010758899;-0.76871;0.23742542;-0.23049544;0.118303776;-0.8345042
0.19213967;-0.6034687;-0.103099935;0.0760227;0.12319845;-0.46692088;0.5198311;0.019429794;0.3521708;0.06252288;-0.3518417;0.19892034;-0.01022117;0.7543801;-0.121397816;0.0046586967;-0.061111193;-0.29369652;0.1086591;0.7685264;0.20221998;0.11927395;-0.34047052;0.26087704;0.28780794;0.0784442;0.2543961;-0.12378532;-0.28529736;-0.47412503;-0.09789991;1.1024027
0.15355282;-0.41886583;-0.18217936;-0.49915668;0.06944214;-0.429256;0.7118501;0.034762114;-0.3832366;0.027079012;-0.34919173;-1.2499686;0.041299533;-0.5122434;-0.38867316;0.03138409;0.12528884;0.037170634;0.5368475;-0.77755785;0.003570805;-0.7882871;-0.16578475;-0.11900062;0.0381454;-0.2106854;-0.2750138;-0.31040806;-0.13929598;-0.42401025;-0.1776832;-0.91936356
-0.01220045;-0.20539632;-0.17444812;-0.20066397;0.03886518;-0.15949164;-0.9034095;-0.012440732;-0.31021434;-0.035112493;-0.21718323;-1.0917569;0.015752146;-1.1568445;-0.102208816;0.041914362;-0.16885109;0.019022053;0.46419877;0.38344228;-0.3947979;0.0956159;-0.24361175;0.048164677;-0.54313695;-0.12094461;-0.45741028;-0.3899059;-0.6775618;-0.61454844;0.2456922;-0.90162396
0.051071443;-0.27740422;-0.15731874;0.3622077;0.035222277;-0.6362016;-0.2433962;0.085338384;-0.48097754;-0.1448333;-0.038236413;0.54926;-0.029482622;-0.91086924;-0.1867145;-0.0202019;-0.029294565;0.026181098;-0.8718969;0.58253396;0.089992024;0.11165682;0.30581772;-0.2983035;-0.19396499;0.008863582;0.02062444;-0.112060025;-0.5325054;-0.590393;-0.2916545;0.8048631
0.10814658;-0.31320378;-0.22428979;0.46370992;-0.00049410225;-0.72472984;-0.21904834;-0.037232924;0.36658543;-0.18847047;-0.02804345;0.7396774;-0.25370717;-0.9834614;-0.2451103;0.027653804;-0.1364059;0.028185837;0.054061793;0.69485277;-0.08968794;0.097914934;-0.33889332;-0.11300938;-0.91485;-0.25929585;-0.3894241;-0.30196825;-0.17597891;-0.4604216;-0.25533986;-0.69445664
0.099237114;-0.2808259;0.2063834;-0.33999115;0.06833618;-0.18885201;-0.24160571;-0.08333209;0.25370646;-0.13479342;-0.14874426;-1.4106214;-0.15839814;-0.63893425;0.43064064;0.040734757;-0.00026582787;0.025657952;-0.8515554;0.42082906;-0.28502074;-0.009934232;-0.28775182;-0.20393047;0.12252136;-0.0043493817;0.06407856;-0.11793194;-0.7727347;-0.12202744;-0.0920061;-0.779733
-0.29975438;-0.25021812;-0.22161639;-0.15223084;0.041971534;-0.14168563;-0.41747853;-0.00033888593;1.0683185;-0.048681058;-0.2472429;-0.8927895;0.021320712;-0.9297114;-0.10433382;0.053344917;-0.15805252;0.024249561;-0.045240544;-0.808458;-0.30393997;0.08993629;-0.18172085;-0.16143759;-0.16109878;-0.043372188;-0.018619703;-0.34435698;-0.7496974;-0.4854783;0.25849402;-0.7292198
-0.44474074;-0.29617292;-0.14855587;-0.33051288;0.04740727;-0.45932257;0.8472338;0.017817928;0.30494744;-0.06765671;-0.30179712;-0.12422348;0.027826685;-1.6764483;-0.20666029;0.024785126;0.028119123;0.03337984;-0.22683796;-0.7677068;-0.3974728;0.12607828;-0.2442412;0.121171474;0.24274385;0.002785869;0.2765879;-0.41735274;-0.707249;-0.6131684;-0.44961262;-0.84586734
-0.5110521;0.57634014;-0.034791432;-0.4020407;0.045603435;0.43804818;-0.3462346;0.041484464;-0.48309112;0.030383352;-0.2638788;0.18325222;-0.016380781;-0.34133837;-0.17859128;0.038679555;-0.045740306;0.027715417;-0.1134449;0.68397826;-0.21387288;0.10610764;0.2107953;-0.1625047;-0.94628906;-0.10990855;-0.13025512;-0.4409711;-0.6150933;0.17990233;-0.5053475;-0.9976835
-0.54918677;-0.30571386;-0.129774;-0.47965747;0.009662042;0.345482;-1.080801;0.046595834;-1.295774;0.094053514;0.21286708;0.046615396;-0.17453013;0.12292799;0.32548267;0.010747472;-0.0833288;0.025601564;-0.12188635;0.56743604;0.08395752;-0.08325183;0.37592468;0.059084777;0.2746743;0.041484367;0.45387605;0.03366785;-0.43488985;-0.34925544;-0.0017714836;-0.9256607
-0.065721095;-0.54957813;-0.18508169;-0.2809133;-0.043946087;-0.36822075;0.73616153;-0.06966636;-0.40872437;0.016467225;-0.54249406;-0.19941053;0.050375134;-0.23979738;-0.34918904;-0.008299041;0.12841545;0.04089088;0.008063059;-1.2385343;-0.020251134;0.091736235;-0.18658547;-0.4620659;-0.11054564;0.045633793;-0.3095563;-0.11263573;-0.5809508;-0.8028971;-0.17430104;-1.0853082
0.01977058;-0.41110107;-0.20604637;-0.25415692;0.12939237;-0.1872009;-0.40931296;0.08805028;-0.37394753;-0.2651175;-0.10993959;-1.2748742;0.02281112;-0.96586114;-0.24254341;-0.0219626;0.09529535;0.03637364;-0.0083368085;-1.0347985;0.09843654;0.08412594;-0.29215488;-0.18823583;0.23220414;-0.23741445;0.2637217;-0.27780262;-0.26604015;-0.26766786;-0.044195205;1.1024019
-0.22752906;-0.29438633;-0.27711087;-0.5201201;0.048984464;-0.23215827;-1.11681;0.05744235;0.26874104;-0.081374444;-0.33140665;-1.1325619;-0.16067971;-1.4729067;0.39491868;0.027834442;0.014602258;0.01939428;-0.18795693;0.3166538;-0.3957619;-0.18003742;-0.3931542;0.053854175;0.17953885;-0.054803133;0.19230895;-0.44818193;-0.6146439;-0.66695356;-0.0302969;-0.904834
-0.0026189392;-0.23967248;-0.23545372;-0.4679867;0.04301911;-0.27689204;-1.1515783;-0.028261643;0.22967818;-0.037592772;-0.26451647;-1.0582567;-0.009386738;-1.4128292;-0.11249106;0.043139424;-0.14431588;0.033604525;-0.057839885;-0.9858339;-0.051153067;0.056582026;0.35802937;-0.14158778;-0.1435126;-0.22815111;-0.021251557;-0.37399057;-0.18756957;0.03109006;-0.052918985;-0.8394022
-0.2033121;-0.3747607;-0.19491377;0.43131483;0.037486285;0.45228973;-0.2656519;-0.013183078;-1.407418;0.044123653;-0.38809496;-0.097026296;-0.07003231;-0.0065885335;-0.3951821;0.051094703;0.06254346;0.029212832;-1.1091939;0.5382409;0.12500335;-1.0982333;0.31836355;0.19672005;0.27216905;0.063519455;0.38129517;-0.0009672964;-0.5119398;0.02931661;-0.046422467;-0.8954922
-0.23217486;-0.2641975;0.0031983093;-0.18902019;0.06292157;0.29199642;0.11383155;0.019515086;-0.3872003;-0.043025468;-0.10509928;0.021320254;0.03533258;-1.2512841;0.4612594;0.061729673;0.0026691342;0.03409202;-0.17072418;-0.85531586;-0.40216202;-0.9154742;-0.2230716;-0.047597133;-0.79590786;-0.02856485;-0.7818066;-0.2712665;0.25282794;0.10123358;-0.53349364;-0.9746445
-0.19459915;-0.27252263;0.10688439;-0.14333448;-0.34370798;0.3136492;-1.0585978;-0.022171978;-1.1963266;-0.038439456;-0.16391331;-0.062394954;-0.07280606;-0.54771096;-0.47568634;-0.037374996;-0.21456484;0.02834832;-0.63979894;-1.2503432;-0.14072944;-0.16510116;-0.32286757;-0.09345187;-0.57949746;-0.11837299;-0.2656917;-0.23212324;-0.74449354;-0.032472525;0.023410277;0.66286564
0.17503789;-0.35494828;-0.26130614;0.44465864;0.08301222;-0.22640339;0.1541152;-0.1582669;-1.3184988;0.08152801;-0.40040123;-1.2863137;-0.021729091;-0.46744657;-0.12639679;0.015175917;-0.07522031;0.020657314;-0.94940853;0.56070507;0.1803924;0.057272576;-0.28671622;0.18481393;0.1620864;0.012991638;-0.005974004;-0.1607142;-0.3853452;-0.28955925;-0.36274195;1.2894282
0.19122764;-0.29949328;-0.2039081;-0.90501666;-0.12606749;-0.30579314;-0.7752409;-0.03262049;-0.2260414;-0.011428844;-0.5915365;-0.030558184;-0.11845129;1.0117397;-0.15350777;0.011276866;-0.19609083;-0.33688435;-0.7097851;-0.77713215;0.007771385;0.020628937;-0.32128593;0.097618595;0.3788723;0.053968802;0.23141113;-0.13734534;-0.40917525;-0.48084548;0.09002007;-0.9764149
0.21378921;0.5777094;0.17283806;0.41224948;-0.0074124075;-0.1436266;-0.098913714;0.033020776;0.81595993;0.12443708;0.26614016;-1.1489469;-0.030447736;0.9753322;-0.086596936;-0.0074612466;-0.08049156;0.025698435;-0.6794116;0.49294657;0.1797432;-0.080817685;-0.3014881;0.19915642;0.2585693;-0.21789385;0.42988053;-0.15137146;0.009735525;-0.17051929;-0.15668269;0.9505491
0.025509859;-0.2758674;-0.23871677;-0.36480424;-0.011051089;-0.16551358;-0.25042847;-0.011747615;-0.3956653;0.06149029;-0.37070748;-1.2748376;0.034397185;-0.26816598;-0.20686768;0.008838097;-0.30640936;-0.28579828;0.058486495;0.66752553;0.058609262;0.07611818;0.24078743;-0.07952916;-0.13309854;-0.1916892;-0.27378333;-0.1813342;0.20580575;-0.35545602;0.013795978;1.1820893
-0.44757268;-0.1548007;0.12771888;-0.40804583;0.12831308;0.42255193;0.7040531;0.030723155;1.0561846;-0.09077802;-0.10370429;0.17885016;-0.13910732;-1.0745417;-0.12820663;0.024232442;0.10470145;0.024553504;0.2933424;0.6832547;-0.5197403;0.15782371;-0.17205757;-0.17933;-0.70242256;-0.21519265;-0.828274;-0.14060254;-0.09225321;0.19809549;-0.2912817;0.9681146
0.19261734;-0.6742508;-0.2481194;-0.23937558;0.06488263;-0.42559165;-0.7557745;0.0008706682;0.17557777;-0.11324704;-0.14697698;0.064335704;-0.0020640595;-1.1692507;-0.15104538;-0.056284443;-0.03171081;0.03473451;-0.46932015;-1.1743191;-0.40595368;-0.24405316;-0.43192875;-0.16014104;-0.75919545;-0.10157205;0.11700442;-0.11019302;0.40561983;0.20232876;0.054500654;0.44790637
0.12543507;0.77878183;-0.12556607;0.16592242;0.046881326;-0.098537885;0.6441583;0.1033196;0.30221158;0.052951127;0.3378296;-0.058688592;-0.021702664;0.151265;-0.11498281;0.021179877;-0.3010168;-0.4844546;-0.064468086;0.7134125;0.1124957;0.14719057;0.56259125;0.07323744;0.0004682244;-0.084126;-0.24478827;0.016923515;0.15938562;-0.4092776;-0.3741496;-0.7618232
-0.10581082;-0.17554575;0.0859981;-0.22837259;0.03988312;0.3339049;-1.2726313;-0.07658723;0.32103226;-0.048792653;-0.20820668;0.007738199;0.08546627;-1.4088049;-0.11809708;0.05314045;-0.23633234;0.025403958;-0.22921018;-0.99040675;-0.37303275;0.09533836;-0.2739677;-0.02951095;-0.02539561;-0.08684221;-0.37531123;-0.35856396;-0.9291281;-0.34417245;0.17988123;-0.8632435
-0.26835778;-0.3530179;0.08171451;-0.6833238;0.13019487;0.2897227;-0.38300171;-0.06935935;-0.4248154;-0.12598099;-0.17195907;0.62863356;-0.18217945;-0.49766725;-0.47415492;-0.039159637;-0.14457746;0.016947288;-1.1721406;0.62012345;0.18500002;-0.23868375;-0.2841542;-0.092948735;0.0077838083;0.1324412;-0.1875935;-0.7369308;-0.4757458;0.36358243;-0.35959244;1.2314762
-0.066940665;0.4732928;0.23995948;-0.1618343;0.044119067;0.09872323;-0.5746301;-0.00513073;-0.21058697;-0.05999758;-0.1541931;0.14059606;0.008477478;-0.74688166;0.07125261;-0.037903763;-0.16924666;-0.28612205;0.36950332;-1.3359264;-0.4319562;-0.88820034;0.27884737;-0.20451573;-0.7718645;0.07513635;-0.6450658;-0.40954956;0.28400382;0.029946432;-0.24808943;0.8364588
0.2540962;-0.2428265;-0.20246173;0.21288958;-0.22556967;-0.19245149;-0.724945;0.066018105;-0.30371192;-0.0077058943;-0.11429413;-0.94834167;-0.26810473;-0.13651972;0.42695555;0.035646517;-0.02424297;0.025721712;-0.50771075;0.22905105;-0.33950433;-0.9570836;0.29497495;0.0020744985;-0.058430113;0.10114117;-0.057502486;-0.26442805;0.34054995;-0.53512084;0.42283314;-0.822745
-0.1364186;0.668425;-0.15476047;0.35430038;0.002031545;-0.5995972;-0.370978;0.022146506;-0.32764718;-0.15872899;0.05293723;0.15362734;0.029830934;-0.36048448;0.087195285;0.067847006;-0.23695561;0.024355143;-0.1696011;-1.2068096;-0.21661665;0.15807065;-0.48468098;-0.31834316;-0.5181594;-0.0732202;-0.7693412;-0.6646267;0.12905501;0.3114961;-0.6971011;-0.7660959
0.1376892;0.5529538;-0.15610993;-0.864658;-0.28154835;-0.4621273;-0.85301703;0.0007301197;-0.34066546;0.118585035;0.22498348;-0.012357147;-0.18811242;0.34712186;-0.5232833;0.021477133;0.0448952;0.018520182;-0.08066757;0.5281431;0.18010096;0.080741055;0.42956322;-0.10906439;0.023924762;-0.010759987;-0.2713207;-0.5926048;-0.4687347;0.15902282;-0.11138391;0.79455525
-0.20814048;-0.3242982;-0.22376701;-0.22615409;-0.01735282;-0.052440785;-0.29295617;-0.034976337;-1.3054836;-0.030687902;-0.2529608;0.46459404;-0.015797889;-0.95051086;-0.18382207;0.058165308;-0.25683513;0.024432305;-0.47084093;-1.1507204;-0.34692436;-0.27183542;0.19288327;0.02160403;-0.5487853;-0.002402925;-0.69531006;-0.34379575;0.35973814;0.16211765;-0.46738794;-0.79684895
-0.27140152;0.84206337;0.3432557;0.21719934;0.013594664;-0.051829018;-0.30486014;-0.08357922;0.32841313;-0.09232953;0.018146714;0.13138552;0.0054434305;-0.46517113;0.14828706;0.07631942;-0.0121074915;0.03469256;-0.66479474;-0.8161697;-0.12508428;-0.9112645;-0.38402748;-0.17254712;-0.91053027;-0.2714166;-0.46755627;-0.7645835;-0.1955376;0.26596382;-0.041483168;-0.57395524
-0.40933812;-0.34967902;-0.2297464;-0.21692552;-0.017374035;-0.28656447;-0.3588575;0.04799816;-0.48096094;0.08285643;-0.32293218;-0.00780041;-0.12304697;-0.31000233;-0.55428636;-0.045948356;-0.12058267;0.031707253;-1.0787417;0.5095256;0.18865088;-0.28267118;-0.3647278;-0.16120517;0.06807271;-0.1668495;-0.28419694;-0.08651658;0.14593235;0.2965319;-0.23631698;1.2371502
-0.48889068;-0.30097312;-0.20170665;-0.3070795;-0.52510333;-0.529941;0.018251903;-0.030552913;-1.3514177;-0.14612183;-0.31246027;0.13961816;-0.04946818;0.33030573;0.32980332;-0.01232246;0.081577286;0.020892939;-0.8740897;0.53223425;-0.42120245;0.09207956;-0.30515853;0.122543715;0.34569025;0.013696805;0.26543477;-0.26542196;-0.40371424;-0.37039262;-0.26836467;1.2100774
-0.30507;-0.16496764;0.14859647;-0.25357977;-0.29887137;0.2840812;-0.95280623;-0.08644535;0.35410964;-0.0039053836;-0.03817968;-0.9566562;-0.28428185;0.31304207;-0.09682758;0.03323732;-0.27891263;0.02173243;-0.55991894;0.2675137;-0.44655123;-0.22511986;-0.46246377;-0.10087133;-0.043614216;0.02573242;-0.7045232;-0.044742305;0.40055388;-0.004919501;0.29544035;-0.7344058
-0.4576583;-0.34026778;-0.17538449;-0.5016663;-0.39068365;0.040766217;-0.4056904;-0.13639978;-0.31245562;-0.13731603;-0.20425965;0.16780694;-0.1972753;-0.8542762;0.3237667;-0.06460894;-0.09364297;0.020436026;-0.92188257;0.5940418;-0.4981518;0.13025098;-0.34509158;-0.13464242;-0.6501627;-0.017358212;-0.67114615;-0.22134762;0.18888828;0.08311474;-0.103361085;0.81552243
-0.26018837;-0.16210595;-0.13390243;0.76307595;0.07695923;-0.5438559;1.0425419;0.0315066;-0.23181638;0.19038627;0.037142914;-0.5649465;0.11178733;0.27967414;-0.15893486;0.078577936;0.09930383;0.044585757;-0.5115739;-0.15498103;-0.10490432;0.13388163;-0.23826967;0.011736613;-0.020116303;0.009038473;0.22124994;0.2934214;-0.5376283;-0.049274966;0.28869507;-0.3601974
0.0943822;0.5140351;-0.21954696;-0.5310585;0.08029131;-0.256108;-1.1966473;0.09198941;0.29004666;0.14742361;0.20421778;-1.227842;-0.047237065;-0.61172295;-0.22789559;0.020504862;-0.008563138;0.03895898;0.05027112;-0.9377592;0.13009168;0.06154743;-0.29269704;-0.019193484;0.0031210766;-0.15409471;-0.32645357;-0.1003056;0.2704996;-0.3753508;-0.35740665;1.2684054
-0.5551143;0.7134079;-0.13103834;-0.21003516;0.0864795;-0.79369116;0.065268315;-0.042430118;0.38718006;0.025401348;-0.016712941;-0.15813702;-0.19701847;-0.17065299;-0.4576214;0.04247105;-0.26580372;0.0328139;0.035355505;0.4514167;-0.0042735394;-1.3038917;0.2854294;-0.24665983;0.18273494;-0.03878924;-0.2493969;-0.3347995;0.16514681;0.07030247;-0.6686973;-0.94145054
0.03428255;-0.845881;-0.14072964;-0.10498069;0.006144964;-0.7199708;-0.27489704;-0.07631758;-0.49750963;-0.1587501;-0.27600816;-0.13015807;-0.22329335;-0.37125322;0.3950875;-0.08507778;-0.05028182;0.024826555;-0.20430917;0.58173805;-0.2525318;-0.2384912;-0.3815251;-0.24436438;-0.094925374;-0.23769827;-0.11752029;0.16202086;-0.20628484;0.16833757;-0.3296609;0.6073036
0.14322886;-0.39273512;-0.124774896;-0.08609445;0.10135937;0.5220579;0.31277806;-0.052452095;-0.19107598;0.17054921;0.11799687;-0.0064587668;0.049504522;-0.07549519;-0.07860487;0.035393264;-0.0398777;0.045552384;0.49026194;-0.96139884;-0.050260518;0.22259386;-0.2260677;-0.14968115;-0.26762575;-0.07149083;-0.13080284;-0.03540647;0.20483378;0.30657804;-0.2860286;1.2634221
0.20268837;-0.33557776;-0.09650862;-0.7919108;0.06768297;0.4022853;-1.1166157;-0.0287311;-0.3082326;0.06315561;-0.2669304;0.7125952;-0.14987929;0.5512925;-0.19352679;-0.0021415171;-0.030423583;0.02313701;0.09259878;0.7339535;-0.011463581;0.10761727;0.33540708;-0.21129066;0.03423216;-0.26403806;-0.3319432;-0.49962282;-0.06288737;0.07034032;-0.39635596;-1.0403813
0.13106555;-0.32704696;-0.22771706;-0.9790622;0.019764096;-0.27157643;-0.8967318;-0.035754714;-0.30132258;0.016687501;-0.3858374;0.08166617;-0.14468299;0.036585692;-0.23244138;0.013245816;-0.021983938;0.027508767;-1.0924755;0.5209142;0.09205101;-0.20835413;0.5842004;-0.015456393;-0.003641901;-0.12969689;0.033325024;-0.47255164;0.34831572;-0.3986293;0.1199691;-0.927758
-0.10520894;-0.17857307;0.18171638;-0.4023651;0.04792211;-0.42138535;-0.34231573;-0.01740323;-1.3379546;-0.16808164;-0.25119126;-0.87083316;0.0133226365;-0.90089256;-0.31507507;0.05587412;0.038711745;0.029266953;-0.22313765;-0.8885155;-0.14904986;-0.033097584;-0.33937004;-0.08613649;-0.102224715;-0.050632186;-0.1749092;-0.33516648;-0.71576303;-0.174562;0.07992127;-0.8578152
-0.6688245;0.70134586;-0.21808085;0.38426146;0.09028952;-0.7319373;0.09935281;-0.04175947;-0.3391433;-0.099394396;-0.14928162;0.08948548;-0.13269734;-1.6564659;-0.12283172;0.023230778;-0.07368632;-0.2590337;-0.25752154;0.5193777;-0.57144374;-0.18390548;-0.28860837;0.15625934;0.17590107;0.0035846746;0.36283293;-0.7454606;-0.47251162;-0.6185809;-0.4536913;-0.96584934
-0.3756686;-0.18236715;-0.23925257;0.34605727;-0.37236968;-0.46943644;-0.46554092;-0.13306384;0.23898734;-0.11203194;-0.14891145;0.08794553;0.026504962;-1.2914538;0.3860285;-0.071440704;-0.07796867;0.029792001;-0.53262585;-1.128333;-0.4632018;-0.2739768;-0.39354417;-0.17055917;-0.724486;-0.11206514;-0.14327526;-0.25712922;0.34217453;0.05713257;0.012649543;0.6485087
-0.011613255;-0.45132115;-0.1834507;0.38487056;-0.4009527;-0.30973426;0.73165905;-0.06118422;-0.36017838;-0.05465547;-0.39061803;-0.09215863;0.011934911;-0.03862936;-0.26754194;0.0009430905;-0.074430756;0.03564386;-0.62069595;-0.99659854;-0.008347191;-0.17636496;-0.25981697;-0.09835378;0.04301555;-0.1109722;-0.4079621;0.14643688;-0.17378202;-0.47027656;-0.6194288;-1.0707945
0.08193543;-0.17448983;-0.06352904;-0.13420042;0.14425221;-0.055588268;-0.7159042;-0.046941675;-0.14261436;-0.1538184;0.41271967;-0.041284546;0.071030885;-0.23152585;-0.17097335;0.048624557;0.08618399;0.04485964;0.9316493;-0.55489784;0.01570416;-0.15838413;-0.38616833;0.103907354;-0.060518533;-0.16550288;0.41175365;0.6752411;0.19893594;-0.3810541;-0.13274083;-0.61929435
-0.33812618;-0.25216648;-0.08529494;0.36909464;0.0935224;-0.29640934;-0.12586623;-0.0006445368;-0.27863768;0.10623826;-0.17850311;0.9974201;-0.149965;0.061581396;-0.32144266;0.040126517;-0.10402868;0.028756337;0.6396698;0.8368445;0.10073479;0.1968188;-0.15991452;-0.27500114;0.18502697;0.009565741;-0.15060693;-0.20585975;-0.42029744;0.3273591;-0.12543103;-0.79287827
0.113627695;-0.31812623;-0.07586797;-0.23033382;0.05915928;0.4583539;0.59221715;0.05079429;0.19755296;-0.13364892;-0.022412237;-1.3257037;0.0056658164;-0.43303102;-0.5575935;0.045878183;-0.15946391;0.04096141;0.48916802;-0.6172977;-0.07642313;-1.1911961;-0.21383934;-0.16723317;0.038665507;-0.053151857;-0.12715414;-0.19873418;0.11977417;-0.026061058;-0.1940507;-0.74761426
-0.46704152;-0.2590609;-0.047914304;0.07232712;-0.44975224;0.4984751;-0.9782596;0.005616076;-0.24880436;-0.026480932;-0.10151944;-0.09453215;0.1872903;-0.7490996;-0.08107422;0.03917404;-0.2519546;0.02623014;0.8050695;0.42038283;-0.10100843;0.5314804;-0.42255667;-0.24256162;-0.31896886;-0.32837957;-0.14845613;0.46283105;-0.26679757;0.2774641;-0.2785188;-0.8171398
-0.38197187;-0.28682303;0.31930554;-0.6579028;0.049109366;-0.011621158;-1.2305402;-0.16357754;-0.3215508;0.12789422;-0.0014065497;0.7130206;-0.19190668;-0.311061;0.480501;-0.0012835091;-0.17398235;0.028482212;-0.0971982;0.41875854;-0.07060954;-0.23010546;-0.5073568;-0.12962343;-0.10094041;-0.02976611;-0.02574901;-0.06414849;0.30489236;0.2552853;-0.44818115;-1.0719328
-0.012826428;-0.6844567;-0.11691701;-0.46767077;0.059854094;0.06938329;-0.38222852;-0.07906963;0.8068323;-0.11484285;-0.042813282;-1.165349;-0.0019292363;-0.8376106;-0.46633765;0.033800475;0.01105155;0.032283917;0.51090705;-0.87332135;-0.12791643;-0.7813389;-0.2751528;-0.06793341;-0.33347186;-0.12378396;0.11229724;-0.086539745;0.1192089;-0.08332966;-0.33122292;-0.86629754
-0.33905143;-0.29524192;-0.32510498;0.21082182;0.13351052;-0.15393423;-0.91998863;-0.19224434;-0.34020963;-0.14694451;-0.41083494;0.71339315;-0.021701196;-1.3924589;0.016069403;0.0039542727;-0.019925645;0.022950578;-0.018981421;0.5852898;-0.60822856;0.19797407;-0.27724224;-0.14751594;0.054962795;-0.262291;-0.24706207;-0.30557153;-0.14820841;-0.5671392;-0.18353294;1.2637955
-0.31465033;-0.26508576;0.26218754;0.6207137;-0.5357659;0.40966964;-1.0691977;0.07971714;0.38012388;-0.09639112;-0.076980874;0.22339545;-0.19840775;-0.32252625;-0.08690932;0.016998693;0.0028081452;0.029093418;-0.099232346;0.6557747;-0.015447237;0.17925842;-0.3154257;-0.15853505;-0.00081431447;-0.24142799;0.34541133;0.019022707;-0.20465806;0.0872407;-0.090949826;1.1977357
-0.22283395;-0.29106203;0.25631517;-0.29234844;0.15909898;0.22205926;0.17594543;-0.01938434;-0.23013282;-0.047788683;-0.028010909;0.22365372;-0.08233356;-0.19370142;0.45194328;0.016311534;-0.20578986;0.03135145;-0.039247625;0.6210097;-0.016737588;0.20419432;0.32481652;0.034061015;-0.19860369;0.008532874;-0.0144544635;-0.124252886;0.3508945;0.19504215;-0.22875269;1.0345501
0.13464536;-0.25483388;-0.21074623;0.55603135;-0.3665988;-0.54798955;0.20182362;-0.067693755;-0.2977163;-0.06890883;-0.20029554;0.5649664;0.028358633;-0.7347081;-0.20636553;-0.05980697;-0.11390544;-0.3525219;-0.5255182;-0.8280491;0.013133056;0.14358045;-0.3155243;-0.08494015;0.26173437;-0.06230551;-0.20240973;-0.3823152;-0.5536803;-0.4066592;-0.35247537;0.996688
-0.25622034;-0.5208614;-0.12933496;0.21540289;0.01995774;-0.22895032;0.5343605;-0.15499394;-0.43763337;-0.13865778;-0.16939953;-0.16151877;-0.1308838;-0.22867917;-0.52831995;0.015007389;-0.07890934;0.027283702;0.53351206;0.6400406;-0.0342477;-1.3087364;-0.19580598;-0.17861758;-0.39454213;-0.2754198;-0.21628168;-0.66449225;-0.17385675;0.102941126;-0.41023487;-0.86690193
-0.070103385;-0.8019131;0.11094635;-0.7055177;-0.24182048;0.12886895;-0.7786912;-0.031713743;-0.33360338;-0.07317974;-0.09672481;-0.14059214;-0.05679399;-0.028496802;-0.19107147;-0.018019821;-0.27452603;0.03743117;0.5357368;-1.2661177;-0.03905547;-0.75669855;0.4054834;0.0062162094;-0.40657246;-0.040937785;0.077679984;-0.23691587;0.4601002;-0.2034565;-0.1695647;0.6863497
-0.26989853;-0.6495875;0.081673115;0.077103585;0.057243638;-0.64131266;-0.28261414;0.017820502;1.0391786;-0.10194628;-0.04372873;0.18202806;-0.22335842;-0.8987085;-0.22486852;0.04295139;-0.20690632;0.025894165;0.42937326;0.6891025;-0.37670943;-0.11782743;-0.39398935;-0.27503094;0.05578156;-0.018292995;-0.58854663;-0.30704105;0.22854078;-0.3525691;-0.2652259;-0.85735005
0.13385609;0.7864437;0.100630894;-0.6988126;0.13093153;0.0625134;-0.87925;0.0092502525;-0.2974648;0.15732187;0.15400356;0.22461973;-0.08031936;0.30835634;-0.15975858;0.075706005;-0.013891607;0.02194726;0.5702736;0.557181;0.041815467;0.14743702;-0.47366175;-0.07890092;0.024677085;-0.13441317;-0.25012517;-0.017309858;0.17221351;-0.37560126;-0.126964;1.4798832
-0.45044908;-0.35806072;-0.1177615;-0.17254013;0.0976754;-0.06572106;0.75519115;-0.037623584;-0.4244238;0.09432274;0.2617697;0.8213251;-0.01617765;0.2957304;0.2201478;0.03346031;0.032697074;0.030295305;-0.031009013;0.52975196;-0.075268276;-0.17016418;-0.3848376;-0.12033248;0.113376185;-0.23379004;-0.34807122;0.14514689;0.062307075;-0.07585666;-0.17270845;-0.7398758
-0.31762016;-0.47612733;-0.15121295;-0.5496971;-0.04184844;-0.045546833;-0.4263924;0.033293128;-0.44811344;-0.046237323;-0.21217959;-0.102896154;-0.026016925;-1.0032061;-0.43537286;-0.055761874;-0.09726025;0.022768015;-0.61333346;0.53364384;-0.5040083;-0.29482177;0.37549442;-0.11358656;-0.4383813;-0.2645653;-0.5462544;-0.18690982;-0.13425303;0.124672055;-0.12719822;0.6648356
0.2698333;-0.121241175;-0.24524459;-0.3159479;0.054361794;-0.29241687;-0.81726265;-0.08847218;0.7980447;-0.042736504;-0.16010533;-0.08063168;0.07293872;-1.0523936;0.11082272;0.056463014;-0.21527852;0.030753825;-0.36696848;-0.76923656;-0.3798062;-0.7419565;-0.3593919;-0.07290518;-0.66679597;-0.06810285;-0.7550688;-0.30868924;0.30035284;0.044727623;0.54053384;-0.6001064
-0.054043878;-0.24504241;0.34783483;-0.15795086;-0.35026374;-0.097709484;-0.7529513;0.028676819;-0.2247194;-0.09159434;-0.074087076;0.04847594;-0.18621571;-0.7316333;0.47342432;0.0034776614;-0.22789988;0.0242395;0.36694247;0.4314541;-0.51937926;-0.25398037;-0.33691287;-0.12202555;-0.05453683;-0.018679164;-0.1437185;-0.33202899;0.35015643;-0.6321503;-0.4982411;-1.1644326
-0.38175446;-0.8933546;-0.16263992;0.24944918;-0.005479745;-0.24279371;-0.4487423;-0.031362187;-0.3973449;0.046385583;-0.3049013;-0.27492476;0.042993315;-0.45623326;0.22172421;0.024736179;0.009878988;0.03857748;0.010102706;-1.3517632;0.016825609;0.40689418;-0.3050911;-0.17346592;0.04913988;0.033975963;0.30482602;-0.4403959;-0.6625661;0.36893952;-0.43286103;-1.1248649
-0.3855026;-0.2752615;-0.11992737;-0.1299677;0.03921409;-0.20155677;-1.1678069;-0.106419235;-0.2542717;0.12474993;-0.045303244;-0.98828727;-0.057606;-0.14284486;-0.55109656;0.051600356;0.039602898;0.032422148;-0.4963634;-0.7731972;-0.10482083;0.45273104;0.35580522;0.094571546;-0.13002986;-0.35933995;0.20830472;-0.31756434;-0.31659874;-0.06682951;0.053082142;-0.591658
-0.3339819;-0.2541297;-0.22238053;-0.5562332;0.05692807;-0.24107644;-0.18828751;-0.07187027;-0.32526967;-0.17945743;-0.19849561;-1.370644;-0.08934388;-0.5347154;-0.2558114;0.033776138;-0.19283079;0.025180878;-0.17579147;0.5325832;-0.055388562;-0.10198032;-0.47774926;0.053491153;-0.2691785;0.09771955;-0.21419303;-0.18053947;0.5030218;-0.28632945;0.10640491;-0.8912591
-0.28257763;0.72360396;-0.05750586;-0.83347833;0.11245953;0.18458173;-0.4366394;0.03730353;-0.33529994;-0.1444457;-0.18567374;0.74568784;-0.0022615152;-0.45916378;-0.42781505;0.060489066;0.06399184;0.03281462;-0.86519843;-1.0360494;-0.13552554;0.054294962;-0.24738552;-0.024937823;-0.14413776;-0.20034997;-0.1271647;-0.76918477;-0.14791082;0.07110539;-0.500684;-0.8165798
-0.37906134;0.8116909;-0.1690745;-0.35249272;-0.64292717;0.047410913;-0.3167951;0.013812727;-0.389197;-0.20242871;-0.31227753;-0.07548347;-0.14246461;-0.71244806;-0.16711484;-0.05664702;-0.027493868;0.021893365;0.047460347;0.66374433;0.0065321214;-0.19457358;-0.36559764;-0.08245391;-0.3113025;-0.30971232;0.056574054;-0.6645305;-0.370691;-0.62665904;-0.3222197;0.9913276
-0.05985159;-0.24624318;0.40647668;-0.2712762;0.09390392;0.05813415;-0.37929836;0.035794944;-0.32951573;-0.14815871;-0.19087361;0.08389281;-0.02634525;-1.2786596;-0.20741422;-0.05130503;0.14268818;0.025420753;-0.017257461;-1.2379395;-0.38072276;0.14865342;-0.22034727;-0.03358764;-0.8978245;-0.18299592;-0.7896149;-0.24481499;-0.66866076;-0.24125831;-0.21537556;1.0798477
-0.46172583;-0.44759214;0.14629045;-0.46297997;0.089492895;0.035425294;0.29417035;-0.0022536945;-0.37999228;-0.120261624;-0.15771128;0.68147886;-0.014682201;-0.56589013;-0.1517136;0.053673822;0.17186058;0.040680546;-0.60524064;-0.88257354;-0.0479088;-0.20098989;-0.20357911;-0.1421797;-0.20306846;-0.22095852;-0.12770791;-0.23040597;-0.3636033;0.22408925;-0.45957607;-0.8183551
-0.21955898;-0.31038356;0.112470955;0.5874451;0.07974865;-0.6370112;-0.33288553;-0.15274577;-0.47648948;-0.102927506;-0.10055579;0.5812459;-0.19626378;-0.9015745;-0.21411495;0.03552517;-0.3131665;0.028719671;-0.80183685;0.4710686;-0.101453274;-1.1288289;-0.41669255;-0.11015606;-0.32794356;-0.047574237;0.05941056;-0.3008479;0.31862321;-0.32373393;-0.581403;-1.064181
0.103658564;-0.23494826;-0.17360401;0.31004244;0.07284701;-0.08191701;-0.9546465;0.07289085;-0.38234237;0.02706402;0.28141233;-1.2841035;-0.031553786;-0.47218776;-0.05361479;0.029085042;0.036755912;0.04136948;-0.1830586;-0.6891628;0.008461922;-0.7453012;0.35644034;-0.120419316;-0.0062513147;-0.25689816;-0.37210697;-0.428646;-0.09629083;-0.3597424;0.16593148;-1.0176488
0.0019139878;-0.11354656;-0.14395554;-0.19562978;-0.21014175;-0.46911132;-0.22618335;-0.08848841;0.3646024;-0.045849048;-0.13021156;0.5551319;0.09860896;0.030741796;0.44528356;-0.05867618;-0.13540563;0.02489919;-0.46372336;0.4979851;-0.39828438;0.6030319;0.42938963;0.014594309;-0.6632038;0.004412566;-0.46980932;-0.024511488;0.31154096;-0.08169496;-0.23245779;0.68095535
-0.45355195;-0.411988;-0.15149736;-0.7909031;-0.38230726;-0.07975135;0.04370019;-0.038269676;-0.25107896;0.037621252;0.25816748;0.1143114;-0.0658238;0.058950964;-0.09580239;0.03174761;-0.24020694;-0.41531613;-0.12900837;-1.0568899;-0.013709873;-0.24910083;-0.31511268;-0.20668045;0.05463688;0.090826966;-0.37992728;0.28859696;-0.3991977;0.18235987;-0.4957973;-1.0934526
-0.32050407;0.6824641;-0.022070775;-0.30873716;0.09895435;0.2177735;0.57227165;0.12289915;-1.5249528;-0.0914422;-0.15006036;0.50207;-0.069479235;-0.26188505;-0.12389382;0.0612836;0.12416714;0.031100478;-0.6612758;-0.90350896;-0.28872225;0.09589353;0.22786778;-0.33128208;-0.21116048;-0.04930271;-0.8275334;-0.14311564;0.2305029;0.10885129;-0.26335904;-0.71318114
-0.064994685;-0.27366945;-0.18142301;-0.3409938;0.034831397;-0.17742516;-1.0940166;-0.003479898;-0.27324566;-0.010358836;-0.1775772;-1.1345167;-0.29807478;-0.34129918;-0.15446493;0.020768365;-0.01449293;0.027788904;-0.19149105;0.2992458;-0.19659448;0.0644892;-0.41212776;0.0973299;-0.60799575;-0.1023455;-0.20634945;-0.0045276918;-0.71740407;0.054542214;-0.059756342;-0.6553987
0.04596045;-0.30572942;0.111698866;0.27651113;0.0640068;-0.27536318;-0.37538162;-0.089104086;-1.4532982;0.008600015;0.35592458;-1.049959;-0.0286965;0.029725684;0.24030933;0.030833421;-0.12482803;0.038118657;0.02854958;-0.86410683;0.041455694;-0.05373494;-0.29059842;0.21739186;0.18983783;0.05776459;0.46463877;0.09657913;-0.35359716;-0.19373403;0.08105087;-0.83832246
-0.28243265;-0.32387573;-0.27829775;0.27350184;0.022725038;0.398804;-1.1222844;-0.012581307;0.26784223;-0.08809677;-0.22365487;0.11745965;-0.24475479;-0.88819754;-0.07036993;0.016663887;0.11421904;0.022764243;0.0017028982;0.62017375;-0.42800075;0.33742568;0.38662863;-0.27173886;0.00082458963;-0.013075219;-0.28984797;-0.20785369;-0.6455021;-0.8066257;-0.314895;-1.0266623
0.21229388;-0.8506276;-0.14328407;-0.62152565;0.063506946;-0.07783856;-0.94364065;-0.0626096;-0.32326704;0.05844869;0.30523354;-1.2176205;-0.07324284;1.0835463;-0.16054398;0.01589142;0.060014248;0.018942304;-0.13612472;0.42480412;0.18771943;-0.7085742;-0.45225176;0.31339195;0.27011752;0.047512926;0.50293297;-0.17933097;-0.32474312;-0.27918425;-0.17447804;-0.9082742
-0.46211138;-0.17541784;-0.19720273;-0.7531478;0.060263574;-0.3151449;-1.2398564;-0.058460947;0.11812444;-0.1694956;0.22466764;-0.9735068;0.037258554;-1.0284432;-0.4306445;0.06119175;-0.06886759;0.02833456;-0.044733472;-0.70282173;-0.20518199;0.43916366;-0.33778712;-0.02937327;-0.17646061;-0.0035855777;0.40324384;-0.037078474;-0.60986674;-0.0779062;-0.08741112;-0.757155
-0.028838683;0.5539673;0.20091692;-0.63734466;-0.029964566;-0.24316914;-1.1121167;-0.030446209;1.0766827;-0.106509216;-0.16863067;-1.5160967;-0.049269002;-0.5364156;-0.1084502;0.020325396;-0.2734374;-0.3726901;0.027380167;0.57906973;-0.1679432;-0.09989567;-0.435378;-0.20577732;-0.018633667;-0.010177579;0.28507954;-0.035387933;-0.63246995;0.1873998;-0.49861306;-0.902093
-0.042302262;-0.21072564;0.1431065;0.53098667;-0.47841942;0.35711408;0.52460235;-3.844261e-05;-1.1915572;-0.0720907;-0.020245774;-0.02234352;-0.1260194;-0.86004907;0.38315108;0.009403412;-0.03528804;0.025079472;-0.06339128;0.6278361;-0.43557432;0.18002781;0.3528745;-0.13354512;-0.1461141;0.007838594;-0.22621106;-0.022481004;0.18483965;0.22861971;-0.21525227;1.1696026
0.17490989;-0.27306885;-0.26355305;0.25946456;0.039551068;-0.026010761;-0.7276521;0.0166143;-0.079833485;-0.08994451;-0.17405136;0.12349939;0.032553434;-1.1710141;-0.0071460195;-0.00050698477;0.040768117;0.02988672;0.37733525;-1.1340342;-0.34867707;0.50860316;-0.2687389;-0.0635873;-0.995902;0.09403123;-0.6869237;0.0051824786;0.33081967;-0.012747096;-0.29341215;0.96846586
-0.07620566;-0.72683936;-0.13736367;0.50470036;0.0005749037;0.47040254;0.79055154;0.038493738;0.28288168;-0.03124867;-0.4191134;-0.18947834;0.024518047;0.45464572;-0.15308833;0.016841557;-0.2661783;-0.49163535;-0.152027;-1.3381631;0.0003038831;0.096861094;-0.19566192;-0.34387237;-0.23675486;0.06701315;0.4015561;-0.37109992;-0.6809023;-0.56823504;-0.31184316;-0.986597
-0.25362492;-0.21941534;-0.20903905;-0.54349697;0.094900295;-0.58730555;0.0637235;-0.0077926107;-1.2664323;-0.14210296;-0.016269933;-0.14615256;0.0040155826;-0.8402001;0.49248916;0.056486193;-0.2722177;-0.38058072;-0.005163645;-1.1829212;-0.18792565;0.48933098;-0.27586344;-0.10159395;-0.7483715;-6.374775e-05;-0.398263;-0.33699322;0.2782597;0.13520987;-0.48164696;-0.7529413
-0.06876564;-0.31243506;-0.10546404;0.046547543;0.056025747;-0.6564727;0.17094825;-0.11619732;-0.26614583;-0.15147318;0.021578828;-0.10895181;-0.00529885;-0.90084904;0.15155925;0.027792154;-0.11232982;0.042767458;0.41323817;-0.8613707;-0.06714115;0.4064865;-0.2753143;-0.26898286;-0.3821195;-0.08761103;-0.14202234;-0.15507941;0.14678179;0.077381775;-0.41495848;-0.87080365
0.19760206;0.67680675;0.14054856;-0.4131581;0.097183086;-0.12590827;-0.26770774;-0.07356337;0.44616038;0.0990068;0.36578915;-1.2416371;-0.032026507;0.24572603;0.4091947;0.044949252;-0.054342743;0.029707232;-0.029223954;0.5919051;0.23469357;-0.12280213;-0.36019278;0.25798342;0.21053629;0.04751356;0.43557683;-0.014108089;-0.3982816;-0.06466112;-0.38807043;-0.7734736
-0.20300634;0.7151674;0.16564433;0.6076344;-0.382698;0.2867111;-0.96179557;0.033930253;-0.24726704;-0.11247958;-0.09787177;0.1993723;-0.017743515;-0.26103196;-0.49564555;-0.020317346;-0.031285442;0.03405354;-0.15820561;-1.133769;0.12574865;0.40489832;0.48044622;-0.06477907;0.017119875;0.063469686;-0.21770078;0.022518588;0.49198586;0.23086475;-0.0032472163;0.8907096
-0.5123218;0.88102734;-0.20744133;-0.25692007;0.06877653;-0.28350824;-1.1479483;0.00017828401;-1.29028;-0.012177201;-0.44764006;-0.035775743;0.049898747;-0.04979137;-0.25651932;0.0034911565;0.05388263;0.030503646;-0.63318515;-1.2229614;-0.046783093;0.02720021;-0.35074925;-0.12027657;-0.03788443;-0.0585106;-0.2961653;-0.005659098;-0.71682507;-0.55184305;0.055919886;-0.95913124
-0.3533463;-0.28159136;-0.13919725;-0.5325836;-0.27053493;0.44027442;-0.26608682;-0.090372875;-0.4121422;-0.14976345;-0.057097558;-1.1645042;-0.21318083;-1.0360368;-0.29636347;0.04106311;-0.086481996;0.021672668;-0.7331812;0.33750892;-0.30234626;0.009643151;-0.44562316;-0.15426551;-0.5066699;0.005714047;-0.572905;-0.15236342;0.30158198;-0.126379;0.22748907;-0.823964
0.020403052;-0.41287747;0.1292227;0.3528287;0.08322314;-0.19104539;-0.12099547;-0.07600561;0.32879588;-0.17297262;-0.33201826;0.5371613;-0.004004349;-0.49854556;-0.24443617;0.026339186;0.07923028;0.03730579;-0.10167709;-1.2360822;0.004166453;0.414035;-0.24966177;-0.3440418;-0.11597834;0.03968303;-0.22926687;0.21936348;-0.5866269;-0.6401649;-0.38338688;-0.98015773
0.05094986;-0.18446843;-0.18324707;0.63181496;-0.16809183;-0.31303513;-0.73059803;0.02772273;-0.29644585;-0.113471195;-0.13039187;0.07185129;0.057752825;-0.6452465;-0.122703284;-0.034141194;0.045616873;0.040340554;-0.4381748;-0.741148;-0.0050654346;-0.170602;0.5261717;0.05239818;0.13680199;0.06312277;0.10565621;-0.18452056;0.6871359;-0.17834195;0.60092336;0.9493475
-0.32394612;-0.374045;0.1420121;0.43893197;-0.50124997;-0.20535009;0.7851033;0.04123654;0.35183942;-0.16758683;-0.14931661;-1.4286255;-0.038220026;-0.7801012;-0.08383409;-0.0076772985;0.04635447;0.042421736;-0.5398547;-0.764194;-0.0649091;0.08904801;-0.32349187;-0.28036752;-0.032010496;-0.29567605;-0.10074068;-0.12553373;-0.36969295;0.095854655;0.005096185;1.1854078
-0.4762129;0.74178016;0.04980676;-0.54835314;0.08893977;0.324452;0.17419347;-0.004818134;-0.4667733;0.014695017;-0.04894827;0.14457218;-0.07254791;-0.21358287;-0.1871907;0.04607764;0.08931763;0.032076623;-0.020348495;0.32695505;-0.21861787;-1.0385245;-0.15813383;-0.15000066;0.026152652;-0.0119043235;-0.19836493;-0.26896414;0.12737314;-0.54916227;-0.32861355;-0.97664976
-0.3844163;0.754885;-0.3069718;0.41089714;0.07764336;-0.14225537;-1.177343;-0.11572648;-0.23161559;-0.16669723;-0.18105294;-1.3302892;0.06927418;-0.8956253;-0.08843094;-0.032572713;-0.17693077;0.034798887;0.6285632;-1.0515244;-0.16974525;-0.23480734;0.3071082;-0.1185299;0.013819418;-0.023174435;-0.2249572;-0.24641776;0.3885954;-0.13052107;-0.10434321;0.7051184
-0.47433823;-0.3127715;-0.21703874;-0.23633496;0.043806236;-0.24034607;-0.33693644;0.010954585;-0.41449645;0.10337288;-0.33980572;-0.049126443;-0.12932926;-0.34643245;0.43830886;-0.010619189;-0.016956903;0.028274763;-1.1458411;0.49859196;-0.02309849;0.09717779;-0.3337687;-0.17511323;-0.029127501;-0.33068585;-0.20992571;-0.13185774;-0.40811023;0.31506625;-0.45352152;1.2964884
0.028327374;0.65152234;0.025825832;-0.23650089;0.047325723;-0.11901305;0.20458563;-0.043154795;-0.42973906;-0.08952416;-0.11646052;-1.7181633;-0.09460155;0.051363252;0.5402448;0.012885729;-0.15933102;0.03311302;0.48707524;0.28673294;-0.036301404;0.10175017;-0.29938093;-0.28128695;-0.14608473;-0.31885403;-0.20218576;-0.37537524;-0.30043456;0.12487228;-0.28658468;-1.0328941
0.04525254;-0.37764764;-0.030321646;-0.59947205;-0.048034642;0.3643686;-0.37842548;-0.05735663;-0.42883012;-0.113614514;-0.13257605;0.1785124;-0.021009455;-0.551158;-0.5507665;-0.047958665;-0.0958687;0.036215805;0.62794685;-1.265696;0.05751264;-0.21144009;0.19328605;-0.074487865;0.07724769;-0.17939623;-0.1423031;-0.7138558;-0.14140262;0.35897297;-0.09091784;0.6640596
-0.47381398;-0.6836602;-0.15642606;0.2927906;0.07013345;-0.0764953;-0.48498687;-0.0321637;-0.34768954;-0.040925078;-0.035863854;-0.25984547;-0.0071816025;-0.68045676;-0.10324895;0.04288643;-0.17053382;-0.34772453;-0.06844891;-1.1140597;-0.043299004;0.10608371;-0.2657484;-0.25349572;-0.08206698;-0.036966365;0.07658563;-0.58972317;-0.69674206;-0.21300472;-0.36234602;-1.004401
0.049096018;-0.53682226;0.15027232;0.39199057;-0.015950346;-0.2689432;0.6576954;-0.04877359;-1.6380546;-0.1254296;-0.17092957;-0.113398455;-0.12687705;-0.86589205;-0.21509549;-0.009010468;0.003961914;0.034718785;0.023702592;0.580505;0.032468513;-0.14530113;0.21404682;-0.16936694;0.029408107;-0.28015888;-0.2945148;-0.24777286;-0.1121755;0.08957543;-0.3204259;-1.129422
-0.11677955;0.69409925;-0.2974532;0.314831;0.020663273;-0.5000076;-1.0143875;-0.14546537;-1.2570605;-0.031267446;-0.23234206;-0.0205521;-0.02017233;-1.235385;-0.13716623;-0.058941644;0.102053545;0.025532247;-0.045702763;-0.9917187;-0.41163787;-0.19308613;0.27343485;-0.20888637;-0.018921936;-0.010172703;-0.30515063;-0.10258554;-0.6973109;-0.306656;-0.0010033697;0.71447206
-0.41722214;-0.23503551;-0.19194561;-0.37251353;0.02403327;-0.69834346;0.4631354;0.010905821;0.3679144;-0.1339332;-0.20145208;-0.19011529;-0.14270456;-0.49459365;-0.22383843;-0.048485372;-0.1974544;0.020765167;0.4896876;0.6210235;-0.52679014;-0.23265621;0.6347202;-0.26262325;-0.32371914;-0.29681984;-0.3583937;-0.27133313;-0.19016519;-0.58883554;-0.48787352;0.5688093
-0.07163815;-0.20518856;0.2103306;-0.11807127;0.07712135;0.40395382;-0.83678824;-0.21918151;0.35750985;-0.15176718;-0.10056437;-1.0156388;-0.058219716;-0.69338554;-0.1871528;0.0109863;-0.017936325;0.032315716;-0.8635351;0.53526753;0.06784501;-0.17519577;-0.38276753;-0.21267624;-0.035321645;-0.06185191;-0.041904405;-0.19373253;0.41615477;-0.18223198;0.059039358;1.3075703
-0.066182725;-0.26337606;-0.19510287;0.57046753;-0.30102232;-0.15815765;-0.6571768;-0.07648605;-0.21765934;0.11493926;-0.27018815;0.021621788;-0.09003602;0.36763614;-0.08662994;0.07118201;-0.1386032;0.019776616;-0.88486344;0.55214745;0.09798379;0.11358316;-0.4345034;-0.03341043;-0.00036494597;0.11684414;0.10483349;0.12426263;0.41651988;-0.22308943;0.17330195;1.2222135
-0.0072787544;-0.29738432;-0.12121626;-0.51694995;0.07405891;-0.28018647;0.73844296;0.029259382;0.3339407;0.025756214;-0.32563704;-1.6415225;-0.0941611;-0.544264;-0.55583227;0.033313572;0.06647508;0.032764155;-0.94686145;0.29703432;0.09241516;0.022035787;-0.25329658;-0.16254738;-0.07851871;-0.2381215;0.0738;0.002331078;-0.13412787;0.11131619;0.0013853023;-0.87440175
-0.3559692;-0.19485801;0.37579593;-0.045648914;0.022178538;-0.57390594;-0.34921068;-0.043556765;-0.3839581;-0.06198326;-0.20603856;0.60017216;0.067701556;-1.4622368;-0.3122468;0.07350525;-0.27734783;0.025534907;-0.21803334;-0.96114993;-0.4422785;-0.7393487;-0.2338767;-0.13013028;-0.1848058;-0.0072228303;-0.5288022;-0.40883002;-0.61213386;0.012044133;-0.51785415;-0.8718092
-0.58086705;-0.22419405;-0.08179394;-0.17267188;-0.35814747;-0.52186406;-0.32648963;-0.1822445;-0.46056703;0.09253892;0.20246062;0.9298937;-0.00967278;-0.07126856;0.24715461;0.045510143;-0.17570584;0.024878506;-0.06949402;0.6678357;-0.13763861;0.12711357;0.62368083;-0.285994;-0.102408566;-0.016369944;-0.13824001;-0.16906844;-0.5276133;-0.20244177;-0.4821544;-0.8178992
-0.4269272;-0.28417137;-0.12990014;0.21929687;0.0600871;-0.47101465;0.7845583;-0.04111787;-0.3725045;0.08266826;0.07976001;-0.29968253;-0.14866126;-0.21101834;0.08052096;0.03638688;-0.10128063;0.025279036;0.5299487;0.5563964;-0.03663653;-1.168008;-0.18976282;-0.104945585;0.038899627;0.027993878;-0.21108222;-0.41737595;-0.45934653;-0.17889114;-0.23347408;-0.9264517
-0.38118517;0.82761747;-0.19907834;0.48703882;0.058976606;-0.291448;-0.36112678;-0.011934683;-0.5239202;0.038656276;-0.22599038;-1.8262879;-0.15623623;-0.19561212;-0.15735088;0.036076255;0.103397004;0.028390262;-0.18009496;0.27380502;-0.2218647;0.08680143;-0.32351768;-0.12114411;-0.023641728;-0.17550458;-0.38336363;-0.23440236;0.17044343;-0.52395445;-0.3139692;-0.8871312
0.21899492;-0.33081084;-0.09794047;-0.69328946;0.12330948;0.4776928;0.85230595;0.044242777;-0.35909927;0.015654385;0.44241443;-1.4838287;-0.086738445;-0.33262393;0.107795134;0.015590853;0.14422542;0.041792184;0.024945969;-0.58799464;-0.004739484;0.08246673;0.092309505;-0.14226009;0.0068201236;0.07275139;-0.28522193;-0.31633896;-0.49779093;-0.26124224;-0.45930842;-1.0701549
0.17792352;-0.3638575;-0.0998136;-0.1991462;0.0120960735;-0.6671275;-0.19324458;0.06348584;-1.3398788;0.111824386;0.2037001;0.8614192;-0.1497932;-0.1623793;-0.34222257;0.020506782;-0.09000952;0.019340364;-1.0557731;0.58785224;-0.014730397;0.08626388;-0.29053724;-0.33029598;-0.32859147;-0.02611199;-0.11019881;-0.27396604;-0.43084407;0.1192989;-0.46214244;-1.005339
0.20414859;-0.2951222;0.27454138;0.5889732;0.0048847473;-0.5865638;0.08066936;-0.09694805;0.2919528;-0.051844575;0.059556734;0.47901347;-0.28590116;-0.45117188;-0.19824374;0.03639809;-0.1930742;0.029571328;0.3949891;0.5913228;-0.08569046;-0.18248862;0.28619385;-0.17829539;-0.89088935;-0.062191006;-0.5771475;0.08006757;-0.5444007;-0.37532726;-0.64802366;-0.6083938
-0.65623015;0.7832318;-0.1336531;0.41688237;0.103674926;-0.04095579;0.71421427;-0.08684332;0.32817924;-0.10589046;0.05459949;0.8147181;-0.06040313;-0.030348264;-0.037900314;0.030354869;-0.21515149;-0.3361769;0.42243212;0.64204746;-0.42536646;0.1447795;-0.22876845;-0.08534713;-0.11760305;-0.19025773;-0.23473632;-0.39559296;0.08266382;-0.10747108;-0.32100978;-0.69416595
0.22042517;0.66601354;-0.13378504;0.6161867;0.09230842;-0.5467199;-0.20574318;0.0021673443;-0.2078868;-0.05106951;-0.20467266;-1.0724736;-0.10866954;-0.41657147;-0.4123516;-0.0051567014;-0.054160684;0.025360642;0.7117284;0.56299055;0.10421592;0.41813195;-0.25327626;-0.09399665;-0.15054852;0.054276235;0.027224833;0.08045219;0.25824967;0.0524351;-0.20394576;0.936887
0.041054513;-0.15158764;-0.21029584;-0.5546198;0.012377436;-0.27132896;-0.68118477;-0.085803136;-0.20228733;-0.037759416;-0.17295812;-0.7995301;-0.20418218;-0.98070294;0.448638;0.049350765;-0.23773623;0.026574112;-0.48802242;0.30440947;-0.45285982;-0.24535541;0.37832844;-0.052213006;-0.030396344;0.1458296;0.0364951;-0.3161132;0.5211853;0.18434215;0.41570637;-0.8054668
0.21851675;-0.11245968;-0.17561826;-0.5594449;0.098981276;-0.5018975;-0.72133464;-0.1173515;-0.24518877;-0.10422504;-0.23530129;0.5439866;0.033074692;-0.76154166;-0.20348805;-0.068114094;-0.2867858;-0.33553877;-0.20948443;-0.9971798;-0.3612887;-0.34145492;-0.1640423;-0.067973346;-0.44508454;-0.23944075;0.10558207;-0.33000296;-0.06858674;-0.2903574;-0.13266411;0.8223201
0.27463502;-0.22992828;-0.21110645;-0.4701947;-0.21854682;-0.28885785;0.120048665;-0.0024153693;-1.2059093;-0.013790395;-0.15957734;-0.76279825;0.06392221;-1.158661;-0.20858422;0.066992;-0.020911139;0.025377242;-0.40595448;-0.6337637;-0.20434052;-0.119426474;-0.25594762;-0.20882587;-0.09751887;-0.06282128;0.2658689;-0.51280737;-0.68366385;-0.3918694;0.3012286;-0.61160105
-0.43724713;-0.2963059;0.20788172;-0.434508;-0.7613824;0.35855126;0.6795277;-0.07513543;-0.3447595;-0.16868782;-0.13774908;0.17113096;-0.193869;-0.38927978;-0.16221087;-0.0053330543;0.08266911;0.02118419;-0.98214644;0.47731844;-0.35280985;-0.22709139;-0.25632775;-0.20144926;-0.13539514;0.019184936;0.18050554;-0.14089553;-0.6169453;-0.16078477;-0.20036364;1.0790942
0.2835465;0.7599715;0.14838332;-0.7765989;-0.3357759;0.13430521;0.12921001;-0.000586028;0.8572806;0.106536;0.2741418;-0.047522295;-0.042009808;0.8992331;-0.12143062;0.011099974;0.0038753098;0.03151481;0.06419626;0.6783438;0.16986763;-0.13128714;-0.27312952;0.23304926;0.33219758;0.060365546;0.43637207;-0.09390732;-0.26807934;-0.38803828;-0.29130754;-0.7364396
0.11990468;-0.29724756;0.027639225;-0.21090136;-0.44278413;0.2687713;-1.3194067;-0.09544478;-0.28584146;-0.1820838;-0.29927418;0.64784396;0.03892979;-0.32516015;0.5437859;0.038517855;-0.17816678;0.03355586;0.050695263;-1.1910833;-0.018969236;-0.16336873;-0.36367235;-0.09325652;0.04976161;0.045790706;-0.29037297;0.23635598;-0.60815114;-0.13499576;-0.438342;-0.9158229
0.1821596;-0.4865446;-0.17529;-0.14355561;-0.5244727;-0.22335866;0.7842849;-0.04147107;-0.39688632;-0.16450363;-0.36104143;0.20472462;-0.14637382;-1.6582674;-0.11759325;0.0012622497;0.012841873;0.030203048;-0.2273706;0.5282313;-0.039546452;-0.22201243;-0.507291;-0.13254943;0.030789895;-0.21932618;0.27553084;-0.431746;-0.17558157;-0.21031588;-0.1309953;-0.82578266
-0.15740979;0.6782273;-0.13272856;-0.657708;-0.51740456;-0.43951264;-1.2562765;0.07898939;-0.2623659;0.0692424;-0.32057717;0.89812136;0.08719533;-0.32584575;0.43697828;0.011297124;-0.2379535;0.033979923;-0.19195531;-1.2104882;-0.18466389;0.10489618;-0.29429677;-0.083012365;-0.031508707;-0.2698481;-0.31219977;-0.13199142;-0.20637187;-0.03674084;-0.40367457;-0.90280527
0.21326582;-0.4135771;-0.16714253;-0.15879187;0.09090758;-0.14573629;0.7382282;0.031286296;0.41613793;0.100399114;-0.46443042;0.17714627;-0.033599112;0.8350593;-0.1537628;0.0005166409;-0.001694036;0.031983007;-0.051662114;0.7619191;0.11238324;-0.17100649;-0.38491884;0.19657505;0.4020629;0.094760954;0.42050034;-0.07715693;-0.40013903;-0.4748528;-0.021634987;-0.7442
-0.013534568;-0.48538134;-0.09515116;0.11025228;-0.026675086;-0.20150955;0.041336026;-0.1524222;-0.39223188;0.10317275;0.1976933;0.891932;-0.12128223;-0.016232358;-0.5517425;0.016660197;-0.17149879;0.033018198;0.11199608;0.68363076;-0.020650446;-0.18897043;-0.508784;-0.32585973;0.31648847;-0.23939705;-0.2322453;-0.4829146;-0.14769666;0.18765254;-0.24510604;-0.92345625
-0.5006535;-0.24913833;-0.15750505;-0.3326137;-0.33158147;-0.03981526;0.57033414;-0.05705222;0.29056814;-0.21826002;0.27750602;-1.4561927;-0.2125698;-0.91314757;-0.3196644;0.016622435;0.13185817;0.025143884;-0.08933639;0.4617523;-0.12081853;0.07937105;0.37115934;0.032751158;-0.1133694;-0.30843693;-0.25894633;-0.15507908;-0.36600015;-0.24108817;-0.37372518;-1.017496
-0.4380885;-0.34244955;0.031073425;0.38688114;-0.38828057;0.35719404;-0.33467546;-0.034344867;0.30088037;-0.11796538;-0.17416231;0.6221323;-0.0060802666;-1.0594116;0.16330971;0.02850913;-0.12801367;0.033683885;0.44099346;-1.2590696;-0.118459046;-0.11799844;0.2789909;-0.08213913;0.026094316;0.039721992;-0.2684757;-0.3295242;-0.739625;-0.44691744;-0.4272084;-0.9790551
-0.20490725;-0.27846256;-0.09914789;-0.4877227;0.12352669;0.4848221;0.82661057;0.06535077;-0.45209792;0.00518325;-0.26854584;-1.2195263;-0.030691179;-0.42334488;0.7146721;0.032225437;-0.0095039895;0.040301986;-0.1571945;-0.42950684;-0.25875086;0.06428051;0.10794572;-0.2009215;-0.0662749;-0.2625284;-0.32601845;-0.097901605;-0.08733797;-0.31314412;-0.510195;-1.005238
0.03667348;-0.3326476;0.013654787;0.027500162;0.09664134;-0.24698691;0.7159819;-0.030474387;0.36483124;0.117832914;0.20453262;0.8539695;-0.120366566;-0.16190353;-0.053144798;0.016856028;-0.02320388;0.04564813;0.4129349;0.66550386;0.05785799;0.13929695;-0.15670367;-0.0785812;0.06469528;-0.11417646;-0.15445255;-0.07055222;0.20308058;0.26310384;-0.3127517;-0.79991144
-0.53402805;-0.63691354;-0.050962724;-0.25311327;0.11043;0.47695842;-0.20795919;-0.014009679;-1.4984854;0.031708296;0.09458329;-0.21663569;-0.11679004;-0.17305864;-0.45609823;0.026728977;-0.30062702;0.022212353;0.53630877;0.66985196;0.14207256;0.13012543;0.47005168;-0.14399426;-0.20001934;-0.2528595;-0.23070064;-0.3084018;-0.23230413;0.2292219;-0.35821983;-1.0222162
-0.18122306;-0.45965558;-0.16199057;-0.8415659;-0.027482713;-0.19360599;0.5783911;0.053938974;-0.29523197;-0.0040883645;-0.3760585;0.55828834;-0.09919923;0.570741;-0.1779028;0.032611664;-0.32707593;-0.4677135;-0.7417958;-0.7843537;0.0068633873;-0.18412423;-0.2489622;-0.15082718;-0.0068962127;-0.22654714;0.22602731;-0.34956968;0.10737567;0.16469535;-0.17819735;-0.8581747
-0.25597513;-0.20476998;-0.10339457;-0.4353352;-0.388341;-0.48937702;0.66852355;8.813501e-05;-0.2849107;-0.070840925;-0.16228707;-0.17791754;0.029847695;-1.3410894;-0.18291388;0.06296959;-0.36566162;0.03687543;-0.043263555;-0.7667951;-0.35372916;0.1277393;-0.29815885;-0.11221962;-0.66658914;-0.0441586;0.16669652;-0.2950812;0.25846827;0.20806693;-0.44709808;-0.69790465
0.20155467;-0.29715952;0.20919232;-0.39431256;-0.036512546;-0.37049586;-1.0620843;-0.08267738;-0.35051495;-0.21654913;-0.31705117;-0.037780378;-0.022826333;-0.7495385;-0.18876098;-0.02552587;-0.08523063;0.029225565;-0.22471;-1.194021;0.18025608;-0.16094446;-0.3379013;-0.31118324;-0.23778486;0.023665752;-0.25252944;-0.6635148;-0.83040506;-0.63793916;-0.14242545;1.0450423
-0.02431329;-0.18616074;0.040412836;-0.29664662;-0.2803514;0.3452748;-1.1040194;0.023267504;-0.3804266;-0.1417691;-0.25134018;-1.3233665;0.017167665;-0.15161885;0.123041116;0.059060413;0.045981746;0.036234647;-0.21364553;-0.7868087;0.0061766673;-0.06648479;0.34495914;-0.19720884;-0.09761003;-0.02177291;-0.2949564;-0.25270748;-0.8333273;-0.033497468;0.06937192;-0.7406978
-0.1318252;-0.36399943;-0.17218114;-0.6279086;0.06551967;-0.18335408;-1.2422713;-0.036100127;0.13122657;-0.0014464669;0.39707157;0.13108729;-0.06544699;-0.36424735;0.42225486;0.004982116;-0.04785027;0.0356412;0.44616657;-1.1635392;0.008642193;0.11220146;0.3745055;-0.297528;-0.13967668;0.037129097;-0.29059294;-0.38632235;-0.69050395;0.39249346;-0.3533805;-1.1406806
-0.2807835;-0.32004645;-0.13999376;-0.28357795;-0.3308762;-0.5324499;0.015152926;-0.013099312;-1.535157;0.08959637;-0.18948859;-0.12695007;-0.098337896;0.2783798;-0.14011616;-0.0042868312;0.022704039;0.021446178;0.5252845;0.6171116;0.14672554;-0.95419693;0.21109822;-0.20744665;0.042716227;0.050292876;-0.2298674;-0.5467566;-0.3981281;0.13071519;-0.19747256;1.0523406
-0.41814867;-0.82629824;-0.10272896;-0.16438647;-0.27985877;-0.5331802;-0.39598873;-0.01988377;-0.37769926;-0.1925478;0.13082182;-0.2005023;0.03261363;-0.53312975;-0.043833096;0.06656499;0.0117746815;0.027474815;-0.20783448;-1.1841481;-0.17280987;0.11461228;-0.52700055;-0.20125575;-0.35217857;-0.024416056;-0.124012716;-0.5315353;-0.5224673;0.2989136;-0.04452766;-0.6855757
-0.011035836;-0.24686414;0.17791702;-0.26980072;0.03732387;-0.065701865;0.5858847;-0.08303936;-0.30907094;-0.0043636374;-0.12928775;-0.8043189;-0.009342373;-0.16001952;-0.2566639;0.04111594;-0.12545295;0.037691887;0.41677836;-0.79196924;-0.07062345;-0.9100628;-0.19399017;-0.013458507;-0.111842446;0.018276673;-0.52224165;-0.3146628;0.38967544;-0.052867495;-0.33801115;-0.80002177
-0.17594129;-0.30238348;0.03676959;0.062402047;0.1508063;0.42352334;0.86212415;-0.024090314;-0.30478072;0.1236171;-0.051051624;-0.9097832;0.08250236;0.5221362;0.14604083;0.041912057;0.13068953;0.043727286;0.46949401;-0.3651176;-0.20545648;0.3367947;-0.2117708;-0.13807155;-0.11935231;0.014056819;-0.1401524;0.027794698;0.4114246;-0.5021222;-0.30275986;-0.66448164
-0.42930654;-0.4087348;-0.17625004;-0.56698453;0.15481202;0.073175974;0.6714304;-0.05422507;0.28203946;0.14786595;0.24254932;0.78254926;-0.038670838;-0.06605047;-0.13327053;0.00042638974;-0.159053;-0.26986623;0.13126786;0.7266833;-0.20173073;0.17416929;-0.38313168;0.13696419;0.26839754;0.043923188;0.24190468;-0.26547456;-0.3130192;-0.3218071;-0.09251687;1.1196413
0.21533673;0.82651013;-0.091166414;-0.7349943;-0.3909059;0.13787748;-0.062000226;0.022517884;-1.1403409;-0.029387895;-0.016545147;0.3090122;-0.15627955;-0.14086029;-0.13498817;0.054946173;0.0094311;0.024783127;0.71541464;0.5931679;-0.06832564;0.13734226;-0.25498205;0.011363709;-0.3518002;0.06257103;0.19633198;0.39397272;0.37844095;-0.19370086;-0.04605043;-0.5292404
-0.48736748;-0.29236123;-0.3306392;0.40245998;0.106121026;-0.5755782;0.14257295;-0.029702017;0.83020264;-0.10897083;-0.124975;0.55408317;0.0052153934;-0.9102821;-0.2198125;-0.021479862;-0.30472684;0.036521353;0.02927387;-1.1186347;-0.5265493;0.17357875;-0.24042675;-0.25730273;-0.31026772;-0.07758075;-0.18272308;-0.3607407;-0.5925529;-0.276382;-0.44596627;1.0353923
0.08765113;-0.3156786;0.40580615;-0.20024955;0.040677343;-0.28520826;-0.98292804;-0.044619773;-1.1891013;0.074182086;0.1852344;0.075918004;-0.13757694;0.29030845;0.31028432;0.009543971;-0.07009952;0.02001307;-0.8504799;0.6245479;-0.010075275;-0.19412096;-0.36036885;-0.08274189;-0.035134245;0.029988324;-0.26011774;-0.4050831;-0.65342987;-0.17466909;-0.06505108;-0.9540797
0.16983093;0.591938;-0.08937484;-0.41029093;0.1254406;-0.05962432;0.3547487;0.084217295;-0.2362403;0.09773537;0.24441731;-1.395049;-0.08011337;-0.14241955;0.632042;-0.01246782;-0.0027529183;0.040766858;-0.12912516;-0.6281013;0.053804945;0.12675919;0.58737725;-0.00879564;0.027224272;-0.084305145;-0.22273842;-0.22514786;0.27582255;-0.28313747;0.055018835;1.070105
-0.46328238;-0.3005687;-0.27308252;0.33919156;0.09080113;0.48132396;0.32669795;0.0037464884;-0.3369829;0.066272534;-0.2685666;-1.3000335;-0.009720482;-0.27450603;0.06821879;-0.05381199;-0.27361962;0.041352276;-0.60233593;-0.54899377;-0.11660419;-0.19273296;-0.3568746;-0.14129196;0.14448635;-0.23837703;-0.31052893;-0.27002418;-0.36766255;-0.41559854;-0.2792618;0.745112
-0.384163;-0.40157783;-0.01312543;-0.22329989;0.13237418;0.40353802;-0.4223106;-0.0208767;-0.41868064;-0.13912728;-0.16966675;0.5679755;0.025436295;-1.0334766;0.2121803;0.05027879;0.01560513;0.030654442;0.5808508;-1.0847728;-0.17644502;-0.13799313;-0.17721282;-0.13640806;0.12286758;-0.10117213;-0.23915012;-0.3025878;-0.0005826667;-0.5863843;-0.43990108;-0.94084364
-0.11273312;-0.31024903;0.3974411;0.09855262;-0.40380695;0.5620043;0.88462824;0.124158554;-0.3190205;0.07526657;0.1465529;-0.044932567;-0.038491536;0.19753121;-0.17081362;0.03414911;0.21031806;0.041169215;-0.7245075;0.6082145;0.124937266;0.66149074;-0.23651463;-0.00043636584;0.05328717;-0.11545734;-0.26463932;0.019743547;0.20781879;-0.342899;-0.4080413;-0.76783055
-0.23839541;-0.5540386;-0.20081729;-0.25757504;0.094773486;-0.44767016;-1.156028;0.06374945;0.28471097;-0.011628283;-0.12543756;0.034255393;-0.052173775;-1.3238103;-0.11954586;0.05546638;0.087438926;0.03190524;-0.25329196;-1.0880342;-0.22708344;-0.7179038;-0.33794445;0.016652143;-0.3603407;0.010267347;-0.31576625;-0.19164808;0.39998174;-0.03631275;0.011863416;-0.73984754
-0.017002968;-0.28686538;0.17452505;-0.3507674;0.03332217;-0.49283537;-0.9913799;-0.012929545;-0.38318354;-0.08397697;-0.18951358;0.7772972;-0.26610792;-0.4250627;-0.49656287;0.028250288;-0.12351684;0.025395833;-0.84744626;0.47567257;-0.010067024;-0.17264663;-0.29108387;-0.34482697;-0.12401363;-0.20976928;-0.26013443;-0.109212;-0.19779596;0.08591322;-0.20859231;-0.8838364
-0.4367489;-0.6339802;-0.16325131;-0.17542657;0.013748575;-0.14555451;-0.24558318;0.052619487;0.38063312;0.08112425;0.10091795;-0.13237837;-0.13947114;-0.36631146;-0.044530913;0.038817108;-0.16642977;0.025117328;-0.897905;0.49202806;0.024707891;-0.8961438;-0.4316132;-0.2891204;-0.015400829;0.09799803;-0.24516346;-0.14990407;-0.63658935;0.28421038;-0.24744427;-1.038741
-0.23808129;-0.21869451;-0.19291453;-0.38596675;0.0047081686;-0.41392595;-0.62530786;0.050640844;-1.0985019;-0.05813444;-0.25436512;0.06368253;-0.24353753;-1.1997075;0.06021352;0.020848699;-0.065991715;0.01716065;-0.038500443;0.5125244;-0.45434725;0.16848327;0.28730324;-0.023561599;-0.26052108;0.012746765;-0.32364833;-0.2714017;0.36440963;-0.56401104;-0.6075813;-0.98843426
-0.517062;-0.39082152;-0.117294386;-0.18659662;-0.5252168;0.5230966;0.78997004;-0.017942287;-0.43158406;-0.16965848;-0.0021235733;-0.12970898;-0.009918725;-1.0244323;-0.27219722;0.0458208;-0.10681989;0.037486855;-0.05371426;-0.7652291;-0.37136143;0.4423683;0.23189427;-0.21694563;0.0776243;-0.24521461;-0.35050008;-0.25008968;-0.04631474;-0.5260426;-0.3682517;-0.9509305
-0.33470392;-0.35209945;-0.13911477;-0.57598275;0.096361674;-0.47684422;-0.38942188;0.006458589;-0.52041537;0.028663363;-0.28752026;-0.110571764;0.0414555;0.22013295;-0.17485555;0.040859792;-0.10138198;0.036300864;-0.24936008;-0.9245013;-0.15720902;-0.17180854;-0.4285869;-0.16103226;0.24722978;-0.22311686;-0.36706954;0.26200092;-0.08377854;-0.15792716;-0.058297314;-0.9773424
-0.37040657;-0.37048557;-0.2231826;0.31812644;0.040646277;-0.23595987;-1.2666768;0.018324617;-0.3967401;0.06984825;-0.30806723;0.16896005;-0.17472139;-0.31493625;-0.17307264;-0.014947996;-0.18269555;0.031101126;-0.11797791;0.7118254;-0.012397589;-0.21470575;0.39206293;-0.3015752;0.0497965;-0.3505129;-0.2568582;-0.17977874;-0.23264737;0.30069643;-0.04611168;-1.1083738
-0.04024697;0.8034488;-0.083539896;-0.22203851;0.07105235;-0.40302134;-1.229805;-0.083036244;-0.21892056;-0.12444129;-0.23270467;0.6888476;-0.025326949;-0.22160962;-0.47297773;0.02020472;-0.22770791;0.037127737;0.6091052;-1.3329868;0.065905355;0.10137508;-0.30043077;-0.11388802;-0.20100442;0.05561135;-0.21042396;-0.9409578;-0.54925257;0.30044228;0.10072472;-0.86255306
-0.23859654;-0.219011;0.17486963;-0.5960966;0.0012909689;-0.33152202;-0.8524143;-0.042427253;1.0706698;-0.0767579;-0.095634624;0.5550367;-0.27196738;-0.28569725;-0.08701202;0.025880227;0.01338923;0.02061518;-0.87945604;0.5299741;-0.20920688;0.049778096;-0.40061912;-0.25128105;-0.5953897;-0.0756429;-0.7639432;-0.048611645;0.31066045;0.053408954;-0.13578172;-0.65319335
-0.025735928;-0.33931357;0.09505999;0.288475;-0.04206209;-0.5460007;-1.157133;-0.038330253;-0.36379346;-0.13918394;-0.20527297;-0.03059629;-0.014981873;-0.5099456;0.34304142;0.034266;0.066062585;0.05064231;-0.15685244;-1.1228253;-0.045579273;0.05308138;0.5474334;-0.11583129;0.2913558;-0.16889185;-0.32452407;0.047390927;0.37553072;-0.027673066;-0.18184002;-0.813629
-0.36606553;0.45059854;-0.19885042;-0.011225901;0.047360066;-0.69598126;0.66798174;-0.07005557;-0.39702117;0.039649036;0.11610114;-1.4753028;-0.15562819;-0.5404131;-0.2319367;0.058131207;-0.29475784;0.025203895;-0.16747527;0.44751436;-0.20027657;-0.23683581;-0.31801063;-0.2889547;-0.5987373;0.038405444;-0.3158275;-0.37320092;0.23131001;-0.30706623;-0.6648295;-0.9311013
-0.52903575;0.7327114;0.016754352;-0.7340284;-0.5287211;0.16663252;0.7313734;-0.069522366;-0.31560996;-0.13681164;-0.21546383;-0.053847473;-0.014365168;-0.2958289;0.40086675;0.063027844;-0.0749399;0.050150476;-0.12895608;-0.75618243;-0.14159581;-0.02880071;0.24511999;0.1687688;0.30277348;0.07676995;0.34362906;0.3445888;-0.572233;-0.4336242;-0.44174987;-0.79688346
0.10965047;-0.93504065;-0.100874364;-0.21477714;0.113718905;0.4019438;-0.31015155;-0.0036905524;-0.3615793;0.0024031317;-0.55446154;-0.2043948;-0.011157629;0.8132727;-0.20454235;0.011368442;-0.13074178;0.037918888;0.015875684;-1.3566915;0.015936721;0.06600649;0.29722738;0.20887505;0.38905847;0.07171091;0.38883626;-0.20025311;-0.48462683;-0.5750164;-0.6561454;-0.98231894
0.01033527;-0.28206414;-0.13660793;-0.7113987;0.028022423;-0.11888103;-0.0027742144;-0.14771649;-1.3759304;-0.11686689;-0.2358606;-0.16892275;-0.043708183;-0.33121324;-0.5741597;0.047145527;-0.13059334;-0.27485394;0.53414905;-1.1230943;-0.04683402;0.09169946;0.1959952;-0.016934203;-0.95906526;-0.095795244;-0.2868145;0.47568312;-0.05330465;0.12240298;-0.34517375;-0.6765322
-0.21276636;-0.41371194;-0.19019578;-0.19827706;-0.3817174;-0.060919765;-0.41080016;-0.03844658;-0.38100815;-0.038395133;-0.13106725;0.011310541;0.01683843;-0.10851089;-0.21166429;0.0638666;-0.23195188;0.028956216;0.009612581;-0.9761509;-0.3539453;-0.21698749;-0.2638687;-0.08907826;-0.2875876;-0.07727345;-0.18551724;-0.35224673;-0.6697818;-0.6118412;-0.5590952;-0.73331577
-0.11975134;0.5317842;-0.17948519;0.31258383;0.015577149;-0.5859438;0.1686786;-0.0068826987;-0.28895366;-0.012762375;-0.3047636;0.4757045;0.02066553;-1.5226347;0.48558795;0.06679023;-0.2495741;0.034726717;-0.46961156;-0.9994388;-0.24625233;-0.23714769;0.2678275;-0.26768854;-0.5471816;-0.033233598;-0.7157932;-0.36420798;0.31224495;0.083832785;-0.52183014;-0.85197455
0.2518617;1.0122635;0.0057534957;-0.6476902;0.18500532;0.533711;1.0983208;-0.020160157;-0.3319607;0.036007185;0.37144333;0.01818649;-0.03402657;0.021811908;-0.04353987;0.03287629;0.18972173;0.055754907;-0.6802544;-0.5135193;0.14911474;-0.08028471;-0.24297026;0.009764843;0.085988164;-0.17432517;-0.20040065;-0.018241726;0.040615395;0.27256507;-0.34998792;-0.91644424
0.24288058;0.8222835;0.043053355;0.43785426;0.12788361;0.5221967;0.6737874;-0.022323733;-0.25944874;-0.09744811;-0.12350104;0.32495764;-0.059545904;-0.6682889;0.3325092;0.028115278;-0.060228676;0.040606882;0.4928474;0.66148585;0.15154006;-0.10559831;0.32856086;-0.19383284;-0.0767841;0.06954424;0.35840502;-0.09992003;-0.4593922;0.37895378;-0.29611868;-0.91771585
0.016087828;-0.26941076;0.1767903;0.6729642;-0.20549506;-0.44769678;0.5643768;0.061639506;0.34188077;-0.08623031;0.0034742127;0.2511819;-0.060641676;-0.1769165;-0.275605;-0.021970475;0.078157224;-0.1728832;-0.10663237;0.8317872;-0.1907822;0.17203625;-0.4525305;-0.22078991;-0.77211434;-0.022211555;-0.46894094;0.0656997;0.20918237;0.02546342;-0.03101916;0.92361474
-0.47622654;-0.31711558;-0.044273894;-0.23293298;-0.018592289;-0.19290318;-0.72330105;-0.032365385;-0.29940656;0.028792039;0.3775633;-0.101660125;-0.04350663;0.05049221;-0.17597264;-0.012799049;-0.21439421;0.04432261;0.6753724;-0.8153746;-0.02373837;-0.16149873;-0.371932;0.17105971;0.37052047;0.06698989;0.5890249;0.45533058;-0.49684742;-0.48351288;-0.3156432;-1.1580579
0.31893548;0.686575;-0.12425997;-0.023694312;0.097874604;-0.7757853;0.13669996;0.06772653;-0.27596092;0.1157908;0.2760633;0.7293217;-0.11347847;-0.0793433;-0.0960344;0.013187437;0.04803003;0.02500488;-0.03137092;0.5817347;0.16345876;0.17581296;0.18171984;0.22231382;0.3537138;0.06697203;0.30196962;-0.13368057;-0.264416;-0.3378919;-0.048025526;0.733732
0.23173404;-0.9228925;0.07986858;0.5084763;-0.040596817;-0.068598;-1.0625889;0.006266698;-0.28951266;0.053699497;0.4327546;0.13375293;-0.04289132;0.7189793;-0.10708835;0.0044826902;-0.11218049;0.036489565;-0.15073897;-0.9887743;-0.010014256;0.09992564;-0.42009866;0.2289863;0.3951582;0.040130015;0.52760434;-0.20877257;-0.3155725;-0.421698;-0.13073134;-0.9678589
-0.58624417;0.52303064;-0.22495395;-0.78335273;0.05228262;-0.96966875;0.17931995;0.039308112;-0.42105398;-0.022382732;-0.28829366;-0.13092965;-0.15918002;-0.20652921;0.40063182;-0.038374797;-0.1921378;0.029235978;0.007913659;0.31565282;-0.44236866;0.14359117;0.26447934;-0.051726345;0.06274916;-0.10370438;-0.25188887;-0.20110641;-0.05636975;-0.5061636;-0.32857975;0.6924315
-0.06423697;-0.3088238;0.12281846;0.42611614;0.07381586;-0.11947226;-0.35711923;-0.09361532;0.43255526;-0.17633606;-0.27488363;-0.1534578;-0.04161669;-0.019189388;-0.22398539;0.045261126;-0.2905105;0.034370456;-0.1600357;-1.2273846;-0.10480867;-0.13440283;-0.2792461;-0.0832447;-0.25382954;-0.038098555;-0.14094135;-0.42734888;-0.7989185;-0.24098209;0.09551205;-0.82439804
0.061510887;-0.46067116;0.33853275;-0.71520454;0.12440729;-0.22529435;-0.2236603;-0.094060905;-0.38834837;0.032932583;0.034542747;-0.10034265;0.035769522;0.5346641;-0.56053483;0.017285962;-0.29300174;-0.42214808;0.5570471;-1.2004443;-0.06415529;-0.13988635;-0.34091103;-0.2719935;-0.11160915;-0.20491429;-0.31492296;-0.3089078;-0.05606143;0.1672769;-0.42110065;-1.0993273
-0.13986318;-0.31819788;-0.18811537;-0.23965402;-0.41562662;-0.1567646;-0.937757;-0.05025781;-0.28730977;-0.2272421;-0.15495117;-0.048661392;-0.06204424;-0.5946934;-0.3894055;-0.0053723943;0.027577315;0.026747674;0.0060770703;0.6623816;0.18334334;0.09619419;-0.3554667;-0.13522607;0.02924523;-0.32029736;-0.28218567;-0.57896334;0.02667851;0.28297117;-0.0699653;0.9195597
0.0072984323;-0.33799163;-0.13494341;-0.27126408;-0.4123685;-0.47693524;0.7765195;-0.19027664;0.31039798;0.06725978;0.15715516;0.0857678;0.0084742755;-0.39240345;0.32942826;0.041537035;0.012841685;0.028243193;-1.0467138;0.41753188;-0.07830705;-1.0471253;-0.40482002;-0.35161537;-0.12789297;0.063624285;-0.19774945;-0.11102182;-0.5798005;0.2056049;-0.42794746;-0.96770877
-0.28824028;-0.3164421;0.25845248;0.5778139;0.1024073;-0.39755157;-0.38587382;-0.054953743;-0.4773951;-0.17785265;-0.14471917;-0.0021875203;0.0077634105;-0.40464944;-0.03894644;-0.07367702;-0.006396041;0.034811832;-0.19932689;-1.056764;-0.18752417;-0.21837209;0.35821816;-0.27826935;-0.1498341;-0.2664411;-0.30601996;-0.08871959;-0.36302307;-0.09995868;-0.1077035;0.5978803
0.3686054;0.6280522;-0.06840099;-0.6019125;0.02352769;-0.5323673;-0.17635082;0.042950004;0.386787;0.084472306;0.22708416;0.6736552;-0.13425942;0.17482957;0.379989;0.035466615;0.040161286;0.032680023;-0.038926303;0.6721227;0.011668087;0.1326531;0.2923224;0.13794214;0.32887432;0.05247033;0.39386582;0.0126813445;-0.43275663;-0.40348312;-0.33900675;-0.6984843
0.08902973;-0.39629027;-0.19452138;-0.8108332;0.07144746;-0.20264953;0.6730662;-0.04365269;0.2816789;-0.007260128;-0.65101963;-0.08191859;0.019332966;0.73604244;-0.23125894;0.011661346;-0.032848835;0.035843045;-0.77091986;-1.0740368;0.04949981;0.05497553;0.47823784;0.10897278;0.37988386;0.09647293;0.24487597;-0.19275576;-0.45237154;-0.51670384;-0.56947476;-1.0334141
0.08405138;0.96758664;0.05277046;-0.27886394;0.0932788;-0.042378318;-0.2065138;-0.07011552;-0.41738996;-0.101593845;-0.17224453;0.8211069;-0.14900376;-0.32406318;-0.5551251;0.051494543;-0.2102349;0.028238803;-1.0380718;0.44422314;0.08905636;-1.0997764;-0.21351625;-0.12254052;0.04257339;-0.24026446;-0.30363363;-0.010016621;-0.035238042;0.19902423;-0.4792119;-0.9247655
-0.49134365;-0.23968703;-0.13202208;-0.36031714;0.10776914;-0.41289163;-0.22923528;-0.03688267;0.26272058;-0.12910526;0.08017674;0.54054743;-0.008960919;-0.14714134;0.17085516;0.06725849;-0.20555434;-0.47288418;0.55669564;-0.97058004;-0.13342302;-0.18192713;-0.23155478;-0.1110457;0.08564008;-0.22289099;-0.3051287;0.41074345;0.12620163;-0.21789986;-0.28552064;-0.60653585
0.18544242;0.8738798;-0.13550828;-0.41782814;-0.07719628;-0.056674264;-1.6201973;-0.06601699;-0.26794347;0.03830445;0.32230577;0.121219896;-0.09373652;-0.24017921;-0.43477538;0.017460322;-0.13101278;0.03706598;-0.18099819;-1.0942334;0.040526155;-0.16000395;-0.35450533;-0.12728696;-0.0148846945;0.067224145;-0.31184053;-0.16062486;-0.46069875;0.3693414;-0.1866178;-1.0244901
-0.072952546;-0.42921144;-0.21141946;0.22740196;0.059214845;-0.22577974;-0.31598902;-0.04919205;1.086968;-0.14974721;-0.33837724;0.1298809;0.004297508;-0.76538676;-0.3113315;0.024198826;-0.23894128;0.03842048;-0.018798165;-1.2182811;-0.008600172;0.12547919;0.25266904;-0.18624853;-0.13995926;-0.2588257;-0.12609255;-0.42882532;-0.04827367;-0.37033302;-0.5318592;-1.0749866
0.016552981;-0.37976032;-0.2637049;-0.28038618;-0.56469554;-0.11801964;-0.8276133;0.05629025;-0.23504764;-0.2480918;-0.17700157;-0.041175317;-0.17306882;-0.88773435;-0.15569821;0.014817825;0.032928333;0.019961284;0.63871115;0.58944416;-0.33648387;-0.755538;-0.32147393;0.17614105;0.28395987;0.069245145;0.42935598;-0.22498001;-0.46162707;-0.4629127;0.036474362;1.1907461
-0.054628994;-0.30925402;-0.16263875;-0.022002306;0.039290205;-0.37441248;-0.33711994;0.012738169;-0.41835454;-0.062707104;-0.20609693;-1.4037089;-0.15801859;-0.9352028;-0.20155479;0.0075259483;-0.13530622;-0.26856133;0.025096202;0.45867628;-0.27122363;-0.8843834;-0.38296184;-0.30562988;0.0049384492;-0.022621734;0.27718398;-0.5747167;-0.4838775;-0.11011175;-0.052136898;-0.96230644
-0.21767429;0.5063739;-0.13163029;0.34796056;-0.28761303;-0.43797588;0.058588505;0.015528657;-0.211023;-0.041593764;-0.15838423;-0.8223336;0.0053678975;-1.3322186;-0.18888485;0.056406558;-0.23237179;-0.32549772;0.41967586;-0.8868788;-0.32209477;0.15825585;-0.22071168;-0.21107198;-0.6173659;-0.27414536;-0.6257509;-0.6676633;-0.03638152;-0.010185905;-0.49222794;-0.69810164
0.25447288;-0.25328907;-0.014484207;-0.73218733;-0.358837;0.40830097;0.6124363;-0.057929255;0.28388947;0.101921834;-0.28221568;0.63602304;-0.13326879;0.20492853;0.48098963;0.02651958;-0.032787204;0.02987943;0.046559546;0.6805512;-0.08152694;0.15580027;0.5420855;-0.060980156;-0.3774861;0.046866056;-0.092805386;0.14529307;-0.50936;0.26085836;-0.3857912;-0.6997068
-0.20868199;-0.18919139;-0.22725426;0.10662259;0.050440032;-0.105331354;-0.89757526;-0.0144633;-0.22461504;-0.09894101;-0.28953937;0.6067191;0.06133836;-1.3088546;-0.031115811;0.035539728;-0.1833417;0.0259899;-0.21880038;-0.8867224;-0.25044298;0.42013955;-0.3467787;0.07744085;-0.04301779;0.03383029;-0.7039695;-0.30508077;0.40587056;0.13276817;-0.41967246;-0.89190185
-0.4466251;-0.54423267;-0.26240373;-0.30926958;0.10525607;-0.0724441;0.22825354;0.011564454;-0.34110752;-0.02312956;-0.24627872;0.14112666;-0.20181508;-0.32744884;0.12174414;0.037033524;-0.02527421;0.029937256;-1.0932904;0.2870132;-0.06397311;-0.26235333;-0.26825374;-0.11058817;0.15597238;-0.11473871;-0.33781284;-0.3358061;0.07408308;-0.5783992;-0.5044066;-1.0188949
-0.03615369;-0.2549657;0.060430422;-0.18165925;0.06631539;-0.03708179;-0.47489074;-0.09947198;-0.32594186;0.027551584;-0.20331565;0.11057561;0.0036958025;-1.3262266;0.26490125;0.06904532;-0.049183592;0.035223432;-0.4448359;-0.8448292;-0.33095625;0.11636017;-0.2944814;-0.024104383;-0.78200877;-0.057779275;0.036301978;-0.30821833;0.25774565;0.0035602883;0.13461629;-0.7238299
-0.4122156;-0.29494908;-0.32853898;0.5670569;0.015223879;-0.2626729;-1.1987194;0.049635902;0.18724307;-0.031687044;-0.060700767;0.13968211;-0.26883692;-0.2979266;-0.13586837;0.01309554;-0.09401912;0.031089658;-1.0081992;0.3550543;-0.05559443;-0.23717403;0.8194603;-0.09576596;-0.28722918;-0.029490843;-0.31258032;-0.4269783;0.33689132;-0.09353768;-0.039745715;-0.7397253
0.124566;-0.53572893;-0.120673105;0.2718041;-0.03197691;-0.19491504;0.7523415;-0.1525338;-0.46904132;-0.18179831;0.22323973;-0.22460353;-0.11552294;-0.18218912;-0.5964198;-0.025654256;-0.15680705;0.02620465;0.033425;0.57316655;0.0018330298;0.13151614;-0.29363614;-0.19909754;-0.19274116;-0.26327702;-0.37960318;-0.5931461;-0.14376369;0.22229385;-0.20152187;-0.97527117
-0.32089552;-0.25076547;-0.16200665;0.07791636;-0.19228935;0.06409815;-0.8153107;0.013637545;-0.2685025;0.095351696;0.36473954;0.8651318;-0.15409483;0.96369153;-0.032587882;0.020548737;-0.22577146;0.023890877;0.09051757;0.6919098;-0.16767794;-0.11425802;0.8015665;-0.21084231;-0.19548441;-0.24777932;0.5767576;-0.18337665;-0.008319087;-0.14653184;-0.27201834;-0.8539588
-0.31999242;-0.1544424;0.1642435;-0.8506829;0.08084034;0.37613964;-0.8232881;0.022447554;0.19413187;-0.082510136;-0.06640734;-0.018660208;0.010498462;-0.64466727;-0.17445286;-0.03292919;-0.1813422;0.026845705;-0.854147;0.49462476;-0.15073247;-0.25330406;-0.4692619;-0.066478714;-0.79169786;-0.06834766;0.19871683;-0.1319351;0.56990296;-0.32837293;0.1300657;0.83718777
0.24991003;0.7529608;-0.07369612;-0.30723074;0.032467;0.03365296;-0.9835658;-0.041589238;-0.20403087;0.057991736;-0.14587787;-0.10274393;-0.1067849;-0.22640705;-0.1712346;0.014237861;-0.053538237;0.033397883;0.808469;0.7007367;0.24223319;0.1557599;0.58507943;-0.06925015;0.056663156;0.055951953;0.059567083;-0.35692766;0.415326;-0.3478016;-0.3673708;-0.96336406
-0.16920264;0.36655876;-0.24758723;0.41451377;-0.2618163;-0.43236497;-0.2635982;0.05699658;0.87260014;-0.043598343;-0.12297012;-0.92439854;-0.18580848;-1.0668072;-0.14270137;-0.06434634;-0.16303265;0.021555437;-0.3643615;0.53372765;-0.56657124;0.10585023;-0.3603037;-0.1643303;-0.10701638;0.05718965;-0.44343397;-0.2193481;0.41069138;-0.11592106;0.24874276;0.58501446
-0.15014651;-0.32985088;-0.017876346;-0.23307748;0.07745607;0.42420012;-0.035551358;-0.13205001;-0.2831047;0.16337788;0.1940354;-0.08157091;-0.06247363;0.0062316535;-0.6224458;-0.0154709015;-0.10144248;-0.41694865;0.055720683;-1.139632;-0.10799422;-0.27190658;-0.22175862;-0.20429017;-1.1861689;-0.05724801;-0.18254603;-0.20680463;0.021300152;0.04923098;-0.31284827;1.2030351
-0.6333123;-0.21329586;-0.12184168;-0.43716815;0.07341893;-0.42208135;-0.34944117;0.062842384;0.35334262;0.08582412;0.2424816;0.08058024;-0.019443488;-0.10651608;0.12949485;0.046228617;-0.12874638;0.04034618;0.11064755;-1.0187917;0.12950072;-0.21064658;-0.2516633;0.1853447;0.24451356;0.060016587;0.366878;-0.2406102;-0.6303811;-0.31962743;-0.48628566;-0.86277837
-0.34920734;-0.28863886;-0.14561741;0.584227;0.026781593;-0.39716458;0.53605783;-0.15409213;-0.36124358;-0.11743233;-0.1625148;-1.5803908;-0.18267214;-0.47867507;-0.20729776;0.048921723;0.020977411;0.029532226;0.5043053;0.5196698;-0.05637493;0.16392137;-0.33151156;-0.09488863;-0.45247608;-0.06583311;-0.056971468;-0.6215518;0.32220143;-0.47227225;-0.38622397;-0.8791128
0.10987258;-0.21565466;-0.14291233;-0.26493505;0.056231003;-0.5927675;-0.3582926;-0.053300314;0.9918496;-0.16658695;0.06711001;0.62758005;0.07313575;0.018244818;-0.13988428;0.04325652;-0.13808507;0.03439434;-0.13083497;-1.0913433;-0.10292925;-0.19235465;-0.25910914;-0.40271944;-0.2987782;-0.025158634;-0.10671167;-0.17399508;-0.75000066;0.1918891;-0.48349628;-0.68761116
-0.12908466;-0.42664063;-0.2916463;0.43386263;0.00028187688;-0.33344454;-1.3886372;-0.064844415;0.16456822;-0.13018727;-0.34613243;0.09884367;-0.17397751;-0.6182548;-0.16973878;0.004636774;-0.22497296;0.023907114;-1.0140544;0.64305043;0.057807334;0.053917408;-0.45393628;-0.3598006;-0.23436677;0.0365141;-0.35054135;-0.7183985;-0.7269625;-0.52667516;-0.30116355;-1.0610394
-0.31412622;-0.250139;-0.2562876;0.35156205;0.053469196;0.4203015;-0.9974107;-0.03787221;-0.29735172;-0.04882752;-0.29353324;-1.0538918;-0.111245036;0.13014926;0.12680918;0.03815866;-0.32739308;-0.38288322;-0.69543165;-0.80493104;-0.12661196;-0.15063582;-0.36695173;-0.32536542;-0.25291157;-0.009029722;-0.37285507;-0.7248353;-0.6013056;0.13862422;0.052201238;-1.0318171
-0.45104763;0.42682198;-0.20367436;-0.5502088;0.056550663;-0.075891115;-0.94072396;0.03276803;-0.18260738;-0.032326903;-0.14855021;-1.0882312;-0.01681431;-0.26903796;-0.1663516;-0.052519828;-0.16718946;0.033623356;-0.14771178;-0.8207029;-0.40337822;-0.17001654;0.5636191;-0.1326031;-0.40364325;0.043103393;-0.44178706;-0.11554986;0.39595422;0.0417933;0.00996138;0.19438487
-0.10690441;-0.38931623;0.12247878;-0.0107812015;0.058468286;-0.46086034;0.5667053;-0.06210462;-0.49868405;-0.0947725;-0.112786174;0.5905064;-0.036974348;-1.0050712;-0.50283474;0.059655856;-0.08073088;0.035243154;-0.9357936;0.48578873;-0.05076778;-1.1511495;-0.35555202;-0.26941168;-0.10162778;-0.07341201;0.12697971;-0.26233166;0.14834839;0.019428486;-0.28068557;-0.95456564
0.036245823;-0.36981243;-0.22176413;0.2799681;-0.42317125;-0.001370123;0.10092169;-0.01632532;-0.2816996;-0.25852513;-0.00091819064;-0.09605572;0.00988671;-0.77418727;-0.23452587;-0.043957412;-0.06357919;0.037397925;-0.0006844178;-1.0644078;-0.20817807;-0.2455736;-0.37487066;-0.10695095;-1.1199749;-0.03419433;-0.06755029;-0.10322576;0.1640264;-0.27871612;-0.3538871;0.8509864
-0.41964;-0.14037606;0.39493805;-0.37843704;0.032848544;-0.5536395;-0.2970384;0.017598098;-0.3423828;-0.039042592;-0.19322734;-0.8830915;-0.11702349;-1.0890733;-0.17604779;-0.06922334;-0.28117636;-0.29525143;-0.5579165;0.5340413;-0.60860616;0.08339762;-0.32319522;-0.1688476;-0.031849142;0.10291335;0.12260777;-0.21670063;0.46115905;-0.16920017;0.19942674;0.75224286
0.17872441;-0.3604278;-0.11146498;0.36581704;0.046719495;0.34739652;-0.23532365;-0.09449099;0.30839884;0.085168704;0.28314134;0.61836076;-0.0039873635;0.16375412;-0.4751313;0.023428055;-0.1740503;0.040867027;0.1071062;-1.2209369;0.057727147;-0.17104065;-0.23005593;0.19474195;0.34095564;0.10943131;0.5606794;-0.2129291;-0.3059314;0.15159045;-0.08312906;-0.854609
-0.49515966;-0.6037962;-0.24864434;-0.18810402;0.009606325;-0.18413745;-1.0212212;0.025393164;-0.40975252;-0.17666076;-0.08741487;-1.8548503;0.2640534;-0.76511115;-0.11188007;-0.061745893;-0.077489614;0.024218993;-0.21274205;0.7106469;-0.030260751;0.068229534;-0.487137;-0.07888929;-0.0122906715;-0.22875471;-0.2993367;-0.4730195;-0.08397072;-0.37107742;-0.3174893;1.070566
-0.23381416;-0.33141938;-0.0700322;-0.71060985;-0.4949035;0.46639642;0.5241534;-0.16665669;-0.2891748;0.042746224;-0.100085534;0.15930714;-0.029269418;-0.019703822;-0.300533;0.0721426;-0.031483207;0.047056656;0.50922287;-0.9472154;0.01650538;-0.1533872;-0.25741613;0.06268916;-0.56760967;-0.0942305;0.055998627;0.18803665;0.2726101;-0.1489316;-0.5938427;-0.5313637
-0.24365123;-0.43267956;0.06660012;0.3022092;-0.42317057;-0.19921903;0.032296266;0.08901265;0.3189901;0.013955142;0.06531048;-0.10875268;-0.036942847;-0.17260383;-0.53785586;-0.007159946;-0.05448803;-0.42967385;0.45222095;-0.9410516;-0.021135684;-0.9949413;-0.27016076;-0.359287;-0.06888562;-0.030963931;-0.34407195;0.37746012;0.0945497;0.03725197;-0.2356953;-0.9835615
0.024123795;-0.40083343;-0.16762932;-0.16697416;0.11537159;-0.14678507;-1.4280777;-0.11744854;0.2396905;-0.13954362;-0.22741438;0.21272449;0.022492569;-0.934802;-0.09946971;0.018268285;-0.08440371;0.03581105;0.6815832;-1.1265428;-0.11997083;0.1326824;-0.32488334;-0.22744295;0.32699943;-0.0972972;0.053433683;-0.4250562;0.3490843;0.1224927;-0.37763715;-0.99205154
-0.47432104;-0.2675441;0.16599073;-0.71468246;-0.37079507;-0.14166982;-0.2698829;0.016653564;-0.39626798;0.12416124;0.2974151;-1.2168554;-0.07444897;0.19176845;-0.09937237;-0.049548525;-0.26956832;-0.21805851;-0.69811815;0.5392686;0.043535616;-0.15560013;0.46403712;-0.094494104;-0.011181003;-0.32289132;-0.308293;-0.2066705;-0.3876582;-0.17552662;-0.042461526;0.9255597
-0.019067857;-0.3769099;0.14094654;0.30206478;-0.4852076;-0.08717757;-0.49265307;-0.06817471;-0.34922382;-0.16559853;-0.07337509;-0.1710961;0.046134762;-0.87441736;0.25261298;0.055114396;-0.19462837;0.031765252;-0.19896561;-1.1908721;-0.1896154;0.09950493;-0.27799997;-0.02550537;-0.097224094;-0.0038477648;-0.13779074;-0.44360605;0.36054066;-0.31015822;0.14656259;-0.9297198
0.12244037;-0.48147702;-0.12712206;-0.14647308;0.07935343;-0.35341775;-0.27633563;-0.023049302;-1.6065421;-0.016422665;-0.45871672;-0.088829696;-0.07557101;-0.058065176;0.46848607;-0.0014480073;-0.08879272;0.040477067;0.51255715;-1.2133049;0.036272153;0.049871083;0.2002346;0.04599735;0.35935855;0.04184074;0.44089577;0.470848;-0.49365142;-0.21963802;-0.43480816;-0.98288476
0.020434532;-0.48823938;0.1202282;-0.26023266;-0.3793498;-0.180796;0.7177058;0.0001066057;-0.4414897;-0.12893005;-0.20410973;0.64660144;-0.065151766;-0.9077175;-0.18835668;0.035073724;-0.024974914;0.042679425;-0.5887224;-0.7968063;-0.030970141;-0.7947153;0.45780256;-0.07737776;0.036568202;-0.11217499;-0.27539065;-0.25897872;0.22627716;-0.395472;-0.1985352;-1.0517865
0.08094388;-0.20114203;0.20663975;-0.5277347;0.055907562;0.076161176;0.2836888;-0.032799173;0.39739773;-0.06510264;-0.0842989;0.5401291;0.063830465;0.7274215;-0.2280125;0.04717487;0.18583176;0.047120523;-0.5165127;-0.70135283;0.0068604057;-0.12686907;-0.154838;0.096434936;-0.46461877;0.0261098;0.16402479;0.22372742;0.41568887;-0.09994871;-0.46162954;-0.7151328
-0.51927257;0.7625847;0.38325882;0.021888778;-0.43607602;-0.6655977;-0.37693107;0.045549568;-0.5313154;-0.106114745;-0.06084983;-0.12548576;0.08692128;-1.1352966;-0.09935442;0.06945226;0.08102114;0.037174582;-0.19354512;0.60845256;-0.27804318;0.105227016;-0.29401293;-0.27124986;-0.0058735493;-0.32666615;-0.21910426;-0.21214536;-0.42708635;0.17985597;-0.108565934;-0.87538254
-0.43640772;-0.31089258;-0.16533445;-1.0213379;0.03277736;-0.42486706;-1.1000932;-0.035722747;0.2757653;0.08744855;0.18478966;0.64458483;-0.16974497;0.056296855;-0.25752792;0.0020232694;-0.22543737;0.020531522;0.05342139;0.5669862;-0.04692142;-0.23485512;-0.42826927;-0.13744208;0.3601072;-0.24054593;-0.38867143;0.1902162;-0.09667035;-0.54323465;-0.39631963;-1.004548
0.07462311;-0.43989247;0.07194088;0.32998627;-0.5793804;0.4321359;-0.5003955;-0.042909462;-0.5065311;0.11126477;-0.19559102;0.096234724;0.033660855;-0.020623274;-0.14500134;0.03388378;-0.02612816;0.038737204;0.045932412;-1.0417354;-0.0666615;-0.1400888;-0.27005732;-0.16693652;0.07020889;-0.24124016;-0.40312028;-0.28338292;-0.16830724;-0.3127039;-0.49934486;-0.9984902
-0.2252334;-0.3823952;-0.17320485;-0.5746821;0.14493795;0.007707663;0.7779928;-0.032639354;-0.2578963;0.14742495;0.4729073;0.45796806;0.038941596;0.8027469;-0.15991259;0.0045319316;-0.07051084;0.03554948;-0.65911037;-0.89790136;0.056430895;0.16245624;-0.21046162;0.13840792;0.4210552;0.094812475;0.28358275;-0.24365732;-0.23091355;-0.5676968;0.008051427;1.1398853
0.14470196;-0.09004795;-0.0752639;-0.29487887;-0.27624577;0.5557623;-0.25778598;0.04001356;0.5865538;0.105146155;-0.07492427;-0.7041822;0.121401265;0.70283693;-0.2508821;0.07590506;0.16966778;0.03622567;0.011068173;-0.34121612;-0.17512414;-0.04237036;-0.19635051;0.11260262;-0.026831042;-0.17566927;-0.4686981;-0.019560441;0.21136631;0.40195277;0.3214753;-0.27485967
-0.31265798;-0.27525043;0.0061642244;-0.28938264;0.098155685;-0.3020942;-0.17152888;-0.004895024;-0.32844543;-0.12998055;-0.11741212;0.2972282;0.05341279;0.10640346;0.2007061;0.06753828;0.11490444;0.043032724;0.865363;-0.8703902;0.11713538;0.18661392;-0.22225742;-0.2918656;0.21458697;-0.22980405;-0.043723993;0.79795754;-0.045554947;0.5692031;0.13103366;-0.591967
0.1536294;-0.45039496;-0.08458816;-0.6865544;-0.32685518;0.3488864;-1.0155643;-0.030704236;-0.28193673;-0.11751672;-0.25503743;0.7971578;-0.0031249921;-0.43218467;0.17126137;0.0501934;-0.19723076;0.03523138;0.017814688;-1.2622517;-0.010753003;-0.15821311;0.46617872;-0.14281715;-0.3489187;-0.22689904;-0.27944663;-0.5192876;-0.0030760122;0.36828852;-0.43548155;-0.69993913
-0.17692676;-0.32580683;-0.1495515;0.3703422;-0.39109617;-0.39224282;-0.29216176;-0.093449675;-0.34033248;-0.03418635;-0.24418539;0.57322997;0.044506103;0.018166386;0.27230847;0.04404179;-0.13730495;0.040262748;-0.8153283;-0.8609062;-0.059519332;-0.20529184;0.36534604;-0.16952428;0.07315513;-0.07703608;0.10465587;0.249383;0.23418324;0.15759356;-0.6380185;-0.8787868
-0.28312054;-0.22610256;-0.13145791;-0.2870414;-0.2047877;-0.38079002;0.63128024;0.041465987;-0.4555364;0.08192701;-0.46145058;-1.4370376;-0.08461488;-0.3700704;-0.22487876;0.019976666;-0.19170627;0.031292822;-0.17030126;0.5609025;0.19794808;-0.041735705;0.58154625;0.322137;0.20122072;0.022084499;0.42580217;-0.17846227;-0.45360124;-0.3871125;-0.65701514;-0.924769
0.1859848;-0.040696;0.095736064;0.3153887;-0.4481019;0.41373053;-0.27836993;-0.058919832;0.3065695;-0.014990581;-0.18380299;-0.77974606;0.035604283;-0.65370846;-0.14896892;0.06855686;-0.32364315;-0.3280702;-0.16982989;-0.750048;-0.21955733;-0.13372849;-0.27592683;-0.006061512;-0.03293094;-0.122319914;-0.5972697;-0.45150414;-0.13688199;-0.026077343;0.21003553;-0.6603181
-0.16788787;-0.40083763;-0.1512089;-0.46756893;-0.41091084;-0.30394444;0.21471792;-0.044514664;-0.2830785;-0.15631802;-0.32941994;-1.2900091;-0.021599365;-0.76453;0.6872238;0.033300724;0.06712501;0.047301024;-0.034264162;-0.69978833;-0.116509356;-0.09784589;0.3912168;-0.10927094;0.044650815;-0.10900886;0.21609907;-0.17916062;0.20760265;-0.39761856;-0.3816842;-1.0058304
0.12268527;-0.3710402;-0.12430087;-0.33527997;0.07926549;-0.24866226;0.41610643;0.065444544;-0.39765403;0.03447655;-0.4066019;-1.2427388;-0.20663226;0.52290124;-0.15684228;0.010758302;-0.2781996;-0.3333545;0.4866318;0.50861037;0.14220285;-0.87919444;-0.23334394;0.28377113;0.2952066;0.07383448;0.34352243;-0.19000639;-0.34095928;-0.36910203;-0.15554884;-0.96719044
-0.46134147;-0.27255043;0.10233988;0.4001145;0.06341191;-0.03531745;-0.5124818;-0.08150192;-0.41800755;-0.084803954;-0.066396445;0.0428717;0.069131255;0.53450465;-0.57649;0.060629874;0.028996315;0.038287457;-0.5956039;-0.89838254;-0.08998674;-0.247927;-0.21612108;0.057597905;-0.42750734;-0.036790103;0.071547024;-0.057874404;0.3191606;-0.031812288;0.031575423;-0.78609073
-0.36320278;-0.56052876;0.18181214;0.3452441;0.08682941;-0.17211501;0.18616697;0.05491945;-0.4569687;-0.18226014;-0.08443092;0.19547793;-0.112133406;-0.18772641;-0.16802767;-0.0003260998;-0.15993504;0.024334233;0.0762996;0.6112288;-0.008120012;-1.2139755;-0.4272438;-0.11615819;0.014800372;-0.26878017;-0.3076115;-0.31297982;-0.23545018;-0.1768012;-0.02150584;-0.9467464
-0.4316177;-0.47338998;0.13501126;-0.50783026;-0.47443932;-0.08113933;0.13473883;-0.11211165;-0.36791983;-0.18318531;-0.15263464;-0.11608973;-0.16491169;-0.57405806;0.44907743;0.020757219;-0.09421866;0.025426654;0.46150935;0.40523934;-0.3162258;-0.711988;-0.23450243;0.12887512;0.25137123;0.0021119108;0.3320356;-0.28159297;-0.44863582;-0.39271438;-0.108228505;-0.94915
0.13893819;-0.19958729;-0.13919064;-0.43366635;0.09516807;-0.94249624;0.10144338;0.03908103;-0.3537833;0.13322681;0.15684286;0.5377673;-0.16041008;-0.57845813;-0.23926519;-0.054005504;-0.106854215;0.027982565;-0.8446469;0.49036145;-0.10453965;-0.3063532;-0.28595075;-0.20409007;-0.9190213;-0.21834053;0.09300522;0.04545582;-0.17092909;-0.6866797;-0.35693702;0.84258777
-0.2941128;-0.31467786;-0.22590238;0.020090695;-0.6622089;-0.90843475;0.79470456;-0.1091398;-0.38409877;-0.26912892;-0.13383253;-0.18031308;-0.22402227;-1.0191134;-0.15493768;-0.023707608;0.055868007;0.02482932;-0.1623897;0.48938298;-0.21225399;-0.16686474;-0.3425418;-0.2750233;0.04351651;0.08191109;-0.07664838;-0.1809931;-0.57116234;0.12416807;-0.2774033;0.9856812
-0.25458238;-0.28095466;0.06064272;-0.3196518;0.06943648;-0.53947246;-0.93749195;-0.032762483;-1.3809531;0.031484574;-0.044804387;-0.09826666;0.049579468;-0.104924195;-0.11552458;0.022821251;-0.070229694;0.039056815;0.70591164;-0.8856948;-0.106399074;-0.17546915;-0.3528728;-0.26077276;-0.115322486;-0.07009922;0.107869565;-0.2252961;0.27285263;0.2488645;-0.40693238;-0.79761505
-0.0378324;0.66265136;-0.17656547;-0.58252245;0.028283413;-0.1492206;0.8987506;-0.1625463;-0.32027283;-0.1381001;-0.03747738;-1.0870115;0.052269142;-0.06503846;-0.33575612;0.052615788;-0.53944963;0.03894812;-0.42476776;-0.57504135;-0.057593666;0.371542;-0.28710237;-0.19507468;-0.10202085;-0.20905308;-0.339773;-0.39505184;-0.21880175;-0.2897549;0.09375621;-0.68431926
-0.23005362;-0.25221458;0.13103239;-0.24130534;0.16383845;0.41484535;-0.4395776;0.058719616;-0.34594092;-0.15399292;-0.21872947;-0.049699444;0.015884383;-1.0397961;0.029616196;-0.042484477;0.009375852;0.031486087;-0.24098997;-1.0912458;-0.5084718;0.0980623;-0.18247502;0.0993441;0.23179778;-0.0028828355;0.21424234;-0.5391873;-0.6085361;-0.5590691;0.04414418;1.0881636
0.008577567;-0.32603273;-0.17934494;-0.03222629;0.0753836;0.39813864;-1.1203097;-0.04494963;-1.3990612;-0.005609894;-0.30960378;0.016393164;-0.09874101;0.57655805;-0.12501171;0.0020351976;0.012953687;0.033977594;-0.70587933;-1.0654321;0.015903316;0.0017716906;-0.3600341;-0.10251094;-0.052460626;-0.19863185;-0.33341497;-0.62370676;0.2885453;0.07223499;0.32139528;-0.98976594
-0.4619398;0.85220444;-0.23255646;-0.19000442;-0.644333;0.017277608;0.7813634;0.024781827;-1.6340243;-0.20683223;0.11953453;0.49628964;-0.07570731;-1.0002263;-0.11133756;-0.029088752;-0.01443945;0.02992007;-0.59706664;-0.91164577;-0.12816145;-0.21254545;-0.26782247;-0.1013969;0.011294743;0.07384133;-0.23144019;-0.25741807;-0.5343413;-0.09801239;-0.1162451;0.9762119
-0.44529942;-0.20518312;-0.2924479;-0.116561815;0.034150943;-0.1685114;-0.8734643;0.013741031;0.24380983;-0.05138616;-0.27386278;-1.1886132;-0.17339855;-0.8271523;0.25966048;0.040542465;-0.12224776;-0.21223716;-0.55196875;0.42201316;-0.37744057;0.04775359;-0.27713975;0.10745942;0.1765328;-0.057567913;0.063065626;-0.37069273;-0.6494177;-0.6619974;0.036423355;-0.88391554
-0.35459298;-0.32551727;-0.21703586;0.30153495;0.017562544;-0.15169837;0.0933526;-0.16396594;-1.4460831;-0.099769786;0.26223326;-0.06842587;-0.104308516;-0.5989878;-0.21636683;0.058269966;0.06365573;0.033714525;-0.5726884;-0.92992175;-0.022814788;-0.16449976;0.472041;0.027799774;-0.91410106;-0.015252221;-0.29856944;-0.6759679;0.24954328;-0.25087747;0.13897778;-0.7808627
-0.25726992;0.6410244;-0.15139283;0.046829175;-0.39546975;0.43405038;-1.1907315;-0.04335529;0.20260024;-0.1275468;-0.041735254;0.00092577515;0.04731994;-0.7427604;-0.1909344;0.04870579;-0.207875;0.046124734;-0.01681984;-1.1256461;-0.043886945;-0.085264765;0.5754707;-0.17513067;0.0034534992;-0.07676047;-0.025352107;0.20459259;0.3120412;-0.32870805;-0.026484046;-0.7406801
-0.20128265;-0.383576;0.18380862;0.5086514;0.040348247;-0.20922379;-1.1848747;0.07591015;-0.33229086;-0.1803684;-0.2764452;0.61057127;-0.004801052;-0.45309418;-0.21781367;0.020507734;0.10799026;0.029963717;-0.24557915;-1.1666492;-0.046442468;0.096925564;-0.3594557;-0.30124477;-0.17609316;-0.3437797;-0.45886236;-0.06731726;-0.2436996;-0.6194961;-0.3606475;-0.8878326
-0.40153515;-0.22518183;-0.17333348;0.14489868;0.0864407;0.36121756;-1.3539346;0.027855612;-1.3800199;0.09286391;0.24326211;0.06515296;0.05008948;-0.35266584;0.38128623;0.026050955;-0.015092258;0.03431815;-0.16797338;-1.2437494;-0.14670448;0.40330437;-0.30097148;-0.17094809;-0.09794274;-0.025633015;-0.25856602;-0.25190014;-0.6797961;0.3221673;-0.14668004;-0.9391637
-0.46267378;-0.33809683;-0.1645218;-0.26390225;-0.015739031;-0.28463867;-0.16982725;-0.023339305;0.27346683;-0.0071069375;0.49183515;-1.0538135;-0.07160086;0.022392074;-0.18996914;0.03828756;-0.16085644;0.03469792;-0.638284;-0.8329432;0.041852728;-0.72700334;0.39845532;0.17233;0.21453057;0.04781352;0.14710547;-0.105521284;-0.5559928;-0.2772104;0.11577924;-0.92759556
-0.38185057;-0.2536229;0.19768979;-0.6150482;-0.21551155;0.050239407;-0.53101534;-0.008925267;-1.0923159;-0.10387273;-0.22162302;0.675082;-0.12832092;-1.204471;-0.21171874;0.030778384;0.052866556;0.01387165;0.05782686;0.61638784;-0.4672909;-0.7532349;0.5636585;-0.023888903;0.21091442;-0.028340051;-0.6274637;-0.4501521;-0.48703116;0.1438072;-0.4139831;-0.9508089
0.14055707;-0.26450476;-0.12159582;0.52076185;0.11512008;-0.4267409;-0.18841286;-0.004329742;-0.28747898;0.14640605;0.35659134;0.1113058;-0.016728664;0.471511;-0.097539894;-0.0011182385;0.004882406;0.038598254;-0.13535462;-0.81284827;0.20263976;-0.22928101;-0.31274435;0.29701138;0.3144837;0.09784512;0.49850532;0.451875;-0.26365042;-0.44941914;-0.22977728;1.3482637
0.044236585;-0.5333827;-0.20569783;0.3802898;0.009385631;-0.65763;0.08664306;-0.0929635;0.40274772;0.022970298;-0.29830948;-0.16831149;-0.090675205;-0.28705725;-0.16550642;-0.00664412;-0.2464599;0.03462842;0.02021908;0.6138862;-0.008048926;0.10291029;0.2345265;-0.09473121;0.04903921;-0.18213242;-0.1747191;-0.15045269;-0.08236038;-0.79974014;-0.5024081;0.94197065
-0.21662666;0.59753805;-0.22817223;0.36870155;-0.45624715;-0.8368892;0.07702844;-0.033355504;-0.25883868;-0.1473527;-0.18744043;-0.064209834;0.0133595;-0.6278066;-0.15269957;-0.05846919;-0.0055935066;0.040127844;-0.15141238;-0.7735634;-0.41011667;-0.29669556;-0.37544286;-0.24497662;-0.544218;-0.044567626;-0.7912016;-0.11339387;0.23077673;0.017193042;-0.27416447;0.77759403
-0.00048401463;-0.33606035;-0.18413657;-0.32707703;-0.3318654;-0.2609764;0.22417712;-0.066170216;-1.4795482;0.011547109;-0.37023628;-1.2790565;-0.08602577;-0.52079916;-0.15775204;0.052765843;-0.018099766;0.03656828;-0.7220253;-0.6789602;0.02313701;-0.15464866;-0.31029126;-0.17704256;-0.009791337;0.033881187;-0.29496413;-0.34972385;-0.6840983;0.13660178;-0.014691603;-0.84532315
-0.40899923;-0.1873996;-0.21128154;-0.27617478;0.04400755;-0.59251606;0.21257259;-0.077363074;-0.3834727;-0.014097994;-0.24325311;-0.7707514;0.0021043748;-1.1795834;-0.3754663;-0.10090884;-0.15581074;0.029650748;-0.42766774;-0.82045513;-0.4705428;-0.24348085;0.28596824;-0.13472164;-0.06782507;-0.2983506;-0.47274473;-0.45711863;-0.2754423;0.07112818;0.054951843;0.31648332
0.05552798;-0.41616338;-0.14200538;-0.21223386;0.04425257;-0.4632802;0.020007066;-0.07703341;0.4425632;-0.011083835;-0.3593953;0.073379576;-0.04517315;-0.11711506;-0.27531716;0.028201986;0.024709657;0.043364543;0.00936125;-1.182327;-0.0376724;-0.14802188;0.24175619;-0.42279947;-0.20581515;-0.2115561;0.18760478;-0.61506563;-0.058534585;-0.6568374;-0.3789831;-0.9268428
-0.6075943;-0.2084824;-0.20853895;-0.29563415;-0.619144;-0.95778227;-0.2801295;-0.07258393;0.9406332;-0.1865624;-0.116122015;0.44592232;-0.2385967;-0.97775984;-0.22113334;-0.032068856;-0.2421584;0.021851277;0.4356217;0.5034636;-0.22671157;-0.27283287;-0.36168522;-0.036926787;-0.31503886;-0.34267318;-0.06612997;-0.27637073;-0.19548813;-0.4803916;-0.44293755;0.73118377
-0.23392871;-0.50394744;-0.09148869;0.31176808;0.094179675;0.34448576;0.6561344;-0.20652606;0.26554516;-0.0918291;-0.12054629;0.49109244;-0.062185757;-0.5445659;-0.24427763;0.043555155;0.10516553;0.039740402;0.31696516;-1.1232063;-0.028302513;0.07087245;-0.23454198;-0.14726885;-0.32966688;-0.016860172;-0.04456029;-0.80851203;0.3846418;-0.59025836;-0.4772981;-0.76461005
0.08374351;0.6523426;0.10572751;-0.6635954;-0.24354604;-0.5007654;-1.1518805;0.048730493;-0.29005066;-0.11573939;-0.22341622;0.6762113;-0.2565041;-0.6050613;0.520521;0.030954015;-0.17232928;0.03590477;-0.88585037;0.45460895;-0.2706836;-0.19661027;-0.32266223;-0.2610496;0.0364994;0.056066334;-0.20485798;-0.10515192;-0.6950939;0.18016785;-0.16408053;-0.7167927
-0.4123752;-0.45499477;-0.24380483;0.26808143;-0.590127;-0.28279638;-0.5128973;-0.11456231;-0.44394308;-0.20968439;-0.27982873;0.0012031673;0.018958189;-0.49317092;0.21638729;-0.01715498;-0.12085738;0.027921801;-0.010406245;-1.001734;0.070382416;0.14199324;-0.35114613;-0.119463086;0.031247694;-0.3131907;0.14741746;0.11268599;-0.34338984;-0.008963558;-0.24070689;0.9992126
-0.21748134;0.73724;-0.12068953;0.032395776;-0.39183247;-0.06952727;-0.16543126;-0.07308202;-1.244511;-0.12519723;-0.115096726;-1.0860388;0.0069916286;-0.5565524;-0.21115667;0.04851125;-0.26056498;0.03188877;0.8585149;-0.969744;-0.026956296;-0.15058926;-0.28825608;-0.007903485;-0.24297372;-0.00725328;-0.30955532;0.30194354;0.34241295;-0.3406599;-0.4316358;-0.87996155
-0.25030226;-0.38959238;-0.13135085;0.19447578;-0.36237282;-0.0015612701;-0.38663942;-0.10067222;-0.42993826;0.003275422;0.37302253;0.7479035;0.013747153;-0.4860701;-0.19442229;0.0459497;-0.2945065;0.033499926;-0.7094788;-0.8419454;-0.062336043;-0.19180539;0.38353312;0.11126008;-0.1501383;-0.30431533;-0.15789557;-0.25655767;-0.14277582;0.07246198;-0.39580306;-0.9529333
-0.32551858;-0.36984754;-0.1572757;-0.0132557135;-0.411867;-0.5708709;0.146641;-0.1059532;-0.3863657;-0.13718632;-0.07960023;0.522725;0.025402904;-0.78763133;-0.17694475;0.062139418;-0.156236;0.042532478;-0.7220455;-0.78713506;-0.08388833;-0.27006212;-0.31445777;-0.25778076;-0.30110893;-0.07814933;-0.08278321;-0.10343017;0.2426541;0.23671247;-0.62560135;-0.7606544
0.034870785;-0.25303012;-0.16190206;0.3496657;0.0033548423;-0.37619638;-1.1982208;0.033702403;0.085251994;0.07843547;0.23630321;0.65800995;0.043719158;-0.3666332;-0.24246296;0.027535273;0.10938154;0.030375654;0.37551498;-1.3379445;0.059766553;-0.17045635;-0.3280623;-0.4095112;-0.41588578;-0.031677466;-0.19289741;-0.15515442;-0.5354767;-0.38160172;-0.2141425;-0.8374349
-0.3199518;-0.42218995;-0.19960278;0.45173037;-0.30283043;-0.13325328;0.08354061;-0.09909121;-1.2700627;-0.107989535;-0.27398956;0.6699897;-0.011840346;-0.68203026;-0.18801843;0.046568006;-0.06531987;0.018031875;-0.97164434;0.6258755;-0.19522533;0.04294676;-0.2978579;-0.043658562;-0.6795804;-0.39465135;-0.41704005;-0.059585046;-0.3056888;-0.45283493;-0.38459533;-0.7998282
0.07188552;-0.33550084;-0.1665995;0.30168012;0.036573257;-0.35778722;0.05540845;0.04505317;0.7647583;-0.087623775;-0.2702703;0.6234636;0.006585186;-0.29126558;-0.36899513;0.04967283;-0.050999694;-0.50787187;0.066651404;-1.3150637;0.029893205;-0.98347497;0.1727606;-0.4148098;-0.1201068;0.09329629;0.34929344;0.39769232;-0.5248845;0.118685946;-0.411549;-0.7345414
0.119819924;-0.25415736;-0.17937326;-0.26860276;0.045508873;-0.21004541;-0.24964063;-0.032216497;-0.5004469;0.06039453;-0.28734612;-1.8348296;-0.07946331;-0.3663052;-0.27255076;0.044445504;-0.113660015;0.03445709;-0.14474687;0.56988734;0.10705045;0.056132015;-0.37177068;-0.05749408;0.028125359;-0.23144373;-0.32956344;-0.31795895;0.3559678;0.25172192;0.040702444;-0.96851265
0.42283168;0.6073466;0.05922143;-0.294037;0.016916651;-0.58659446;0.15221651;-0.083694994;-0.35686272;0.13682896;0.34828517;-1.2061293;-0.08375901;1.016764;-0.11417985;0.015764879;-0.037875284;0.023572832;-0.09660933;0.42193168;0.24431086;0.100637965;-0.2969922;0.29544073;0.30472338;0.06467897;0.40812567;-0.21764913;-0.23341578;-0.1938456;-0.003972045;1.2266738
-0.13838845;-0.24075855;0.39332798;0.27564085;-0.3149564;-0.32491884;-1.0122443;-0.1268263;-0.39525497;-0.06030415;-0.22929537;-0.13004489;0.009567809;-0.98640084;-0.08189625;0.057133157;0.031830903;0.030565057;-0.2213749;-0.8117867;-0.24006326;0.109259784;-0.30968216;-0.21562752;-0.0008143892;-0.27329084;0.41041034;-0.5642766;-0.21406145;-0.43230826;0.05716584;-0.8029574
-0.5247359;-0.25165924;-0.14457521;-0.4410181;0.064253144;-0.52355224;-0.19425645;-0.08358607;0.34808257;-0.16572498;0.235017;-0.14045075;0.04080569;-0.50093234;-0.4713649;0.06342107;0.061925765;0.031723242;-0.7231385;-1.0917865;-0.14155798;-0.15847044;-0.41344216;-0.10399451;-0.53701055;0.017066235;-0.12409321;-0.54623806;-0.8468818;0.025162337;0.0706768;-0.74460536
-0.17337438;-0.24085972;-0.2707526;0.4785291;0.01196111;-0.15796743;0.79512465;0.033908963;0.23439741;0.086076275;-0.19266495;-0.105699666;0.058925737;0.4575745;-0.16963471;0.049105942;-0.21391365;0.03571822;-0.5289713;-0.7300179;-0.1996659;0.10632892;-0.2580687;-0.026219591;-0.9324481;-0.047485232;-0.89280695;-0.13587907;0.31690967;-0.17882082;-0.47322193;-0.6635331
-0.41572562;-0.46911183;-0.10826467;-0.3128014;-0.30377898;-0.14088471;-0.31926748;0.0084844325;-0.38012964;-0.14267443;-0.056302797;-0.1276308;-0.0035213043;-0.6725278;-0.22449556;0.08296196;-0.12546961;0.024481246;-0.60005623;-0.93401587;-0.1267227;-0.7661095;-0.45693943;-0.14265083;-0.79344463;-0.16695137;-0.68217206;-0.6025004;0.13594615;0.05228044;-0.10433419;-0.6254211
-0.501548;-0.4457089;-0.20278756;0.31060347;0.08946823;-0.3640647;-0.40272307;-0.041109752;-0.3808623;-0.16615534;-0.27597353;-0.08086588;-0.021717729;-0.908403;-0.095607445;0.01760093;-0.05866533;0.03294934;0.531875;-1.3128517;-0.052378174;0.08606313;0.2214399;-0.23483227;-0.05259362;0.00073915743;-0.36697417;-0.3895579;-0.74437135;-0.41420022;-0.43114522;-1.1703364
-0.37470445;0.67173856;-0.13546246;-0.42318508;0.029341498;-0.7648076;0.6183409;-0.008740287;-0.3592885;-0.11709293;-0.18673493;-0.11727858;-0.29932243;-0.560248;-0.6002051;0.057033017;-0.2978668;0.034567818;-1.0962632;0.29995108;-0.20687605;0.09897454;0.4185263;-0.092758484;0.048684686;0.011820375;-0.2713483;-0.024772972;0.3150418;0.009801645;-0.82478505;-0.8625988
-0.27179462;-0.11028026;-0.21399404;-0.58441216;0.050662376;-0.51106447;-1.0039455;-0.016030984;0.18671423;-0.15156567;-0.10805771;-0.77773696;-0.029728658;-0.94013715;-0.25337353;0.06531816;-0.29666102;0.030337961;0.73520905;-0.7917702;-0.12209967;-0.12148078;-0.34463724;0.03357056;-0.06676681;0.0171627;-0.50626886;-0.43443516;0.40374348;-0.13844147;0.11245662;-0.76992524
-0.56459737;-0.25133798;-0.2701637;-0.6905251;0.030349985;-0.41031358;-1.0831395;-0.10741906;0.20202361;-0.011365233;-0.21336056;-0.021990264;0.07184051;-0.661203;-0.12696776;-0.07316575;-0.36288223;0.037178602;-0.63573515;-0.79860383;-0.20562458;-0.68109167;-0.43327677;-0.31791928;-0.112107076;0.03197612;-0.2839687;-0.10935447;-0.9062713;-0.031062096;-0.05403699;0.83577764
-0.24822314;-0.15942411;0.25144917;0.13005762;0.038834035;-0.3348884;-0.8836045;0.016742464;0.4647397;-0.05172078;-0.054337546;0.7182894;0.12648585;0.2583863;0.26764458;0.04210152;0.08240347;0.033129938;-0.0897498;0.68620545;-0.09072218;-0.1363179;-0.4290275;-0.06474581;-0.63051814;-0.0026365118;0.31069914;0.07350373;0.3387778;0.19676504;-0.25038144;-0.65408206
-0.36132255;-0.30483443;-0.095971845;0.0013503153;0.0016846168;-0.5263598;0.13888884;-0.029191598;-0.27451074;0.009483907;-0.199291;0.10994657;-0.026356438;-0.5238951;-0.26410237;0.04884174;0.021847451;0.04333769;0.59717965;-1.1008021;0.038639564;0.15430605;0.4810068;-0.28193176;-0.12303033;-0.004669242;-0.05102133;-0.30899292;0.35088623;-0.42255935;-0.6009316;-0.89498353
-0.4111283;-0.32482412;-0.31467474;0.4346138;0.0614984;-0.31359163;-0.36336422;-0.07770495;-0.32307756;-0.040259313;-0.23344404;-1.5165929;-0.1313854;-0.46914995;0.37754393;-0.035361487;0.0688197;0.02310253;-0.77298814;0.36375666;-0.44148552;0.08555184;0.4272546;-0.096829996;-0.022393629;-0.061730936;-0.2497574;-0.12470738;0.35882923;-0.5041181;-0.10567807;0.5862834
-0.5198448;0.54013884;0.34776682;-0.8326981;-0.5472766;-0.8625615;0.6567545;0.05013486;-0.3843857;-0.1836791;-0.038219646;-1.1460596;0.017058175;-0.74890435;0.08315698;-0.060871195;0.14223373;0.027787691;-0.14824948;0.4427211;-0.30856043;-0.15326981;-0.26889893;-0.12936254;-0.1444857;-0.017596573;-0.17742103;-0.029026488;-0.5215707;0.2640034;-0.21299411;1.0576557
-0.24212885;0.53693455;-0.1964848;-0.24705182;-0.3911336;-0.46359944;-0.34384152;0.006602138;0.37195253;-0.0066073607;-0.18551007;-1.0678309;0.002195335;-1.4911481;-0.18544012;0.06312103;-0.31797174;-0.29433295;-0.032583892;-0.68882877;-0.32055232;-0.16617993;-0.24825178;-0.10736408;0.013533846;-0.124445885;-0.3117005;-0.51322;-0.09803462;-0.64792806;0.13833168;-0.7056979
-0.1457679;-0.21795431;0.18767227;0.48264357;0.08470831;-0.174842;0.8829584;0.04415602;1.0760967;-0.14793837;-0.10419789;-1.0409359;0.08123274;-0.78205097;0.5237535;-0.024899408;-0.07937668;0.041407973;-0.49915263;-0.7935266;0.05432253;0.122519806;0.30856022;-0.001110065;0.053341176;-0.08898379;-0.14599884;-0.10956262;0.3278141;-0.252193;-0.04452884;0.9243508
0.1785732;0.6135579;-0.1679809;-0.58768654;0.03868892;0.51212114;0.67355245;-0.11540632;-0.41653386;0.074529;-0.31879997;-1.6858107;-0.05265622;-0.51868135;-0.21447374;-0.009734233;-0.20008698;0.029015148;-0.20248376;0.41727075;0.03186611;0.09522915;-0.20264147;-0.16377492;-0.10311382;-0.2642198;-0.28304648;-0.29467505;-0.12654826;-0.55792874;-0.28244072;1.3544296
0.058545336;-0.35141423;-0.110448174;-0.115883745;0.07338479;-0.39512584;0.10500584;-0.01241247;-1.654159;0.07087642;-0.2661948;-0.2433053;-0.14672266;-0.18682013;0.4353631;0.018644836;-0.0022939376;0.030999223;0.5498692;0.57907677;0.14464845;0.4348827;-0.2028396;-0.12892152;0.07901597;0.008534563;-0.13186158;-0.3898216;-0.5051811;0.38241893;-0.0743524;-0.9138305
-0.031147227;0.55949247;-0.12992539;-0.6067963;0.06036142;-0.22402865;-0.9443212;-0.008373465;-0.36335602;0.008850605;-0.30941784;-1.5890912;-0.15187733;0.20653538;-0.22592212;0.017229531;-0.10114733;0.03514083;-0.18246786;0.43249017;-0.014964102;0.4173933;0.4852629;-0.1845618;0.032801114;-0.2593217;-0.3101195;0.13906991;-0.116102785;0.25606352;0.08392247;-0.8618055
-0.32257062;-0.30684966;-0.13413899;-0.116166115;0.11824184;0.089156836;0.715081;-0.033558607;-0.26269272;0.15051427;0.30178347;0.7002949;-0.093260996;0.45636824;-0.043166026;0.0074305297;-0.09896544;0.021181578;0.12721482;0.70200276;-0.101237826;-0.15647393;0.5740703;-0.10789131;0.07032355;0.09746312;-0.21588391;-0.38533777;-0.2896109;-0.01287011;-0.3001548;0.967179
0.027564406;-0.3530879;0.054407775;-0.08406292;0.08821236;-0.56965953;-0.2605309;0.06527203;0.5328448;-0.19480644;-0.13690585;-0.18462768;-0.23520236;-0.94417405;0.4086914;0.035575468;-0.006874377;0.04043718;-0.108833924;0.6645481;-0.031367175;0.11917077;-0.35796797;-0.26093188;0.05316615;-0.21894027;-0.051998697;-0.19427079;-0.14807989;0.20446593;-0.20673966;-1.0061319
-0.5087422;-0.46318778;-0.21849523;-0.25433326;-0.37492493;-0.27901068;0.19556306;-0.03268431;-0.27677703;-0.009576885;-0.04718567;0.5980607;-0.0020064404;-0.3485263;0.10758826;0.051456425;-0.008653596;0.036150575;-0.18515477;-0.84715337;-0.079339236;-0.85868067;-0.26049045;-0.21028641;-0.00043068593;0.084997;-0.3066926;-0.092862695;-0.52873385;-0.33771583;-0.16400358;-0.7709641
0.05479831;0.8092672;-0.18702021;-0.5156283;-0.050275754;-0.18997486;-1.065688;-0.058270875;-1.0839978;-0.13303013;-0.25962102;-0.110361665;-0.022232633;-0.55898255;-0.20609245;0.028663035;-0.054074217;0.034301765;-0.23102385;-1.1783233;0.03411036;-0.487846;-0.3455067;-0.12632771;-0.24078894;-0.10204265;-0.09521468;0.052495044;-0.7397186;-0.44618776;-0.29549974;-0.7433516
-0.3106939;-0.2527399;-0.2155047;0.5755425;0.054564856;-0.33309105;-1.0066234;-0.011603673;-0.33405977;-0.114035636;-0.28772262;0.18153791;0.0060340595;-0.59440476;0.10480764;0.07056003;-0.16780475;-0.43401393;-0.25445613;0.6398799;-0.024130533;-0.2131336;-0.35765073;-0.25240493;-0.095373325;-0.3408277;0.33591676;0.102810554;-0.25545904;0.36298257;-0.22320941;-0.75610197
-0.4500318;-0.28392324;-0.17358893;0.23396026;-0.42242607;-0.2903327;0.85513586;0.013204453;-0.38223934;-0.068436466;-0.29249427;0.08767612;0.012980752;-1.7031862;-0.14788671;0.048426915;-0.020166751;0.030241907;-0.06723737;-0.7673629;-0.4350848;0.17635202;-0.22075084;-0.17726296;0.07741193;-0.20689523;-0.33914304;-0.4436525;-0.19022895;-0.5891116;-0.5600394;-0.8604879
-0.081259266;-0.26974672;-0.26845053;0.16120543;-0.2769463;-0.15447995;-0.9934659;-0.022915948;0.23357762;-0.062173996;-0.29697597;0.54223675;-0.018747896;-1.4259261;0.23719957;0.04618046;0.14548863;0.024810968;-0.17279021;-1.2262653;-0.18945287;-0.20025736;-0.3127812;-0.028679;-0.72146696;-0.28972718;-0.7203192;-0.3986368;-0.12051837;0.19487247;-0.2729888;-0.7485269
0.19021222;-0.3165933;0.066084184;-0.753749;0.05605821;-0.698177;-0.24893804;0.015140597;-0.44896406;0.112863295;0.16794445;-0.1849239;-0.08404777;-0.15350582;-0.2500207;0.0111325905;-0.24277252;0.03236805;0.5521166;0.5937073;0.10161518;-0.19335245;-0.32501853;0.077072605;0.060777698;-0.13288617;-0.30358154;-0.28808114;0.18577285;-0.45794353;-0.67669564;-0.9416443
-0.3388811;-0.29225394;-0.19396318;-0.3810581;0.047119796;-0.010870697;-1.2069227;-0.017209385;-0.21141815;-0.17600426;-0.28166744;0.11772793;-0.015018094;-0.9972502;-0.24011602;0.040218025;-0.16508992;0.027241826;-0.27412206;-1.2521311;-0.04573423;0.13876504;-0.3950859;-0.03446228;-0.4114669;0.015693234;-0.42625034;-0.2095189;0.37192976;-0.33493826;-0.07949933;-0.8452711
-0.40041783;-0.44565514;-0.13453467;-0.13518651;0.08782781;-0.043508366;0.7227357;-0.044468146;-0.47550845;0.10407727;0.2698856;0.19240952;-0.15365203;0.8151841;-0.16039693;0.027068807;-0.04716704;0.0221504;-0.0873848;0.5617279;-0.13167065;-0.1840955;-0.24519637;-0.21172792;-0.20258228;-0.2606218;-0.36081475;-0.42294982;-0.18116906;-0.38156047;-0.13020171;-0.950595
-0.20668674;-0.23395324;-0.28341788;-0.15540771;0.08285194;-0.09560623;-0.34057823;-0.03529409;0.35905987;-0.1874691;-0.094348066;-0.15539324;0.05013353;-1.4671085;-0.1745018;-0.042849243;-0.24738777;0.03387463;-0.026657665;-1.0451355;-0.45829725;-0.24799383;-0.31727165;-0.05925014;-1.0030626;-0.18856274;-0.8935799;-0.22149381;0.0043269647;-0.06838135;-0.103961445;0.85014313
-0.5207109;-0.5172112;-0.22120444;-0.7819346;-0.16531906;-0.1445405;-1.2610587;-0.034602914;0.27825007;-0.080357276;-0.116716444;-0.06301435;0.019269243;-0.2427581;-0.40747264;0.059237476;0.08373861;0.025435906;-0.23023207;0.59869003;0.13090022;-0.8646406;-0.47914547;-0.18900031;-0.0003145137;-0.19794229;-0.24137038;-0.478905;-0.2155011;0.2875341;-0.13046215;-0.7845932
-0.47862208;-0.3727578;-0.22699241;-0.27355295;0.050987322;-0.21414396;-0.9520702;-0.014923453;-1.2753226;-0.1823721;-0.11795728;0.65840745;0.008885229;-0.74333894;0.53836286;0.04335342;-0.30146912;-0.2812385;0.43380803;-1.3162488;-0.05520526;-0.1504435;-0.22040111;-0.2657917;-0.09273626;-0.059549578;-0.1817421;-0.17972359;-0.6732783;-0.17809792;-0.06630334;-0.8534335
-0.15198593;-0.20578505;-0.1594625;0.31049106;-0.36308154;-0.4550404;0.052484065;-0.00077785284;-0.35458973;-0.09769309;-0.11050321;-0.17615865;0.037632488;-1.4001398;-0.12879936;0.06751556;-0.076418824;-0.3234785;-0.22210185;-0.80134004;-0.3516165;-0.8624265;-0.24059913;-0.019384427;-0.3171761;-0.04322878;-0.041069508;-0.35726583;0.24337222;-0.49754795;-0.49369693;-0.900776
-0.19406728;-0.22331789;-0.2528806;0.33388993;0.07911795;-0.16614571;-0.18502133;-0.10861181;0.23042086;-0.06165986;-0.26768258;-0.17479627;0.018150814;-1.228145;-0.15381815;0.036302272;-0.1273146;-0.31423405;0.45058152;-1.0315796;-0.02054333;-0.21178253;-0.2660427;-0.010835264;-0.7368805;0.0066706147;-0.79567903;-0.42164996;0.31937423;-0.13189794;-0.5436131;-0.8211401
-0.18427451;0.5562833;0.19333346;0.8253766;-0.23068307;-0.20974122;-0.5253238;-0.0208312;-0.18606046;-0.07549888;0.032447193;-1.0488652;-0.037818763;-0.32534844;-0.04779521;-0.011291837;0.078484796;-0.20340884;0.6068925;0.7452801;-0.1712436;0.14577302;-0.43767706;-0.2722144;-0.6157294;0.14009349;-0.031717207;-0.06430478;0.37418053;0.09658681;-0.098004654;1.1217586
-0.48407993;0.55131555;-0.1712273;-0.5558493;0.058983628;-0.2050568;-1.0650893;-0.043738227;-0.17288102;-0.14403859;-0.2317146;-0.98430896;-0.034408137;-0.33974433;0.552696;0.06643297;0.059891395;0.034118634;-0.5088701;-0.4508811;-0.12671971;-0.08194644;-0.45339015;-0.13960509;-0.66387564;-0.18677479;-0.5744977;0.21357712;0.1479859;0.27090833;-0.084663965;-0.56072617
0.11348035;-0.26842752;0.10178247;-0.40847024;0.060099017;-0.60164547;0.5872747;-0.045941606;0.29370058;-0.1758068;-0.27362534;0.09678564;0.017807752;-0.5612751;-0.25230426;-0.04622472;-0.11759745;0.034225218;0.056850173;-1.2360623;-0.13455123;-0.19918902;0.2813819;-0.2400598;0.48026988;0.016612334;-0.54641455;-0.40274557;-0.6261536;-0.6033746;-0.33824793;0.83706826
-0.26576033;-0.25496992;0.08474002;-0.5117084;-0.21975692;-0.23429707;-0.9380828;0.03831836;-0.33078092;-0.17548516;-0.21490265;-0.9508776;0.015755843;-0.9178912;-0.3393747;0.049998898;-0.20486845;0.033896916;-0.23261298;-0.99089;0.034619506;-0.5615128;-0.35176346;-0.2737145;-0.028343795;-0.041170344;-0.28750953;-0.27472612;-0.66668636;-0.29402554;0.3004348;-0.8942138
-0.039733827;-0.24642828;-0.058887787;-0.4695344;0.055307835;-0.56061643;-1.1501594;-0.012999959;-0.33497813;-0.15571365;-0.31092006;0.13321705;-0.051434588;-1.0248266;-0.7187631;0.0649379;-0.124365866;0.039132774;-0.24553548;-1.2898765;-0.1753743;-0.15135719;0.45396736;-0.043921143;-0.13876511;-0.24925794;0.07398999;-0.25387788;-0.18415253;0.08278759;-0.10317439;-0.76056963
0.1060971;-0.35782343;0.0066742334;-0.25304532;-0.5015035;-0.12121061;0.68044734;0.0058459556;-0.34959957;-0.1775912;-0.26163694;-1.1098363;-0.019372497;-1.0248119;-0.32120913;0.028274214;0.059426866;0.038372546;0.5269802;-0.7095538;-0.068047106;0.07377884;-0.2166187;-0.009827064;0.2688621;0.0102745425;-0.27298295;-0.17658113;-0.5398456;-0.28432563;-0.17909345;-0.9559922
-0.39499533;-0.32945544;-0.24092819;0.39955422;0.07787062;-0.39959994;-0.8765293;-0.07236391;-0.29545313;0.12009724;0.23640415;0.5712695;0.06939657;0.15425691;0.04992175;0.030034492;0.041255873;0.033431992;-0.010106092;-1.0815582;-0.26030347;0.16938004;0.31572583;-0.04330307;0.04713166;-0.1504903;-0.33041817;-0.047155667;-0.08146336;-0.6582548;-0.40732348;0.7853861
-0.51845956;0.64544797;-0.17423128;-0.88413054;0.031809606;-0.5508982;-1.0775354;-0.009751901;0.22605762;0.061744887;0.11701218;0.08025423;-0.15928845;0.066749446;-0.19782834;0.008526978;-0.06535393;-0.27265936;0.0008604005;0.52607995;-0.0119307265;-0.21025318;-0.42858732;-0.16267301;-0.093717195;-0.03887456;-0.3431457;0.34504655;0.16981944;-0.5196406;-0.52027625;-0.9991478
-0.3146516;-0.3578737;0.1262745;-0.2672535;-0.45985585;-0.06634245;0.1436951;-0.08667187;-1.4100733;-0.06337444;-0.20990895;0.081676945;0.06970738;-1.3942001;0.5501123;0.047569856;-0.15187867;0.028207822;-0.24142286;-0.87984824;-0.3137608;0.117650084;-0.22800061;-0.14383715;0.008105051;-0.18887684;-0.26108858;-0.40881354;-0.21577443;-0.59491724;-0.5141365;-1.014182
-0.28157085;-0.31261644;-0.19755544;-0.6078497;0.10411718;-0.09926111;-0.36290395;-0.00036892388;-0.35637847;-0.11122146;-0.23698188;-0.16881499;-0.14641401;-1.4994173;0.06865238;0.004881223;-0.21622254;0.021379482;0.4659319;0.54194856;-0.6031339;0.1175531;-0.19559054;-0.084631;-0.2681817;-0.08367347;0.34467086;-0.4925964;-0.5856205;-0.34359854;-0.5095954;-1.0494788
-0.33869755;-0.32481447;0.35224408;0.5469036;0.022729266;-0.18790652;-1.0600619;0.04546418;-0.3369557;-0.09236305;-0.13549358;0.00381974;-0.20262769;-0.7412194;-0.039382424;0.0028059795;0.024937637;0.017424945;-0.71360797;0.4275329;-0.5644663;0.07967149;-0.40333387;-0.056217767;0.32252452;-0.037737932;-0.2509651;0.09102378;-0.6597589;-0.5367937;-0.19413391;1.0653732
0.21555239;-0.3460879;0.037128635;0.027990645;-0.029893367;-0.24112645;-1.1586813;-0.10580612;-0.27497452;0.14011404;0.34610125;0.6551533;-0.13059326;0.060458187;-0.17555773;-0.017186116;-0.06469404;0.028739069;0.38142052;0.71640944;-0.023689894;-0.18142037;-0.33076087;-0.054381903;0.018875057;0.07445904;-0.32660154;-0.19587356;-0.349677;-0.44891465;-0.060541637;-1.0262986
-0.08213499;-0.8113084;0.17141609;0.6181099;0.13483787;-0.26164508;-0.45309588;-0.081178255;-0.3407838;-0.15455687;-0.12744898;-1.4444873;0.049150467;-0.8160841;-0.20119256;-0.044552334;-0.100451864;-0.32417336;-0.19217484;-1.31585;0.02359802;0.09759101;-0.32726482;-0.17577048;-0.118302494;-0.3376022;-0.23023012;-0.15391923;-0.4505769;0.10077871;-0.469642;0.9788718
-0.46677956;-0.41776597;-0.13953184;0.23418383;-0.4027854;-0.343068;0.91921765;-0.0011191885;-0.3567061;-0.15029539;-0.02263256;-0.12139466;-0.008194075;-0.77179176;0.5956553;0.023400975;-0.11389596;0.043497797;0.011796754;-0.9419181;-0.073614895;0.09901959;0.2824576;-0.123980634;0.052008662;0.07458678;-0.3323836;0.03199817;-0.55669343;-0.36295435;-0.19908896;-0.8745333
-0.47272658;-0.32383832;0.3496453;-0.6118881;0.13845351;-0.15149947;-0.48165956;-0.09253747;-0.41705176;0.11568332;-0.05308473;-1.5152258;0.060980413;-0.2978323;0.136468;0.009693008;-0.16047755;0.033961598;0.6522418;-0.8560743;-0.034509245;0.119653784;-0.23429213;-0.0967557;0.021767449;-0.13917395;-0.29670233;-0.2763032;-0.112270005;-0.51118964;-0.059703007;1.4909798
0.21373798;-0.21999064;-0.1358821;-0.07378791;0.12317181;-0.59697455;-0.95550245;0.067926064;0.3804891;0.16894493;0.104218096;-0.1219881;-0.15035263;-0.50581175;-0.15970385;0.029829338;0.0717751;0.027774543;0.7204201;0.5774879;0.12852515;0.15950972;-0.26988652;-0.23180375;-0.046327297;-0.19956091;-0.19297387;-0.057943765;0.045919526;-0.4806543;-0.17587326;1.4874166
-0.580437;-0.3212459;-0.20354035;-0.18057209;0.006513554;-0.23169713;-0.8028618;-0.13747232;-0.2215411;0.018758493;0.39140725;0.00822087;-0.008337956;-0.45655823;0.3089893;0.038286682;-0.24846524;0.03609046;-0.63729376;-0.7109432;0.005158281;-0.54164565;0.3955976;0.09263835;0.26998228;0.047444306;0.37615415;-0.32666272;-0.6670364;-0.40503162;0.17976929;-0.87503874
-0.24814048;-0.30687737;-0.23038733;0.38038763;-0.42778853;-0.4348122;0.07942419;-0.05098057;-1.4701575;-0.032374978;-0.10592457;-1.4020528;-0.023478363;-0.8004788;-0.11291362;0.06501179;0.05763465;0.025578983;-0.23074155;0.3147588;-0.23040345;0.09857939;-0.36802354;-0.17922385;-0.08350801;-0.24419646;-0.42248848;0.12937386;0.0052609504;-0.27053744;0.15449208;-0.72007334
-0.04344261;0.6854303;0.20711231;-0.13248256;0.08971662;-0.42846945;-0.8252061;-0.084143996;-0.18690285;0.18720677;0.1899668;-0.01971507;0.028235905;0.33484858;-0.051651016;-0.025120238;0.026890248;0.042198136;-0.15798634;-0.5966105;-0.2969083;-0.25786352;-0.3549488;-0.024522353;-0.16721122;0.05299604;-0.066207044;0.17372388;0.43252233;-0.0020000925;0.27512348;0.922902
0.17209657;-0.27346018;-0.08340186;-0.55033493;-0.16597858;-0.029387359;-0.8847767;0.005161337;-0.22331767;0.13877578;0.36031136;0.18769525;-0.05303038;1.0396429;-0.14156018;0.008648539;-0.04651553;0.025423657;0.5168529;0.65239877;0.13960959;0.15747768;-0.35479715;0.171899;0.4133019;0.06715787;0.5697518;-0.104357205;-0.32787952;-0.35263178;-0.21856056;-0.849593
0.12815225;-0.76492953;-0.14987479;-0.23172289;-0.004241027;-0.3077024;-0.71210736;-0.019704917;-0.2944605;0.038247786;0.07788262;-1.1079948;-0.092362456;-0.0011382252;-0.19900918;0.015933767;-0.18509023;-0.29545045;-0.19430198;0.47683606;0.041857373;-0.8938717;-0.48331654;-0.23187627;-0.10368488;0.07094116;-0.090120375;0.023065493;0.31275263;-0.13350952;0.3636607;-1.0499647
-0.22165793;-0.367864;-0.11756845;0.19611968;0.10419537;0.44306442;0.85045147;0.011425113;0.3355799;-0.008654399;-0.28467956;0.06153846;0.07118044;-0.55888075;0.4435616;0.032478638;0.0074444655;0.050320912;-0.85246557;-0.94899625;-0.13905665;0.2945657;-0.20166667;-0.1579926;0.04512907;-0.23515114;-0.21922576;-0.23634185;0.09543137;0.16861396;-0.4293673;-0.9663611
-0.27594987;-0.21874034;-0.1674007;-0.34652486;0.07304061;-0.5269296;0.11521565;-0.052454997;0.35804006;-0.16525215;0.13778405;-0.89891064;-0.033092376;-0.84382814;-0.28970987;0.06836749;-0.21227525;0.032066334;-0.18769875;-0.79084694;-0.16513084;-0.12824176;-0.4702343;-0.22781181;-0.8433326;-0.03817171;-0.7946306;-0.7712885;0.19210364;-0.35634175;0.1544992;-0.6660858
-0.0363591;-0.24158798;-0.23675743;-0.62826794;-0.34461066;-0.30590922;-0.36418396;0.0032176366;0.8933328;-0.06924624;-0.099293515;-1.012106;-0.010568921;-0.9689412;-0.20760725;0.056923825;-0.43085948;-0.31942397;-0.21461786;-0.7267748;-0.1844967;0.08919219;-0.31364915;0.024168767;0.13916442;-0.008447478;0.21800354;-0.55543923;-0.5635645;-0.62217957;0.16083173;-0.5896075
-0.002570292;-0.25733843;-0.17258753;0.49714786;-0.014787254;-0.49227354;0.007526388;-0.10321282;-1.2723325;0.008050511;0.16461644;0.030405914;-0.074023455;0.58348274;-0.15996185;0.048563246;0.031131601;0.027468517;-0.55103683;-0.91840756;0.0068519516;-0.90318966;-0.35188174;-0.20632794;-0.8001074;-0.12658411;-0.75971025;-0.5651803;0.14571743;-0.2813391;-0.43317795;-0.8132584
-0.56777257;0.45503795;0.15383473;-0.66762036;-0.30061197;-0.3027199;-0.3734903;-0.03288491;1.1270335;-0.12995133;-0.12553957;-1.1536211;0.029342374;0.054756638;-0.3171105;0.06696111;-0.23146583;0.03187497;-0.17498998;-0.9665654;-0.002763413;0.049897682;0.323938;-0.1898178;-0.11993822;-0.24516787;-0.27238247;-0.36899194;-0.5284757;-0.27044386;0.19563876;-0.6564906
-0.25747007;-0.32261416;-0.19677998;0.42733496;0.0052843424;-0.119755834;0.10076009;-0.046378512;0.34281906;0.048102003;-0.22408605;-1.5218127;-0.038854614;-0.5093961;-0.19653033;0.02049618;-0.19954124;0.03367841;0.030303635;0.55888504;-0.080693446;-0.18325536;-0.33775288;-0.024192516;-0.71872246;-0.032355815;0.02683328;-0.17734373;0.31050858;-0.23657125;-0.55588555;-1.1502616
0.44962412;-0.27551556;0.1294563;-0.15202203;0.14659941;-0.079450555;-0.17095897;0.009854199;-0.32076156;0.20615593;0.45972726;-0.96749777;0.11534814;0.38298768;-0.16257955;0.03468649;-0.08205803;-0.30383536;0.06630187;-0.9847356;0.04697941;0.09630424;-0.31163082;-0.059060425;-0.012871123;0.05645655;-0.22487894;-0.29574496;-0.20029211;-0.30811805;0.115306884;1.7320802
-0.3639117;-0.30257538;-0.24583107;-0.6582875;0.10879375;-0.100075364;-0.29479805;-0.03803693;-1.294564;-0.07120964;-0.16610785;-1.1135397;-0.03948406;-0.4202636;-0.18423252;-0.044712923;-0.2735209;0.036178384;-0.02112756;-0.83733726;0.0021655;0.12179504;-0.27853063;-0.08296923;-0.08564123;0.0006697101;0.13328907;-0.015924307;0.28022036;0.008403599;-0.0657465;0.51626265
-0.29893407;0.48370102;-0.12388555;-0.63424176;-0.5996197;-0.61624813;0.5989447;0.033707954;0.32116836;0.035706427;-0.28716835;-1.6201171;-0.13678396;-0.57172865;-0.5242482;-0.02075114;-0.16754586;0.022060027;-0.1777856;0.39901447;0.047384575;0.12448979;-0.36587435;-0.25765193;-0.08618724;-0.2377149;-0.03367198;-0.16194017;-0.36161423;0.04916686;-0.2829542;1.2274473
-0.51795554;-0.07245007;0.16494882;-0.64394826;0.030602202;-0.55757636;-0.6377553;-0.01860834;-0.26730555;-0.20194703;-0.05137054;-0.58887917;0.040699095;-0.43212298;-0.2166736;-0.013292601;-0.0644753;0.036020402;0.63136923;-0.81512755;-0.09179392;-0.22754158;-0.33243227;-0.015321331;-0.7277206;0.038043957;-0.17204002;-0.11700584;0.4585486;-0.1668151;0.01842643;0.6046676
0.051829804;-0.2726244;-0.13571315;-0.1271645;0.04357832;-0.26271418;-0.30548608;-0.034551866;-1.4606813;0.058925577;-0.43944797;-0.12122401;-0.059219796;-0.5241824;-0.24507305;0.03289416;0.0058309278;0.029094711;-0.67588323;-1.0785161;0.089365765;0.29880783;-0.27650568;-0.40068316;-0.06153848;-0.04302606;-0.06511579;-0.22912025;-0.7865018;-0.591491;0.06680265;-0.9223015
-0.24433309;-0.2321913;0.080357686;-0.34062108;0.041593436;0.34230024;-1.3204715;0.018220337;-0.37970832;-0.038354043;-0.078186855;-0.15683019;-0.33985227;-0.034627285;-0.16297737;0.008219743;-0.10592797;0.031558387;-0.017031237;0.48439485;-0.1281077;-0.18209183;-0.4354239;-0.0042090192;-0.26349127;0.0042718165;0.015323268;-0.2344916;0.44293097;-0.16992204;-0.06921611;-0.97392833
0.11455707;-0.28016937;-0.16030896;-0.11780089;-0.39225316;-0.26605764;-1.1854702;-0.10884692;-0.28600895;0.058040965;0.28750283;-0.1527043;-0.0070482204;-0.3941202;0.35048848;0.02129767;-0.009286044;0.042340707;-0.20992035;-1.1058426;-0.103869766;0.10056857;-0.46537727;-0.31072927;-0.032638934;-0.25354254;-0.35629654;-0.27586868;-0.015454752;0.16341113;-0.015911505;-0.93437326
-0.43566856;-0.22990021;0.07339698;-0.57107896;-0.30870023;-0.19095823;-0.23005836;0.006800442;-0.3589763;-0.17577945;0.10517463;-1.5271726;-0.115432486;-0.46079406;-0.13076212;0.05427562;0.22838575;0.023426533;-0.057010874;0.6038544;-0.32818213;0.074136004;0.54700196;-0.13840139;-0.14911057;0.09022018;-0.09557253;-0.63364464;0.3908934;0.15617308;0.022116221;-0.71337533
-0.11733996;-0.5423395;-0.11076793;-0.75603974;0.044597574;-0.14822778;-0.26624155;-0.045177445;0.3079471;-0.008147528;-0.025879884;-0.091134466;-0.0064097093;-0.3915126;-0.13639362;0.06874877;-0.36499938;-0.47320744;-0.42827708;-0.8145455;-0.2019935;-0.16535376;0.50741446;0.03014985;-0.7764095;-0.06347994;0.06977485;-0.34568527;0.41657677;0.07391466;0.087229796;-0.535632
0.1954497;-0.17171636;0.40706742;0.55225223;-0.014421712;-0.09734895;-1.0224991;-0.0060267965;0.8276235;0.02446441;0.19912244;-0.04430774;-0.021849971;1.1901677;-0.099614434;0.021493988;0.0318559;0.039816692;-0.09246875;-0.9956929;0.08840549;0.08733034;-0.35066175;0.24461333;0.371373;0.10097649;0.4746042;-0.25344992;-0.40660787;-0.2569052;0.15440796;-0.7914473
-0.109347984;0.5899618;0.15403387;0.046629068;0.06343114;0.05247207;-0.3007667;0.048537843;1.0805241;-0.008241759;-0.022767222;0.009372881;0.022468865;-0.49013036;0.31246257;0.035146724;0.09030296;0.034048036;-0.03756529;0.5044279;-0.40686595;-0.14830734;0.6900547;-0.06439443;-0.023451217;0.0348659;-0.70768064;-0.14521278;0.29097494;0.12291191;0.24774216;-0.6815025
0.0768472;-0.22874229;-0.2110014;0.49696168;-0.23635782;-0.11969569;-1.1913997;-0.05023525;0.9165541;0.010913674;0.21355541;-0.07507057;-0.049404394;0.086408444;-0.2065538;0.01362058;-0.030293362;0.033190668;-0.15240744;-1.0802808;0.002097589;-0.1651525;-0.5465155;-0.07132746;0.0008586927;0.040145006;-0.40000156;-0.11553701;-0.47619754;-0.35251978;0.07672049;-0.95037156
-0.25890025;-0.18124008;-0.17139752;0.27696037;0.06753224;0.41714415;-1.3384033;-0.08717869;0.2776886;-0.088381656;-0.2955461;0.05909142;-0.27792025;-1.1469711;-0.09256257;0.010181538;-0.05366151;0.02753326;-0.155778;0.4695658;-0.45233357;0.16237645;-0.4053822;-0.053125363;-0.047298383;-0.047903895;0.19695206;-0.21638513;0.30616224;-0.09185239;0.040604994;-0.848707
0.16560279;0.9182965;-0.092925236;-0.055951875;0.11085774;-0.25729385;0.8150219;-0.016947584;-0.33908984;-0.017028157;-0.27801582;-0.14170925;-0.082383305;-0.3540332;0.5319791;0.01653476;-0.031471122;0.058752976;0.46351898;-0.8824137;-0.060795773;-0.12237984;0.05557321;-0.3220287;0.14861752;-0.23657985;-0.14760162;-0.2724767;0.03200202;0.20642182;-0.33846313;-0.92450035
0.045486115;-0.4093294;-0.1205982;-0.36726007;-0.36351225;-0.15663512;0.23454659;0.006831954;-0.32528427;0.050686974;0.382929;-0.134105;-0.08641484;-0.42116302;-0.27890816;0.025358794;-0.13315302;0.037215367;-0.7313844;-0.8299467;0.0072445087;0.096490435;-0.46240994;-0.34830484;0.031960294;0.02843372;-0.31193724;-0.22352849;-0.5132192;0.20434399;0.120579585;-1.0295343
-0.40072182;-0.7738814;0.39178792;-0.27639684;0.10038607;-0.5889432;-0.4764307;0.021390881;1.0695183;-0.15429898;-0.014537364;0.12394452;0.0020013344;-0.9292702;0.5093539;0.054779213;-0.36198893;0.038251743;0.028535107;-1.0991073;-0.17995071;-0.13649645;-0.29464516;-0.15374851;0.083735175;-0.21681254;-0.2906667;-0.3289332;-0.03161127;-0.32383886;-0.39145645;-0.97789276
-0.48552018;-0.53136873;-0.31946468;-0.27910778;0.06349271;-0.20226437;0.30725968;-0.051434662;-0.26662192;-0.20728187;-0.29976863;0.5875883;-0.02727878;-0.7882162;-0.16919301;-0.029348988;0.02369974;0.03946234;0.032556973;-1.1096818;-0.35930166;-0.21843357;-0.17003979;0.0073696775;0.31222185;0.05427725;0.2879293;-0.33672714;-0.51753545;-0.49022007;-0.32361525;1.1672784
0.106816;-0.34146196;-0.15402807;0.17221838;0.054997083;-0.45138496;0.14163028;-0.01305719;-0.31623328;0.073375806;0.2417166;0.77584815;0.085002325;-0.24103925;-0.32178628;0.025634876;-0.13849941;0.043249723;0.03848414;-1.1192356;0.0020178915;0.1451525;-0.33027673;-0.40943226;0.14755294;-0.23802078;-0.28599158;-0.10625559;-0.06865903;-0.6477161;-0.38037205;-0.86341846
-0.27958322;-0.3770386;-0.18200329;0.32307082;-0.39298698;-0.04911824;-0.3715287;-0.020523148;-0.34298494;-0.18832496;-0.057484165;0.04071736;-0.26840284;-0.98189145;0.44585302;0.055055086;-0.2668799;0.020293653;-0.76204616;0.46657857;-0.28292125;-0.27170244;-0.31829208;0.008274955;-0.21499921;-0.07182309;-0.54757077;-0.23520683;-0.44123414;0.10465265;0.23786534;-0.8647478
-0.45948845;-0.37709033;-0.22786674;0.1883931;-0.24845226;-0.18286826;-1.2740508;-0.026725952;-0.3114087;-0.2098106;-0.2606506;-0.20689139;0.016506799;-0.6800974;-0.18074894;0.04836051;-0.06540291;0.027289156;-0.0722735;-1.0586175;-0.16296045;-0.13842848;-0.3251235;-0.2532201;-0.3285911;-0.11667713;-0.22197047;-0.28002337;-0.71636236;-0.3098034;0.07722472;-0.81173426
0.06916745;-0.3342312;-0.22691616;0.45793542;-0.006683636;-0.27416626;0.10911926;-0.041516718;-0.3450369;-0.018865203;-0.49232015;-1.2629087;0.012654492;-0.57025206;-0.29842713;0.009375235;-0.05714584;0.037014764;-0.017156977;-0.90273315;-0.019816764;0.09476429;0.25986996;0.055824;0.2993173;-0.014213175;-0.25698507;-0.27559647;-0.55867076;-0.30244097;-0.42860186;-1.202363
-0.3383159;-0.7134098;-0.007908672;-0.46521035;-0.3545826;0.15377237;-0.4061476;0.0098665655;-0.37911394;-0.121738635;-0.21826385;0.107983716;0.0117707765;-0.5619012;0.44129765;0.07056841;0.027233034;0.041240048;-0.6441037;-0.92876065;0.09548694;-0.13111858;0.53066975;-0.008257646;0.24113193;0.063595474;0.32810435;0.18074772;-0.6252563;-0.30511117;0.043563426;-0.770732
-0.115408525;-0.23486716;0.16065265;-0.49615234;0.0864597;-0.0041771447;-0.32508418;0.08042302;-0.3505931;-0.064704284;-0.15796189;-1.2571712;0.03307209;-0.07997976;0.063579485;-0.07193543;0.0117674945;0.03333459;0.01151367;-0.8985172;-0.28832874;-0.7348087;0.20743476;0.011415655;-0.093257315;-0.012912442;-0.20816344;-0.16556671;-0.7154227;0.17514546;-0.0042071696;0.3945049
-0.34340242;-0.3154692;0.23844895;0.45215175;-0.6013168;0.36537194;0.30266297;0.041859865;0.41763276;-0.13884728;-0.06349022;0.6107121;0.08713113;-0.5432257;0.49552143;0.00805236;-0.016884582;0.0440461;0.11260655;-0.90989953;-0.17031698;-0.16340315;-0.2138841;-0.0069606155;0.1324511;-0.045505088;-0.17269439;-0.08333678;0.21437904;-0.39388573;-0.30503216;1.3759211
0.19617459;-0.4345106;0.1649224;-0.610234;0.06521052;-0.061513126;0.7812876;-0.02785742;1.0934837;-0.18856567;-0.21407512;0.2646841;-0.072945006;-0.6002004;0.4923117;0.0048195757;0.0927528;0.03166254;0.043237686;0.6334422;-0.10482694;0.13237521;-0.15054075;0.12593302;0.2758481;0.017181084;0.23111555;-0.046898596;-0.48615572;-0.44875142;-0.17453545;-0.8666014
0.21608947;-0.31033066;-0.10487416;-0.3722497;0.013371994;-0.66203415;-0.2558942;-0.09848583;-0.5131401;0.09149097;0.31799644;0.097389944;-0.118006125;-0.2866601;-0.21658717;0.043176387;-0.24022114;0.032794803;-0.19654848;0.59693676;0.02407324;-0.20582676;0.7338292;-0.10301222;0.07077175;-0.23429635;-0.35462812;-0.2903214;-0.035360035;-0.62490726;-0.7279488;-0.982438
0.07907967;0.6245489;-0.19837664;0.43789315;0.024905808;0.40357557;-0.9885921;-0.0077067236;-0.2710751;-0.093326196;-0.25853792;-1.4889035;-0.15042487;-0.6582707;-0.19359608;0.030233951;-0.16361082;-0.36676636;-0.8300817;0.49728373;-0.11277638;-0.21179438;0.3366256;-0.29354784;-0.11795336;-0.3005189;-0.123085886;0.089257516;-0.16974169;-0.07295509;-0.17374387;-0.8447133
-0.5041911;-0.7062433;-0.20973504;-0.6460055;0.054738533;-0.08690474;-0.7992694;0.024198512;-0.20990077;-0.17935535;0.15188023;-1.0290042;-0.03542494;-0.8630407;-0.19966939;-0.008515476;0.04808619;0.03350739;-0.42670962;-0.8265168;0.036911592;0.121819936;-0.38706303;0.049290705;-0.3748102;0.11578472;-0.12883805;-0.25836462;0.38546014;-0.12911646;-0.043894082;1.0328215
-0.005084501;-0.2709356;0.24975502;0.46311352;0.07294319;-0.29111016;-1.2964655;-0.03660896;1.0509402;0.111227974;-0.22163664;-0.028856352;-0.0010753963;-0.047316343;-0.08059277;0.043084938;-0.12553103;0.03349226;-0.11854994;-1.2064466;-0.12384981;0.061717637;0.64204544;-0.19094524;-0.10871329;0.018004704;-0.37012908;-0.3241787;-0.8599512;-0.3535269;-0.20147185;-0.8057345
-0.24874432;-0.2459796;0.0847894;-0.21258995;-0.24789235;-0.6217406;0.036424074;-0.040361732;-0.43343857;-0.09915235;-0.12900618;0.11588672;-0.216571;-0.687966;-0.25403267;0.009285292;-0.28308502;0.029473133;-0.010295643;0.59956545;-0.51880693;-0.25178692;0.32366067;-0.16329484;-0.33343565;0.08350386;-0.17267841;-0.32000846;0.41547152;-0.22758791;-0.5495319;-0.8057125
-0.3797996;-0.32019106;0.38382092;-0.3091245;0.100422814;-0.13765971;-0.33086944;-0.0067986827;1.0671853;0.04153431;-0.020561095;-0.07609942;-0.0061744256;0.10646282;0.14604701;0.043245036;-0.28243715;-0.4912024;-0.18754399;-0.90901846;-0.18444027;0.08836911;-0.37098455;-0.34319827;0.16363002;0.052167542;-0.25818363;-0.39277393;-0.6914934;0.044718586;0.016828388;-0.78963405
0.12980984;0.4822969;-0.12797616;-0.5664819;-0.26169556;0.40654552;-1.3756598;-0.0335997;0.19985048;0.061696257;-0.2721032;0.69796616;-0.20595194;-0.61627895;-0.3590093;0.021139113;0.22425064;0.023293266;-0.92780054;0.6286658;-0.22674769;0.050597545;-0.3278195;-0.10645214;-0.2564177;-0.014662664;-0.05628862;-0.18345523;-0.66738415;0.02753759;-0.13555232;-0.7532776
0.0696151;0.73458225;0.3102145;-0.09512494;0.08079952;-0.5025191;0.964269;-0.105243586;-0.33244818;-0.026611852;0.12382489;-1.3273033;-0.061391026;-0.051530108;-0.62664974;0.031996544;-0.07892611;0.043469325;-0.60809803;-0.5344691;0.01579304;0.085402116;-0.26208863;0.025442285;0.006251386;-0.13963684;0.20687875;-0.855281;0.1394434;0.10517186;0.0033589862;-0.902322
0.15910454;0.68255955;0.38949463;-0.0952361;0.07840339;-0.2467817;-0.18857229;-0.027233513;0.48497656;0.009900083;0.13845406;-1.2406871;0.1099679;0.2611691;0.53733534;0.046112303;0.100168735;0.037791263;-0.11472365;-0.943465;0.045762014;0.40968868;0.4707123;-0.082930654;-0.01628904;-0.17330433;-0.16767818;-0.61279136;0.056073;0.29831082;0.17960767;-0.7713018
0.10233328;-0.36944535;0.006408264;-0.33940637;0.16316557;0.6339663;0.8302576;-0.09641618;-0.31836587;-0.18890156;-0.25720996;-0.08134399;0.003646499;-0.12188868;-0.31717983;0.025405178;-0.45932126;0.043858103;-0.21560828;-0.96553314;0.015786111;-0.13302292;-0.1824529;-0.41081557;-0.0015338213;0.066436775;-0.2570531;-0.37931475;-0.7292532;0.21415737;-0.46052498;-0.9538172
-0.09572148;-0.27257344;-0.15273501;-0.25231406;-0.002494772;-0.35001916;-0.15896028;-0.17091106;-0.5590686;0.050895635;-0.28563198;-1.4981029;-0.087640546;-0.5446502;-0.25756076;0.05181922;-0.016664358;0.031175833;-0.18391705;0.5339045;-0.00094846985;-0.8755278;0.4011906;-0.31098348;0.00932348;-0.3330519;-0.14877294;-0.3074975;-0.24527517;-0.2830668;0.16500634;-1.0432378
0.24386379;-0.35556072;0.13897325;0.012297267;0.09185439;0.4878626;0.14203312;0.040227458;1.0250853;0.13159972;0.21765569;0.12812297;-0.050562646;0.03820605;-0.18777364;0.023627343;-0.15775073;0.037671305;-0.015638324;0.71034056;0.06578157;-0.19895563;-0.3118897;0.09940626;0.00876406;-0.088271014;-0.25075305;-0.032350976;0.26438865;-0.33338523;-0.55905026;-0.88386244
0.11824434;0.6763717;-0.19162251;-0.5903586;0.10596752;-0.07142838;-1.0235893;0.10876708;-1.1504455;-0.2021606;-0.110648096;-0.025956178;-0.13873535;-0.85433143;0.39980972;0.007735441;-0.0024701203;0.018053167;-0.6837869;0.44528592;-0.3234438;-0.6193763;-0.4521204;-0.08902315;-0.018190863;0.0392286;-0.27248892;-0.107333556;-0.64091045;-0.30983043;-0.2723527;1.1830072
0.008866129;-0.4029864;-0.041993916;0.44573835;0.138097;0.3953009;-0.29678482;-0.14414378;0.31918004;0.02487227;-0.13600226;0.4116488;-0.050696425;-0.3176368;-0.18552817;0.04334587;-0.06963068;0.03395784;0.38337085;-1.0712461;-0.11295098;0.117860205;-0.21929447;-0.2109557;-0.43363306;-0.21982126;-0.19259271;0.33464953;-0.03857271;-0.0068009095;-0.5510019;-0.737353
-0.24866411;-0.24940978;-0.16664745;-0.56024;-0.44784993;-0.41697285;-0.78420013;0.010446024;-1.418544;0.069196396;-0.2973739;-1.1200113;-0.07506627;-0.18469183;-0.5140516;0.020248316;-0.16775534;0.030337846;0.7911674;-0.98301715;-0.0016329649;-0.20834729;-0.2725515;-0.27584323;0.20091572;-0.2631829;-0.2980698;-0.34975174;-0.3128;0.064009964;-0.07173364;1.1106659
-0.09134767;-0.55294424;0.023180112;-0.54762787;0.06526819;0.30843768;-1.1881484;0.0019462403;-0.3288919;-0.09407476;-0.14885975;0.18714114;-0.21552213;-0.45629418;0.408313;0.062186997;0.20050229;0.030259315;-1.0287794;0.46360546;-0.2104406;0.0143586835;0.5063532;-0.18913813;-0.23294856;-0.3412578;-0.13767023;-0.024183195;-0.31473094;0.20650078;-0.0739231;-0.72081816
-0.16379648;-0.2774475;0.075173624;0.44023567;-0.29342666;0.21655956;-0.96583104;-0.057066448;-0.31944126;-0.14846389;-0.07988026;-1.4413894;-0.17894717;-0.52787566;-0.0390033;0.033656973;-0.113253556;0.024006221;-0.18743746;0.5175613;-0.059064202;0.27152556;-0.5585383;-0.26294205;0.25573015;-0.030573132;-0.1412879;-0.4980073;-0.60609853;0.14554499;0.13641457;-0.8057452
0.1962849;-0.39061797;0.27354822;0.6214757;0.16237801;-0.023928054;0.6419241;-0.017078472;-0.22450033;-0.07844715;-0.18205738;0.6670835;-0.036879446;-0.30263248;-0.08548856;0.050024495;-0.16265777;-0.296785;0.0019349626;0.7518289;-0.10865341;0.18490839;0.25495654;0.10946478;0.30588898;0.046109606;0.30930376;-0.17414089;-0.38141719;-0.40572497;-0.1684438;0.99216974
-0.6040529;0.64699477;-0.08126167;-0.68390447;0.069731176;-0.7325942;-0.18479905;-0.11237432;0.31916526;-0.03516721;0.10180156;0.16170092;-0.0020160852;0.0633884;0.13115907;0.04499966;-0.20349908;0.04489423;0.03527095;-1.0566977;-0.103120215;-0.15197363;0.33921966;-0.35906667;0.24622798;0.0059484253;-0.031193312;0.40891302;-0.7357767;0.34385893;-0.5288322;-0.95078593
0.2960106;-0.4051207;-0.016016802;0.60929567;-0.5148098;0.45323738;0.91815704;-0.087531134;-0.2076083;0.064284295;-0.21830247;0.012340929;0.015020377;0.010590859;-0.16487682;0.025989825;-0.040121667;0.0488278;0.44548464;-0.7461487;-0.06955154;0.08714024;-0.1842398;0.13483389;0.3377531;0.05536871;0.41181102;-0.016319228;-0.40454066;-0.4372912;-0.34576994;-0.7784772
0.10515088;-0.2978109;-0.19612868;-0.3743501;0.0821511;0.38971153;-1.1362389;-0.036445055;0.2788815;0.049642038;-0.5228609;0.641097;-0.02736344;0.1817983;-0.18357211;-0.0048493906;-0.19272378;0.029299313;-0.18237159;-1.3027266;0.04481969;0.093898594;-0.30163723;0.12271041;0.42630488;0.09702575;0.41062224;-0.56627756;-0.5004236;-0.6487203;-0.4747172;-1.0786512
0.013535786;-0.4640369;-0.17286997;0.3846573;0.076627575;-0.30257016;-0.3319361;-0.05215084;-1.4756544;-0.19082385;-0.06883352;-0.0993488;0.012989562;-0.614743;-0.0012692378;0.051345024;0.08471649;0.044985127;-0.16538961;-1.1518936;-0.1121477;-0.13217627;-0.36910897;-0.24306539;0.25763538;-0.27311686;-0.1194618;0.09550504;-0.13538995;0.29576153;-0.111911274;-0.672547
0.25825533;-0.5333707;-0.06106097;-0.23086338;-0.41857177;0.50787604;0.20050895;-0.0467239;-0.34109804;0.1273831;-0.2627132;0.17774954;-0.15382922;0.074669674;-0.1657619;0.043159183;-0.22374356;0.024707273;0.12756257;0.7396352;-0.20021132;-0.17655161;-0.22764207;-0.2562317;-0.39909422;-0.021901427;-0.21960992;-0.048933335;-0.50331265;0.23487695;-0.078024514;-0.7784674
-0.6292739;-0.23168069;-0.28485388;0.45447913;0.12671529;-0.45690393;0.23424624;0.036228925;0.9244311;-0.22239013;-0.13764152;-1.4268112;0.017643174;-0.9617394;-0.13911217;-0.049654845;0.0047825202;0.037790142;-0.1934787;-0.8925714;-0.37978753;0.14351706;-0.24086146;0.08818615;0.21616362;-0.22765861;0.28272822;-0.21207498;-0.24509615;-0.46998733;-0.033957466;0.80294514
-0.45887518;0.8222051;-0.21154965;0.38379303;0.13087241;0.3895554;-0.20113872;0.04346975;0.26144245;0.07693942;-0.28155217;0.106781565;0.0063259644;0.639538;0.14148292;-0.03644696;0.0054023447;0.038768202;-0.8425887;-0.6212075;0.1428482;-0.10805138;-0.22998144;0.115168974;0.38035157;0.06506446;0.32790324;0.55587614;-0.5381675;-0.10806733;-0.18557897;1.076935
-0.44533342;-0.35333073;-0.13087763;0.32487336;0.03457006;-0.4441255;0.0538329;-0.021338824;-0.26113963;0.0016057352;0.22251107;0.06448866;0.07160571;-0.080787316;0.41151884;0.039867267;-0.13111912;-0.49170697;0.054944195;-1.2098353;0.03833013;-1.1653159;0.23882274;-0.4425449;-0.014463445;0.031621646;-0.17341763;-0.22133783;-0.38877413;0.3408282;-0.31589183;-1.0125227
-0.15765233;-0.26976636;-0.13996744;-0.30463332;0.08084741;-0.309565;-0.33703136;0.06344318;0.27317944;-0.07550623;-0.30031;0.6031373;0.0034376236;-1.842953;0.3860244;0.038376775;0.08641421;0.028268564;-0.0012212424;-0.871434;-0.35796392;0.13587517;-0.13487071;0.03393916;0.22174533;0.015922196;0.20876902;-0.36592644;-0.63722247;-0.6176485;-0.30583328;-0.8391263
-0.16869038;-0.48742753;-0.11084568;-0.23092024;0.055059567;0.42927918;-1.1582434;-0.07623442;-0.31773996;-0.09346736;-0.32827157;0.14125744;0.01322484;-0.48515347;0.3765348;0.049784597;0.07813192;0.037184898;-0.7029661;-1.0562553;-0.040539272;0.06323205;0.48561442;0.00667878;-0.5844474;-0.39127272;-0.13416764;-0.50345546;-0.23971952;0.20423019;-0.065158255;-0.7422997
-0.3487037;-0.37411803;-0.13222872;-0.02889489;-0.24248749;-0.15515055;-0.22012824;-0.10661678;-0.25838023;0.07205328;0.3549955;0.74523634;0.07060911;0.075166576;-0.22193943;0.017674737;-0.2489133;-0.32439843;0.03544376;-1.390051;-0.054376457;0.1307288;-0.3183441;-0.33533663;-0.10685337;0.025745416;-0.26987445;-0.21668032;-0.37431058;-0.46870208;-0.108218834;-1.0445647
-0.27216518;-0.70792675;0.13083068;-0.1207126;0.089165255;-0.0850525;-1.1089473;-0.03274746;-0.32701376;-0.21193285;-0.24688277;-0.17603438;0.015627075;-0.87061995;-0.16528848;-0.068902954;-0.21620864;0.023334386;-0.18776616;-1.5141797;-0.2587168;-0.17511308;-0.41947886;-0.2282457;-1.0034354;-0.088882364;-0.094551146;-0.51998496;-0.81081206;-0.4643895;-0.46478224;0.82528824
-0.3401143;-0.5240575;-0.19490549;-0.72766143;-0.25764835;-0.57869864;0.61352974;-0.07749695;0.26582682;-0.011503806;-0.26736626;-0.13424876;-0.015062641;-0.6936751;-0.0034928597;-0.04398103;-0.38020322;-0.3932888;-0.4653326;-0.8183026;-0.45575574;0.100017905;0.29539916;-0.105638556;0.0067299223;0.018478945;-0.22250983;-0.25081334;-0.7083572;-0.42895144;-0.20763424;0.83387
-0.3730593;-0.26978153;0.26805425;-0.4291323;0.03638089;-0.0036205808;0.11429616;-0.02556523;-0.44120958;0.06456724;-0.04306036;-1.7473791;-0.13244113;-0.41080764;-0.5009313;0.02961681;-0.25430286;0.02643735;0.006488038;0.3655645;-0.20559137;-0.9465352;-0.26490942;-0.030522656;-0.15736723;-0.23803103;-0.27348134;-0.1782803;-0.16088714;0.0016213566;-0.53120667;-1.1696863
-0.3351947;-0.28543392;0.23560545;-0.26581946;0.08280845;-0.18200071;-1.2110099;-0.11348283;1.0696952;-0.13172492;-0.106624246;-1.3956825;-0.12967874;-0.8385654;0.46473408;0.0001714523;-0.13867888;0.028824195;0.53613925;0.44083244;0.0060279965;-0.15904334;-0.38955677;-0.07746209;-0.037626278;-0.15300019;-0.31329548;-0.31144458;0.16036907;-0.23165843;-0.1328389;-1.0700761
0.22779322;-0.39769524;-0.04791662;-0.16500506;0.0006386163;0.47047865;0.10329044;-0.0522288;-0.35689625;0.12317944;0.30037588;0.14960329;-0.020497058;0.07928842;-0.15781213;0.029701052;-0.13148075;0.03972768;0.09982599;0.70536125;0.09412047;-0.13390557;-0.24702224;0.1821383;0.3158714;-0.19155742;0.55772877;0.06925909;-0.030535303;-0.41464105;-0.14544918;-0.8374887
-0.6192999;-0.23204099;-0.15327486;-0.26799896;0.07075699;-0.440369;-1.3780943;-0.16813493;0.33857915;0.07988221;0.29501116;-0.1298007;4.0610787e-05;-0.52101105;-0.2472673;0.022096094;0.08424897;0.033105597;-0.0070450846;-1.0521303;0.09975413;-0.15318826;-0.41741753;-0.37663713;-0.08062687;-0.00029624626;-0.16068557;-0.22410667;-0.6694087;-0.4634234;0.031703737;-1.106267
0.31954217;-0.24161486;-0.10999479;-0.15417816;0.019928455;-0.49868336;-0.12233612;-0.049643133;-0.34748816;0.15644154;0.23819594;0.5922232;-0.122787654;0.53273;-0.123189546;0.00078748615;0.047026806;0.025996648;-0.114087135;0.51371896;0.269993;-0.9601252;-0.27042538;0.30419528;0.30179787;0.12021651;0.42550066;0.22688311;-0.23927122;-0.4468915;-0.16706334;1.275995
0.13150483;-0.277254;-0.030316465;0.30747807;-0.58175063;0.41549575;0.73387074;0.046185534;0.34704807;-0.13315792;-0.07358253;-1.1961046;-0.0012262529;-1.0522649;-0.32579693;0.035544313;-0.22968286;0.039718993;0.3737789;-0.853649;-0.15270166;-0.098978266;-0.2141361;-0.08326477;-0.14685649;0.0036320467;-0.10260488;-0.1529421;0.1989058;0.04199054;-0.42350394;-0.92416066
-0.34868923;-0.36501122;-0.1393888;-0.3069797;0.14101158;0.4781108;0.84114957;-0.06441519;-0.39041907;0.0023095703;-0.22211917;-0.10825872;0.09164168;-0.6896777;-0.20843193;0.041733127;-0.061545312;0.02929464;-0.88564795;0.21828583;-0.25474155;0.06845854;-0.1327208;-0.11275977;0.019876244;-0.13020973;-0.27488837;-0.20321116;-0.074835256;-0.7290437;-0.6412777;-1.075473
-0.42207733;-0.40398407;-0.08511683;-0.048406154;0.057961054;0.36547804;0.2009766;-0.12972811;0.21665418;-0.14413632;-0.2162783;0.07125069;-0.061739713;-0.47775206;-0.31930983;0.030626344;-0.18248463;0.043388326;0.55067974;-1.2392502;0.006462996;0.07491225;-0.22931921;-0.3959988;-0.023779733;0.0114558395;-0.2305125;-0.59762335;-0.8187455;-0.6298994;-0.3716089;-0.98406535
-0.3875681;-0.18715787;-0.22005013;-0.33994788;-0.35843918;-0.25828272;-0.44518626;0.06794592;-0.32406932;-0.111809;-0.25038245;-1.0515634;0.011844529;-0.880724;0.5685431;-0.06635426;-0.12576483;0.029032417;-0.29820454;-0.80145276;-0.38809848;-0.21484843;-0.3021506;-0.076344505;0.09416168;-0.10588062;-0.2656333;-0.33505878;-0.09134081;-0.56277245;-0.06519306;0.69586617
-0.48401377;-0.3145977;-0.22535625;-0.04397254;0.077199735;-0.05380032;-1.137753;-0.017023712;-0.21546055;-0.09186877;-0.19679406;0.4819649;0.024922868;-0.49816018;0.44863394;-0.017583843;-0.070008986;0.036439963;-0.59544176;-0.9952743;-0.2424959;0.4058026;-0.2929501;-0.104278855;-0.65266323;0.032952692;0.044149954;-0.3085213;0.25289688;0.055005264;-0.083088264;0.6585192
-0.2972568;0.8430378;-0.09738056;-0.79912573;0.032967735;-0.6147012;-0.21378791;0.054233488;-0.38168782;0.077504985;-0.2712087;0.30707365;0.06377986;0.4173724;-0.19063905;-0.0039393734;0.09612405;0.03539328;-0.18564323;-0.81259286;0.08226555;0.18395115;0.22411607;-0.19868971;-0.008156575;-0.108675964;-0.2093713;0.20627932;-0.021504419;0.26485524;-0.40285903;1.2120973
-0.33282954;-0.27306208;0.29921427;-0.21339984;-0.016827824;-0.5775318;-0.2956544;-0.008722346;-0.5250107;-0.14135933;0.0009205346;0.14490424;0.29752585;-0.38488573;-0.1811745;0.07161016;-0.2585087;0.03228739;-0.16170299;0.70609003;-0.32593802;-0.19757067;0.38213477;-0.08263951;0.2721526;-0.06751246;-0.19156446;-0.5093645;0.24923429;0.06912532;-0.8033268;-0.9370535
-0.30532128;-0.1965892;0.28573716;0.4892563;0.11068292;-0.05931971;-0.2710119;0.016913982;-0.31369767;-0.100840725;-0.02002219;-0.93888474;-0.07118568;-0.60697204;-0.12408604;0.005901574;-0.04669499;0.028254587;-0.7099407;0.60872257;-0.10360774;0.10989469;-0.35439506;0.07425061;-0.028668933;0.13330865;0.16378468;-0.17859706;0.6112667;-0.024563553;-0.048941292;1.4367485
-0.08842104;-0.32738334;-0.13103406;-0.22131373;-0.29592204;-0.059316937;-0.8913757;-0.026656225;-1.2389652;0.094875805;-0.29196265;0.75906056;-0.07107866;-0.3975237;0.4475861;0.012008386;-0.24637592;0.029468209;0.06705051;-1.3571836;-0.027715793;0.27334055;-0.31606662;0.0936933;-0.4572667;-0.036398243;0.17773074;-0.28199968;0.32080024;0.26549032;-0.40522495;-0.9159609
0.0015092308;-0.3515116;-0.20243937;-0.5427449;0.07669286;-0.2829777;-0.18429773;-0.023556296;-0.4391663;-0.023632357;-0.41227612;-1.025813;-0.08776365;0.71444315;-0.27795222;0.034042876;0.12375975;0.031302866;-0.18686672;-0.8080301;-0.03882363;-0.7205672;-0.3420273;-0.38356644;-0.2146985;0.05195482;-0.35617408;-0.55339664;-0.45951366;-0.42933503;0.013437129;-1.0579498
-0.38150615;-0.250285;-0.20991328;-0.025239432;0.042075362;-0.47296056;-0.42085642;-0.0016784468;-0.40797845;-0.059603862;-0.29066515;-0.1846449;-0.17132136;-1.3035388;0.44959354;0.03585135;-0.2574642;-0.31498995;-0.30564192;0.5725811;-0.09754608;-0.2001939;-0.28021964;-0.15273081;-0.03374506;-0.0948087;-0.2829762;-0.2641953;0.047423925;-0.16954869;-0.12798947;-0.914141
-0.51757216;-0.5419737;0.1761297;0.2537739;0.081852116;-0.060105234;0.2623776;-0.0406075;0.48046365;-0.12146335;-0.07054589;0.13844426;-0.12521333;-0.20969333;0.29259753;0.030831423;0.038636748;0.030937009;-0.10849258;0.5477041;0.0023841567;-0.17098314;-0.27013394;-0.06346692;0.0123573;-0.060544375;-0.30753434;-0.3433563;0.0014685406;-0.29621875;-0.41216457;-0.9583203
-0.4631726;-0.4065409;-0.15621227;-0.40071923;-0.0015435047;-0.11418751;-0.29155266;-0.11157611;-0.32614625;0.030485895;0.3892438;0.8012345;-0.0603481;-0.28598654;0.1565551;0.04800246;0.060121454;0.035713024;-0.65365726;-0.8273947;0.011426795;-0.7905897;0.26429537;-0.15843809;-0.05925345;0.09844629;-0.26237285;-0.100172505;-0.56126183;0.12130904;-0.25101614;-0.99622464
-0.6185414;-0.32497302;-0.21668677;0.4811696;0.07496081;-0.39031565;0.10867943;-0.031822048;-1.4926517;-0.09915135;0.022632435;0.58042806;-0.053939737;-1.0538642;0.4001201;0.040897384;-0.10815047;0.036704555;-0.12228835;-1.0423588;-0.07834884;0.12425107;0.21833357;0.16852474;0.27195695;0.039929964;0.37254757;-0.3212371;-0.5043991;-0.6153548;-0.23679906;-0.8051874
-0.3988291;-0.71901363;-0.13330945;-0.40255275;0.037643954;-0.6440671;0.2731459;0.018929081;-0.43529373;-0.119243726;-0.17936377;-1.0771288;0.013408156;-0.9138877;-0.26245284;0.06458004;-0.21741647;0.027514316;-0.25259253;-0.7438383;-0.24060667;-0.87250066;-0.22488326;-0.30602634;-0.14440824;-0.20518349;-0.1341691;-0.2944959;-0.35289288;-0.086058155;-0.040219016;-0.84534466
-0.4087381;-0.59947824;0.28489012;-0.55168957;0.0248648;-0.71544206;0.89719296;-0.044365358;-0.33276796;-0.0151587315;0.01727429;0.098527834;0.027989367;-0.11472277;0.49270374;0.06601748;-0.04884703;0.044833317;-0.6028252;-0.9352116;-0.09405842;-0.23217908;-0.30063933;-0.20801985;-0.9228314;0.022408126;-0.43016192;-0.05395583;0.24527508;0.12473585;-0.52775705;-0.7104173
0.0010137096;0.7776614;-0.13670585;-0.011654733;-0.25711957;0.06077391;-0.8599377;-0.029155388;-0.10226483;-0.11940238;0.34223574;0.7862405;0.04981075;-0.51922244;0.1806131;0.050711576;0.07896729;0.044530515;-0.13445976;-1.0751971;0.053973936;-0.11198262;0.5967698;-0.16299392;0.34269592;0.07497268;-0.14714505;0.16068876;-0.4473983;0.41614118;-0.040692717;-0.5848315
-0.31375393;-0.1934535;-0.06932013;0.21306258;-0.026394013;-0.27557757;-0.678197;-0.03591657;-0.26628152;-0.11991628;-0.13985862;0.92978626;-0.14729281;-0.070385344;-0.16748641;0.060903173;0.17682092;0.025505822;0.118917055;0.93732494;0.012515708;0.01603619;1.0058366;-0.032255385;-0.06568501;-0.0009834911;-0.18885922;-0.16235518;-0.4530421;-0.30195075;-0.2778276;-0.6305202
-0.27953258;0.82312286;0.21458349;0.38217497;0.086185835;-0.25973824;-0.3470994;-0.04553458;-0.36772346;-0.12603319;-0.10870833;-1.4230419;0.084119886;-0.5684106;-0.12678222;0.056439903;-0.12771888;0.03971814;-0.5116879;-0.6646093;-0.043909263;-0.5943061;-0.33196425;-0.07060527;0.23133571;-0.13217966;-0.31635398;-0.4517788;0.024694901;-0.4513439;-0.09017001;-0.8777997
-0.4947938;-0.5964228;-0.12662895;-0.104827926;0.111254536;-0.10666406;0.7276269;-0.00010304339;-0.55058414;0.012792952;-0.26482886;-0.25445455;-0.13453768;0.09014772;0.12558629;0.027277006;-0.13739933;0.0275658;-0.10431095;0.55124426;0.08286087;0.12460498;0.1993681;-0.1426237;0.02859859;-0.27969915;-0.32364082;0.28592443;-0.1308353;-0.07399194;-0.50894576;-1.0334787
-0.40004247;-0.5543673;-0.18492723;-0.2641965;0.09266479;-0.18252337;0.078345485;-0.02167314;-1.5651232;-0.16363716;-0.13075246;0.22297482;-0.14288177;-0.8762689;-0.15265554;0.015529598;-0.09486715;0.026563589;0.5436442;0.54604906;-0.14921997;-0.16623475;0.48364997;-0.17432155;0.06313635;-0.21271122;-0.27082726;-0.38877165;-0.14487806;-0.4856529;-0.41860312;-0.9830709
-0.22691925;-0.17665412;0.012114264;-0.29124913;0.039990243;0.36195675;-0.4438319;-0.09418022;-0.39719993;-0.020105299;-0.106441215;-0.07071913;-0.03428257;-0.13842703;-0.50107265;-0.08430173;-0.08288573;0.03584478;-0.659112;-1.0735333;-0.38960224;-0.29198334;-0.38225433;-0.07876326;-0.89171195;-0.01641671;0.13649917;-0.18837148;0.42798966;0.17098643;-0.019435585;0.69670695
0.1155031;-0.39242053;-0.14886238;0.10088442;0.09973239;-0.7402872;0.8917694;-0.024344247;-0.3868087;-0.044676326;-0.2652873;-0.17859156;-0.1898538;-0.13150278;0.3526573;0.039182313;-0.21686819;0.027144747;0.06733568;0.40600464;-0.025084909;-0.18876685;-0.20552438;-0.32369766;-0.2982868;0.025570892;-0.2204994;-0.35919356;-0.61385196;0.2714824;-0.118513875;-0.7734558
0.12765777;-0.2806328;0.32874748;0.53732485;0.06284874;-0.37368298;-0.74698555;-0.024033716;-0.3789187;0.135842;0.12080323;0.18980771;0.014675071;0.33055085;-0.47893184;0.036294665;-0.0010667108;0.025937751;-0.11191878;0.66769224;0.09425021;-0.21244392;-0.30964315;-0.24306573;0.31246194;-0.21437733;-0.15077722;-0.49051768;-0.08519002;0.1111769;-0.15266833;1.3439955
0.026889155;-0.062285084;-0.17835627;0.44246382;0.17037727;-0.24594566;-0.84341353;0.029680775;-0.17793465;-0.101177216;-0.05123352;0.15470913;0.08899964;0.33936933;0.16179143;0.080354154;-0.040978394;-0.38549054;-0.38659313;-0.49791175;0.057865;0.15464985;-0.39592978;0.18340743;-0.07228303;0.124211036;0.15670004;-0.077072404;0.5664856;0.32146958;0.2968144;-0.44259
-0.4655311;-0.3951444;-0.24170718;-0.5809919;0.07973708;-0.2479459;-0.5187509;-0.08242573;-0.30359027;-0.18482487;-0.017842488;-1.2584716;0.097619675;-0.985833;0.13138655;0.07329777;-0.086342275;0.025275165;-0.58914864;-0.6663139;-0.14210433;-0.12307708;-0.29854935;-0.31165203;-0.047831118;0.016072357;-0.346291;-0.38448146;-0.7387346;-0.37567806;-0.033483896;-0.80320793
-0.22822046;-0.25527188;0.16532557;-0.31061065;0.055745073;0.590247;0.11292978;-0.07153923;-1.4190243;-0.13882716;-0.16264167;-0.14455707;-0.011252696;-0.38181573;-0.24628046;0.04250851;-0.075811796;-0.4243644;-0.20219395;-0.986395;-0.026918186;-0.8739447;-0.22976834;0.06250968;-0.38782355;0.0021651834;-0.18676156;-0.016615037;0.31371775;-0.205019;-0.32283399;-0.86721617
-0.038537383;-0.46743146;0.061231866;-0.43223315;0.049331326;-0.47976574;0.08515557;-0.033111632;-0.19832194;-0.016705984;-0.14078808;0.04858815;-0.008493069;-1.0191096;0.09504392;0.06463713;-0.18751228;-0.28691658;-0.29144794;-1.1356192;-0.20591098;0.5052763;0.28566638;-0.15948063;-0.6103311;0.062496293;-0.547196;-0.32730198;0.26021245;-0.16486575;-0.5173141;-0.8503356
-0.36161777;-0.33238378;-0.14643833;0.36793432;-0.4381532;-0.4145561;0.04580729;-0.092544064;0.8912861;0.025420383;0.094065614;-0.18620272;-0.019350665;-0.094397426;-0.54021734;0.012197843;0.0068756146;0.03877217;0.021045277;-1.1779132;0.040972155;0.15466137;-0.3979413;-0.40484366;-0.14223027;0.041541476;-0.35523108;-0.063307405;-0.45017728;0.15231155;-0.54914886;-0.9797651
-0.097255796;-0.24202046;-0.23673111;-0.23931369;0.046988036;-0.0034308927;-0.30769393;-0.17097145;0.33275032;-0.1352039;-0.20068277;0.13050145;-0.042378664;0.076708704;0.28522748;-0.069482416;-0.081220075;0.035150595;-0.17081428;-1.1185095;-0.41195884;-0.25123483;-0.3260399;-0.047096953;-1.0483574;-0.06659844;-0.8779548;-0.07054952;0.2754419;0.17859708;-0.28340855;0.6741003
-0.2705957;-0.5528835;-0.23451595;0.2777191;0.059908967;-0.1765883;0.23227884;0.06517632;-0.2969494;-0.18394831;-0.14551021;0.6735103;0.05283595;-0.37399924;-0.18171589;0.04415261;-0.120311655;0.03745665;0.017982997;-1.2716758;-0.23304574;-0.17524894;-0.2593831;-0.23079093;-0.1800571;-0.114302576;-0.18585059;-0.6960116;0.20443442;-0.041310765;-0.40161645;-0.7346491
0.000640629;-0.18754965;-0.1806094;-0.19803324;-0.30700073;-0.2908172;-0.9314877;-0.08321734;-0.3193919;-0.15892428;-0.19945289;-1.2060146;0.053380307;-0.67035323;0.12690157;0.07143775;0.13782355;0.035312146;-0.0663876;-0.6370222;-0.14178671;0.06682919;0.35795066;-0.25141594;0.20845185;-0.38527295;-0.08656905;-0.38763988;-0.1986182;-0.12784599;0.05917257;-0.53877145
0.11973387;0.8759804;-0.017568566;-0.38937837;-0.59357667;0.335702;0.94628954;-0.042599596;-0.34171027;-0.0134480875;-0.18442093;0.5041992;-0.03851111;-0.11113384;-0.19698356;0.05499951;-0.11711544;0.047141347;-0.73203623;-0.6941779;-0.0719806;-0.13758178;-0.20583925;-0.10740804;0.031960577;-0.12810782;-0.20913719;-0.35696897;0.28551424;-0.28704453;-0.20624894;-0.7946644
0.06618595;-0.360153;-0.18043594;-0.8177266;0.0484212;-0.444127;-0.2777086;-0.076276414;-0.41765854;0.061497796;-0.37027267;0.7291078;-0.08484477;-0.44887123;-0.28178456;0.042948898;-0.18461964;-0.34839267;-0.25553125;-1.0957525;-0.051091287;-0.20248991;-0.25843033;-0.16152975;0.119271226;-0.20387106;-0.35212666;-0.39260957;-0.099605694;-0.7339649;-0.52239996;-0.9411267
-0.50508636;-0.25338408;0.12395783;-0.6413441;-0.45227078;0.33431685;0.12124018;-0.051401988;0.8976603;-0.17533626;0.035275918;-1.2578546;-0.02098325;-0.8143979;-0.23254089;-0.011704411;-0.32419616;-0.38635623;0.43506208;-1.0228059;-0.35266316;-0.11377605;0.2090719;-0.071510896;0.01228193;-0.032091834;-0.19360533;-0.16529372;-0.55170655;-0.325517;-0.31311277;0.97189224
-0.07135706;-0.30870897;-0.010489634;0.060755763;0.046799187;-0.32105988;-0.1714693;-0.03467212;-0.49409977;-0.13757555;-0.12196215;-1.43644;-0.11516199;-0.41540146;-0.25384447;0.021138387;-0.3054096;0.026218127;0.86297435;0.4019915;-0.059507303;-0.06431183;-0.35432637;-0.3440605;-0.10480355;-0.2802412;-0.3296896;0.02094143;-0.060884263;-0.46641192;-0.5538017;-1.1126329
-0.3673593;0.78843987;-0.30251172;0.34429017;-0.55462784;-0.04727489;0.68964475;0.012194515;-0.3025038;-0.13601841;-0.31881505;-0.06337108;-0.038399644;-1.3721845;-0.15428212;0.0009889468;-0.11859926;0.02927833;-0.009964613;0.40780133;-0.52720916;-0.2652497;-0.28338546;-0.068750635;0.07054439;-0.07971135;-0.24697432;-0.46552557;-0.12261921;-0.61841047;-0.15124883;1.1763641
0.19775279;-0.8136481;-0.12491011;0.4412675;0.059837945;-0.63889253;0.0648275;-0.01682242;-0.41384313;0.0047424473;-0.3512266;-0.19877145;-0.124373876;0.6646438;-0.11929522;0.01519786;0.09398017;0.030042611;-0.13791022;0.6531078;0.09188428;-0.10492985;0.46273327;0.26581386;0.23670058;0.08215845;0.4640988;-0.14409225;-0.43266287;-0.53800225;-0.64507025;-0.9985162
0.24477242;-0.2451008;0.29649442;0.5704302;-0.18552443;-0.28777266;-0.8713163;0.03345491;-1.3007051;0.11674286;0.11797211;0.99975425;-0.04267273;-0.051144987;-0.230301;0.023300257;0.12081225;0.029599022;-0.068521895;0.80245537;0.1381711;-0.018586222;-0.31478244;0.23747826;0.30219704;0.11245417;0.5024633;-0.04345183;-0.2693649;0.18962127;-0.27440342;-0.8222061
0.2038814;-0.33674762;0.29617074;0.44463316;0.08050481;-0.26715448;0.7397788;-0.025138108;0.33211902;0.09325357;0.12678818;0.46940634;0.05180852;0.22338961;0.14046791;-0.00046503748;0.09519394;0.037971217;-0.7426582;-0.7809521;0.09362032;-0.2276497;-0.21564946;0.116558485;0.11750343;-0.102221936;0.35591668;0.045321487;0.20173132;0.24359931;-0.13599004;1.0091289
-0.18018782;-0.89851195;0.08404799;-0.62956953;-0.41899115;0.05614244;-0.28264752;0.06257634;-0.31931767;-0.18638934;-0.090388075;-0.17726344;-0.003902837;-0.5478493;0.15057257;0.049551703;-0.14694478;-0.4037875;-0.06476491;-0.9569058;-0.11704205;-0.13838279;-0.45294887;-0.02015452;-0.14462034;0.011803591;0.010905979;0.036492195;0.3043923;0.13246928;-0.4368931;-0.79546666
-0.5294914;-0.25972798;-0.25599086;-0.6867639;-0.37680537;-0.32927907;-0.9192846;-0.1585595;-0.25797635;-0.16178009;-0.32900095;0.17180212;-0.013816832;-0.7951241;0.024319783;-0.064770125;-0.15414235;-0.27623054;-0.61949337;-0.9361776;-0.45498613;0.12794192;-0.3245845;0.047404487;0.2520104;-0.033264987;0.27366957;-0.41095105;-0.6903565;-0.35134137;-0.25695473;0.5842583
-0.24657205;0.7674356;0.09699744;-0.51787424;-0.38762707;0.0061758533;0.61249536;-0.08851092;-0.2934511;-0.20867327;-0.07004283;-0.91255754;-0.05528483;-0.73046184;-0.28525972;0.04083473;-0.37007356;-0.42308503;-0.20021482;-0.7382445;-0.04193949;-0.77347726;-0.2259094;-0.13986655;-0.07369135;-0.033339784;-0.014746054;-0.31348577;0.24369703;-0.13444589;-0.37501296;-0.9961769
-0.0062394133;0.52044004;-0.15179835;-0.25285012;-0.01094574;-0.1061309;-0.890676;-0.063515976;-0.38124686;0.124757215;0.3274033;-1.3692269;-0.10870816;0.50689846;-0.563279;0.036477678;-0.17090496;0.017970638;-0.135433;0.4002406;0.062647656;-0.16123864;0.3959508;-0.2516656;-0.18078959;-0.0034781515;-0.29726478;0.12138948;-0.427816;0.02648003;-0.37808806;0.90299326
0.077262074;0.40312615;-0.16065289;0.43232468;0.115191616;-0.23036535;-0.9131854;0.0029617632;-0.37459624;0.057164278;0.12290889;-1.3742527;-0.034014322;-0.59591943;-0.19997035;0.038803004;-0.21477081;0.027408304;0.019486837;0.4421438;-0.12588824;-0.18210712;-0.51820636;-0.22226895;-0.32417047;-0.06217265;-0.48156646;-0.44470862;0.31292993;-0.29008833;0.09997853;-0.96134734
0.07281495;0.7174019;0.06776341;-0.11592196;-0.252641;0.21203108;-1.0717425;0.008837249;-0.38631013;-0.10497192;-0.21244094;-1.3790764;-0.11313882;-0.36097392;0.2135767;0.041921727;-0.13999575;0.0255519;-0.16571657;0.46988302;0.23646572;0.044715516;-0.44110528;0.23826803;0.30249307;0.002695289;0.3932305;-0.0647593;-0.5253032;-0.4427675;-0.078425325;-0.8004655
-0.34194988;-0.8324221;-0.10096705;-0.04860461;-0.41760287;0.45172462;-0.4014108;-0.07099891;-0.38000855;-0.02008104;-0.24854809;-0.1436293;-0.0134693105;-0.23699401;-0.063514024;0.029981736;-0.13896558;-0.45011646;-0.045986384;-1.1698087;-0.13580628;0.27541703;0.2868188;-0.1694636;-0.021400515;-0.006520955;-0.2652913;-0.28943583;0.3266986;0.119773135;-0.4773208;-1.081594
-0.52024055;-0.4109052;-0.1247916;-0.090050414;-0.45506173;-0.044305693;0.032446332;-0.030144596;-0.45590106;0.13381225;0.24158971;-0.20045055;-0.16047063;0.17133692;0.10750355;0.025349109;-0.16439576;0.029593697;-0.103961445;0.55019236;0.038786586;0.09413542;-0.35517275;-0.09659393;0.008473866;-0.12116786;0.48823255;-0.5238604;-0.13406675;-0.44145352;-0.66440314;-1.0611908
0.1368976;-0.26987386;-0.18932319;-0.48696178;-0.008081747;-0.26053876;-0.9124678;-0.050035425;-0.23355286;0.077521846;-0.1853647;-1.0594981;-0.046991587;-0.11638806;-0.16273512;0.04885372;-0.17035997;0.040543646;-0.17599715;-0.72650105;-0.057089075;-0.11978975;0.38490978;0.10676369;-0.3967802;0.05907984;0.053005867;-0.4005443;0.45877716;0.054534104;0.3202157;-0.52131206
-0.08159;-0.8889353;0.34270093;-0.7029475;-0.011624176;-0.23980725;-0.48747084;-0.096335456;-0.50575286;0.023384757;0.02166071;-1.2063512;0.031152312;-0.075616926;-0.31671584;0.03069159;0.07138843;0.035182934;-0.040873528;-1.0757982;-0.05876102;0.04180506;-0.38567516;-0.1741736;-0.0070846276;-0.16565725;-0.3406976;-0.21555284;0.22065471;-0.30547532;-0.02171427;-0.99212366
0.033401784;-0.33520266;-0.22950277;0.19522451;0.08005098;-0.31694525;-1.3744602;-0.0027347766;0.877828;-0.1386317;-0.049277484;-0.0050998474;-0.0132659655;-0.8327852;0.34171456;0.026881957;-0.101229474;0.045723483;-0.47509834;-1.0330576;-0.05146645;-0.13367257;-0.42050028;-0.25811616;0.22450744;-0.21071257;0.0681197;-0.37484306;-0.06129867;0.22247119;-0.0014722804;-0.8035469
-0.6084752;-0.3425559;-0.22343086;-0.18472144;0.03909405;-0.17406912;-1.1419854;0.06372162;-0.2529031;0.11952897;0.34385654;-0.08166376;-0.1702248;-0.5668253;0.074544944;0.0354251;-0.106625706;0.024582548;-0.83347887;0.42730728;-0.08587696;-0.23193581;-0.34015772;0.18297525;0.26875377;0.005423722;0.32770798;-0.2941434;-0.52673745;-0.54532504;0.025273137;-0.9995096
0.17530751;-0.20253924;0.10394241;-0.52102304;-0.4989849;0.38227323;-0.31249174;0.07659649;0.47805768;-0.13638964;-0.061500505;0.17740466;-0.15212978;0.040645447;0.58538175;-0.018255552;-0.013216132;0.027835274;-0.081895575;0.64408165;0.16767819;-0.17485426;0.38134456;-0.030518409;0.070118606;-0.079008095;-0.23877393;-0.08756239;0.2951929;-0.4119044;-0.32444358;1.0543772
-0.19381095;-0.32543355;0.10195602;-0.3026248;0.09265812;0.3762593;0.60612553;-0.10871723;-1.3084898;0.003951437;-0.14154083;0.4457201;-0.011375102;-0.8111812;-0.14752679;0.06059937;-0.08933285;0.039280552;-0.42362007;-0.93098325;-0.26758727;-0.86976373;-0.16842647;-0.066103764;-0.78957003;-0.10169488;-0.3358423;-0.20898464;0.06392048;0.14969215;-0.27229935;-0.7739535
-0.09082975;-0.28908637;0.15146413;0.46283865;0.07021093;-0.4933602;0.0346894;0.07567274;0.3565117;-0.14541216;0.13285577;-0.12506776;-0.07977732;-0.632137;-0.17402412;0.056556646;-0.12227561;-0.46173245;-0.532924;-0.90836537;-0.06012604;-0.8648888;-0.44385695;-0.10701094;-0.44731942;-0.025785238;-0.27806395;-0.690005;0.085337386;-0.22448318;0.006992311;-0.815947
0.15343738;-0.30385673;0.37238416;-0.34193298;-0.0126907565;-0.1791592;-1.0329615;0.012894427;0.3494645;0.05542464;0.20261832;0.023480877;-0.016908765;-0.36247274;-0.160773;0.03971356;0.03334558;0.033151787;-1.0315957;0.55759966;0.20581578;-0.15846044;-0.3965916;0.21841674;0.2798332;0.08068193;0.27131808;-0.24694116;-0.56848973;-0.48815128;-0.056097656;-0.9504525
-0.26781607;-0.16452798;-0.19400188;-0.27323428;0.014152039;-0.5567432;0.67336226;-0.08632088;0.17876433;-0.028811473;-0.18585795;-0.17971005;0.100844465;-0.598192;0.3952214;0.058997035;-0.16508576;0.028333344;-0.6603048;0.42735347;-0.41088945;0.08695558;-0.29273582;-0.144333;-0.5080396;-0.05330474;-0.95141613;-0.18078145;0.29643995;0.15049401;-0.6177115;-0.92033446
-0.026549894;-0.16861707;-0.209525;-0.031084895;-0.011993617;-0.23655938;-1.0968214;0.044293135;0.11870186;-0.06312117;-0.23311046;0.07700295;0.050283313;-0.4936334;0.033966925;0.047885682;0.00537555;0.028290184;-0.52513295;0.5254606;-0.31133613;-0.32758367;-0.39745942;-0.024262132;-0.50736034;0.040994808;-0.5089211;-0.2147873;0.40444157;0.17236526;0.16142623;-0.841353
0.14579272;0.57301646;-0.23136356;0.5987652;-0.003516721;-0.26118216;-0.66008085;0.003911652;0.33032188;0.0603288;-0.37994775;-1.1011405;-0.0184666;0.4962128;-0.100884594;0.0399932;-0.07659014;-0.24529098;0.09668584;0.65548337;0.1502115;-0.10929847;0.33884928;0.14532235;0.30012593;-0.23762874;0.31476098;0.3723764;-0.09747681;-0.2756642;-0.23475102;0.91237575
-0.054638047;-0.3057847;0.21698384;0.21245845;0.1279269;0.06535116;-0.2626408;0.08099669;-0.23806205;0.13539988;-0.13802974;0.1786047;0.05856909;0.1386429;0.41130835;0.06265698;0.11838154;-0.36929962;-0.1626663;-0.75850743;0.0011119031;0.11963058;-0.21888289;-0.0061337105;-0.1812006;-0.008953482;0.045796163;0.918182;-0.6500072;0.21596806;-0.20577414;-0.63213503
-0.09703753;0.6276279;-0.27535853;0.42240745;0.03906742;-0.13186947;-1.3421652;0.022306949;0.14774755;0.008153125;-0.30261675;0.60918987;-0.05305494;-0.40970019;-0.49979436;0.026876971;-0.22155875;0.03875866;-0.6771327;-1.0523809;-0.044916432;0.108773045;0.32572433;-0.12333042;-0.16890015;-0.059598446;-0.30544993;-0.28208774;0.3367054;0.13849899;-0.05565752;-0.91734254
-0.3236289;-0.2264089;-0.2467344;0.30880654;-0.33015168;-0.0049073882;-1.1779952;0.015232004;-0.33590594;-0.13672444;-0.18701495;-1.1424046;0.09548615;-0.63402367;0.3719028;0.03556296;-0.1370387;0.031936076;-0.024819959;-0.9413883;-0.002417514;0.053910572;-0.4237019;-0.10467946;-0.02636275;-0.14601229;-0.40952137;-0.6304176;0.04210234;-0.41605487;-0.03440841;-0.82362014
0.06339343;-0.24755542;-0.08960632;-0.4109134;-0.3908637;0.51142704;0.1387162;0.0005077071;0.2596213;0.013342693;-0.27184162;-0.9965789;-0.013702851;0.06480789;0.6055423;0.036297847;-0.45715344;-0.42873326;0.020849405;-0.71590686;-0.118802145;0.05322207;-0.2517442;-0.2626014;-0.006481339;0.03711237;-0.166658;0.07825963;-0.4751394;-0.40673515;-0.3716125;-0.9086458
0.17955908;-0.35705742;0.031085651;-0.5436514;0.084802315;-0.6051322;0.069795504;-0.037815146;-0.298104;0.015716117;0.44886595;-0.0032979469;-0.02959902;-0.3508328;-0.20969574;0.032700624;-0.3219218;0.04443683;-0.8310083;-0.75478673;0.12742326;-0.16433057;-0.27704328;0.2686779;0.2421927;0.078711756;0.38050437;-0.26529822;-0.46247652;-0.5770023;-0.51746184;-0.9860232
0.14100367;-0.16776082;0.056632113;-0.0052407626;0.07616306;-0.42094707;0.06269588;-0.00091886986;-0.46892548;0.067302324;0.41369045;-1.1113331;-0.045926187;1.0048336;-0.14104046;0.026782481;-0.11223749;0.029162522;-0.08227378;0.6268827;0.12901916;-0.10796746;0.44215637;0.4104909;0.27134246;0.07193722;0.5677677;-0.10886497;-0.32760543;-0.15922163;0.13667573;-0.8030213
0.2523429;-0.30377686;-0.1390684;-0.1761088;0.020761687;-0.19843182;-0.6567637;-0.027299665;-0.23187017;0.14829482;-0.4479451;0.20062271;-0.013435967;0.1862299;-0.12445883;0.068821356;-0.04025588;-0.25018167;0.7282555;0.7953257;0.18416381;0.113859065;-0.21464024;0.13009892;0.37040433;0.04047885;0.38326856;0.21899123;-0.32818297;-0.50954723;-0.17131373;1.4584293
-0.4119337;-0.28592664;0.065936886;-0.076423675;-0.50649196;0.45673552;0.20914894;-0.019309515;0.38711563;-0.2044411;-0.07833715;-0.12945458;0.02956926;-0.80850023;-0.24487144;-0.0021943934;-0.15513697;0.03533395;0.5412197;-1.1248964;-0.055015747;-0.16332276;-0.2702275;-0.05927922;-1.1736668;-0.34451973;-0.14706114;-0.19085507;-0.39188245;-0.3651573;-0.3081187;1.0638497
0.17959642;-0.4343779;-0.16245216;0.3265502;0.07390972;-0.1342918;0.099493936;-0.11550984;-0.30127072;-0.1727155;0.25847384;-0.16539238;0.06543914;-0.47607085;-0.2449302;0.034203563;-0.039607372;0.029657207;0.47620344;-1.242733;-0.0040606353;0.11883818;-0.30765098;-0.08092689;-0.8127809;0.025178663;-0.26894626;-0.5562813;-0.46952415;-0.38978958;-0.14334323;-0.8387346
-0.33426744;-0.31903115;0.13543741;-0.36416158;0.10981853;-0.2155409;-0.50284034;0.057072576;-0.3845788;-0.0012940136;-0.23229127;-1.3816661;-0.03746618;-0.266825;-0.18500735;-0.0499298;-0.08148606;0.033491;-0.635862;-0.7457854;-0.07804446;-0.1472587;-0.23150915;-0.27677974;-0.038501583;-0.26198518;0.17206366;-0.2755141;-0.48992127;0.02399007;-0.24904901;0.89484805
0.22446279;-0.37338078;-0.119016975;-0.09351614;0.06304145;-0.041009817;-1.1965667;-0.020373274;-0.30331898;0.11603557;0.30016598;0.89770603;-0.14511783;0.90356785;-0.0729946;-0.006831065;-0.15812147;0.021753713;0.04399626;0.60827655;-0.08109199;0.11977992;-0.3974296;-0.17301422;0.036072314;-0.26820877;-0.39658293;-0.33819237;-0.07562791;-0.40677872;-0.36090997;-1.0835419
-0.5502113;-0.24853955;-0.16952564;-0.23186354;-0.38030386;-0.41491446;-0.9002791;0.038102787;-0.2408174;-0.25821716;-0.28963235;0.7776942;-0.044565212;-0.4476866;0.3888898;-0.036643706;-0.0035255407;-0.25665078;-0.2157145;-1.3005259;-0.3634723;0.107984535;-0.3507098;-0.24134193;-0.12710704;-0.026347976;-0.093045674;-0.6068652;-0.6009624;-0.12551159;-0.12865944;0.9803616
-0.3440678;-0.28902876;-0.2620346;0.577869;0.025132114;-0.16103375;-1.0800928;-0.11827794;0.24812557;-0.11414611;-0.285338;0.18042015;0.08866399;-0.50066173;-0.37380117;-0.03887748;-0.040388737;0.025930606;-0.91120183;0.61055136;0.21156695;0.1505108;-0.37965274;-0.094637275;0.016936619;0.0691572;-0.21983887;0.14097893;-0.7012464;0.31263357;-0.38205376;0.9457739
-0.14886068;-0.26251295;-0.2161227;0.286785;0.08705432;-0.3494108;0.269305;0.018940022;0.3143015;-0.12142606;-0.20860732;-1.2896076;0.016560175;-1.0047399;-0.5710996;0.045058608;-0.18402967;0.03360468;-0.5105026;-0.64864075;-0.09938435;0.06366046;0.35384703;0.03339481;-0.43469566;-0.010053328;-0.18749914;-0.3867444;0.33717236;-0.016280014;0.15451616;-0.7647939
-0.5738022;0.4543884;0.31051564;-0.86394495;0.002053264;-0.39091036;0.08236377;-0.04700028;0.23297356;-0.12536274;0.0145398285;-1.3441397;-0.05040153;-0.672008;-0.23445041;0.07628502;-0.21527521;-0.31301528;-0.81048286;0.49075374;-0.19756067;0.0057653463;0.4054183;-0.1723768;0.22255133;-0.032945417;-0.24808265;-0.29711354;-0.6840732;-0.32162088;0.043530412;-0.8845078
-0.253943;-0.2858961;-0.15812348;-0.48328295;-0.37515932;-0.12036788;0.612174;-0.026078634;-0.26904827;-0.08165482;-0.1876619;0.40809485;0.0056926757;-1.3087811;-0.18850026;0.05505903;0.10975145;0.0302369;0.34319967;-1.0788252;-0.37471232;-0.24519013;-0.16206178;-0.023361254;-0.16036113;0.017193267;-0.7489922;-0.2110584;0.3037683;0.18435684;-0.59606117;-0.79838234
0.07523236;-0.39963043;-0.22687867;-0.73570925;-0.015750792;-0.18158735;0.18415388;-0.08482897;0.42804205;0.07519085;-0.4893778;0.031742435;-0.059877742;-0.22776127;-0.22440627;-0.0062164594;-0.1531665;0.047021523;-0.17468478;-1.0308567;0.07011937;-0.19820537;0.14364673;0.07102404;0.2638885;-0.18521646;0.20792049;-0.1606243;-0.093089804;-0.70430547;-0.26469254;1.0655863
0.030102016;-0.37164077;0.08379507;-0.4955759;-0.0132157225;-0.72700745;0.56460375;0.0027058618;-1.3622382;-0.1699373;-0.17301959;-0.256094;-0.10789603;-0.87825364;-0.4479953;0.015823465;-0.22813457;0.02123807;0.0112128975;0.5786546;-0.043685965;-0.9376543;0.15945567;-0.26028618;-0.25059935;-0.04022042;-0.20616183;-0.27938023;-0.49271843;0.029702647;-0.23062882;-0.9674135
0.029158508;0.43690518;-0.16882396;0.32667494;0.013132663;-0.31717822;-0.95719904;-0.12817399;-0.23912768;-0.030746292;-0.11639942;-0.71967816;-0.0037618454;-1.2507749;-0.100661635;0.06530279;0.011644865;0.034287274;-0.030248083;-0.7832025;-0.2520073;-0.18075365;-0.34078357;-0.16575529;-0.5321223;-0.0047493232;-0.026287494;-0.5714797;0.37249836;0.0052566873;0.28997576;-0.6118551
-0.38203663;-0.47172964;-0.26340434;-0.63945913;-0.42794764;-0.17008667;0.0053662127;-0.047630157;-1.484169;-0.14323102;-0.101874925;0.59204084;-0.041399036;-0.5519599;-0.2257308;0.050916955;0.08487852;0.027917907;-0.6226907;-0.777082;-0.09020851;-0.5880564;-0.25872904;-0.11083224;0.26220122;-0.10847803;-0.39234692;-0.075931564;-0.08481879;-0.36138698;-0.45135793;-0.8391721
-0.05842615;-0.5019663;-0.18629757;0.5186108;-0.39720184;0.37581024;-0.7889339;-0.020261483;0.7051981;0.07615075;-0.22116683;0.59233576;-0.062450964;0.39546278;-0.0916664;0.058539733;-0.04163926;-0.25488126;0.058579396;-1.1509506;0.043037098;0.13446169;-0.29443195;-0.17765151;0.018162971;-0.031724267;0.26077056;-0.028079333;0.23027483;-0.5109891;-0.16461167;1.2130206
0.023881353;-0.33922863;-0.1461537;0.41186666;0.11562501;-0.16081467;0.79639745;-0.04032752;-0.31892473;0.049835768;0.49890813;-1.3061248;-0.08181598;0.29584756;-0.12338438;0.045991268;0.17145267;0.03453425;-0.68037343;0.42279312;0.010144349;-0.17416425;-0.2873046;-0.124970496;0.023113124;-0.28388566;0.5956036;0.11994359;0.119943805;0.16191128;0.38068825;-0.7580482
-0.35317203;-0.3044271;-0.0051031923;0.4501072;0.11287491;0.3861377;-0.3852982;-0.06499028;0.50362027;-0.14653294;-0.19150163;0.12850396;-0.0029441377;-0.96279305;-0.14175023;0.03157067;0.088359445;0.031311706;-0.17971738;-1.3198434;-0.10414583;0.24619707;0.5011578;-0.17214794;0.0473883;-0.24520545;-0.38292718;-0.23707603;-0.19829705;-0.43606064;-0.41824853;-1.1102556
-0.27201822;-0.34824568;0.03758653;-0.27050015;0.124434404;0.2852033;-0.39762083;-0.0011666543;-0.4562343;-0.21259174;-0.19890922;0.06801126;-0.032113384;-0.46627298;0.41117492;0.07097339;-0.073552825;-0.39090148;-0.23431686;-1.2064002;-0.10323796;-0.14009087;-0.2555135;-0.27242512;-0.17453234;-0.24325038;-0.21944053;-0.7285584;-0.10501669;-0.24093063;-0.5183887;-0.9142565
-0.29934436;-0.21423188;-0.13006663;-0.12546663;0.026299585;-0.5227809;-0.3886252;0.008935424;-0.32948345;-0.037877873;-0.24234882;0.5284141;0.04551583;-1.4726989;0.30762348;0.0713623;-0.08951517;0.033951692;-0.05238512;-0.90965074;-0.31711555;-0.24080954;-0.2584418;0.004142222;-0.211297;-0.044184312;-0.041822366;-0.14469539;0.34248638;0.31665698;-0.32467315;-0.78257257
-0.11729144;-0.31151527;0.098288484;-0.17074887;0.060967375;-0.26997668;-0.4755043;-0.18582451;-0.42540503;-0.17722185;-0.19770113;-1.3545903;0.026509501;-0.8995913;-0.17092313;-0.044427216;0.053945202;0.036958434;-0.59456885;-0.9513803;0.028467305;0.04807006;-0.30879554;-0.24836574;0.04848513;-0.2604552;-0.094981916;-0.3130223;-0.25733164;0.11308884;-0.10369107;1.0859267
-0.24661729;-0.16133155;0.23727559;-0.50371695;-0.0005519232;-0.3745251;-0.93154496;-0.17040557;0.3263887;-0.16917112;-0.18056458;-1.3905585;0.0059925206;-0.781689;-0.14306714;-0.055579014;-0.0021970887;0.02334018;-0.20873539;0.5465521;-0.026962515;-0.17467707;0.37062863;-0.16591896;-0.0182822;0.022867555;0.05197063;-0.34226683;-0.8972256;-0.098245785;-0.18637183;0.7212929
0.17492795;-0.33722067;-0.100956865;-0.16529064;0.07696044;-0.3189225;0.8685822;-0.08971444;-1.7367029;0.07307178;0.16071714;-0.08870002;0.05849261;-0.29871914;0.46826237;0.028862504;-0.04029458;0.043237675;0.029755807;-1.0302488;0.070746616;0.45629728;0.11777734;0.09524528;0.11640541;-0.11966409;-0.16286995;-0.15474552;0.24549182;0.23979826;-0.094551615;-0.6720533
0.11292793;0.75193775;-0.09310963;-0.21882027;0.038250785;-0.6144542;-0.25318855;-0.105499156;-1.3257042;0.0048813373;0.073276065;-1.1663076;-0.073607795;-0.16218661;-0.56769574;0.03378822;0.012164556;0.03626104;0.634025;-0.85068256;-0.009208967;-0.1902683;-0.2952292;-0.29145193;-0.17627808;-0.038862634;-0.14187035;0.24345136;0.112139195;0.012348452;-0.44727972;-0.923793
-0.7188656;0.6971245;-0.16075057;-0.7229133;-0.5346238;-0.79643375;0.16530833;0.04577681;-0.3444642;-0.19144943;-0.07441644;-0.18746558;-0.28221172;-0.99675876;0.11749925;0.056072008;-0.038604572;0.02521566;-0.22419468;0.37388128;-0.28102407;-0.14476258;-0.28271437;-0.111237586;0.050157122;0.023247654;-0.2974682;-0.04182785;-0.6080319;-0.30070555;-0.55810213;-0.8602295
0.08174009;-0.31418765;-0.0536734;-0.0019536847;-0.49450353;0.4196552;0.11960899;-0.060045615;-0.38484177;-0.22359672;-0.2568568;-0.29810494;-0.21024747;-0.935356;-0.2507564;0.016457953;-0.3393862;0.028438717;0.05986079;0.64403796;-0.11955636;0.092390746;0.3055982;-0.1057616;-0.18551603;-0.0836332;-0.6004113;-0.10965214;-0.6101327;-0.3689593;-0.4979138;-1.0792797
0.039442718;0.6452782;0.13077845;-0.65643996;-0.01349323;-0.10626309;-0.23933905;0.08440735;0.3846428;-0.20625246;-0.16650778;-1.1237123;-0.051936448;-0.8208008;-0.18350877;-0.028576033;0.053067394;0.034207955;-0.19431737;-0.98229575;0.071513504;0.018434726;-0.22389907;-0.1977654;-0.15726528;-0.044018775;0.096824795;-0.10077777;-0.8229982;-0.24170631;-0.44879857;0.9880041
0.2892651;0.7374292;0.112067506;0.4745601;0.08978593;0.39275602;-0.13547637;-0.009453192;-1.2228014;0.08922103;0.36741757;0.624234;-0.004594851;0.91196656;-0.0828145;0.025703972;0.13074678;0.025876593;-0.7889804;0.65656006;0.08304746;-0.14669539;-0.23992768;0.27947977;0.3428864;0.06775625;0.5573721;-0.21351781;-0.30555457;-0.3402576;-0.4107776;-0.8047446
-0.29844117;-0.6397516;0.11122708;0.3495713;-0.53831756;-0.1082788;0.9509911;-0.010663307;1.1205813;-0.14195246;-0.09621726;-0.16102317;-0.025626538;-0.9223562;0.3717537;0.01603398;-0.41417122;0.041410673;-0.18459153;-1.2341803;-0.1389119;0.24456054;-0.28073043;-0.114130184;0.012630622;-0.2204071;-0.3186331;-0.32367638;-0.13183668;-0.35908243;-0.32541466;-0.96848786
-0.0037955614;-0.45901477;-0.052096423;-0.36699945;-0.419823;0.4772767;0.10777539;-0.065983996;-0.4444388;0.012314729;-0.35312465;0.16386874;-0.045725066;-0.23440203;-0.3212941;0.031434778;0.06232149;0.04510593;-0.16119137;-1.148165;-0.039346226;-0.16318607;0.27814272;-0.35238424;-0.15294592;-0.20969497;-0.3345448;-0.82407147;-0.18019074;0.2876674;-0.58228374;-1.0613656
-0.1711335;0.5114136;-0.2385087;0.5782571;-0.26446864;-0.53356165;-0.2768145;-0.0061219465;0.34390804;-0.102760054;-0.17871156;-1.127518;-0.009354496;-0.79867816;-0.16792054;-0.06084788;0.020991461;0.02435348;0.067069255;0.67252225;-0.39817378;-0.18557023;-0.39781424;-0.22851788;-0.69346136;-0.0069824485;-0.67566967;-0.10740537;0.25278908;-0.02803593;-0.02042108;0.88829625
0.037782732;-0.17554188;0.18585573;0.5952391;0.07603249;0.38231814;-1.0428342;-0.11875141;-0.3128922;-0.1040617;-0.045838237;0.10954808;-0.16680709;-0.04128778;-0.04904147;0.02009586;-0.008244413;0.027615469;-0.65059596;0.5632835;0.18015216;0.52626747;-0.28253397;-0.07558172;0.23684508;-0.09831019;-0.20136014;-0.018169954;0.46382517;-0.23734382;0.016054112;1.0913154
-0.26729134;-0.70238584;-0.119079605;0.30673984;-0.5118619;0.46907887;-0.48227975;-0.07701969;-0.3772215;-0.16662359;-0.21079521;0.09641804;0.05608506;-0.92301285;0.31477168;0.06845022;-0.07191409;0.033603027;-0.17966782;-0.9998029;-0.13638365;-0.10648166;-0.40059218;-0.13867714;-0.2769292;-0.3435512;-0.092556134;-0.13247752;-0.11001275;0.009106908;-0.3341525;-0.77344596
-0.12185468;-0.30392367;0.19774228;0.29904723;-0.43261155;0.28345355;-0.96637475;-0.051458895;0.2244252;-0.14691474;-0.2206014;0.6209975;0.04983409;-0.7620319;0.09678428;0.05085942;0.14528397;0.032577004;-0.14341652;-1.0571865;0.022367494;-0.11485952;-0.32228783;0.0669115;0.25068864;0.064235315;0.38002393;-0.01583049;-0.5581153;-0.6082659;-0.24809821;-0.85886794
-0.2395786;-0.28537676;-0.21196245;-0.029734097;0.020033922;-0.4846741;0.49803725;-0.10744783;-0.2792699;-0.11955837;-0.22304888;0.47270572;-0.03502832;-0.62219775;-0.25478408;0.07328389;-0.15624212;-0.4736268;-0.7267689;-0.86221856;-0.016000163;-0.19815002;-0.2668172;-0.039498687;0.2575245;-0.06468812;-0.43213075;-0.10489281;0.16137263;-0.44651178;-0.33996883;-0.66572005
-0.5429814;0.5738908;-0.20580135;-0.2730135;0.074201696;-0.565526;-0.95434475;-0.0325704;0.26484114;-0.2593557;-0.29180637;0.01538503;-0.0015831181;0.39588043;-0.11559386;-0.019390453;-0.01724207;0.024067594;-0.20483106;-1.2962284;-0.57453674;-0.2314938;-0.43880153;-0.26842108;-0.95945525;-0.06746936;-0.13957863;-0.38106695;-0.60965616;-0.47975227;-0.07728163;0.9393722
0.037794203;-0.22959161;0.2845569;0.420089;0.09561035;-0.22503519;-0.79481983;-0.15242667;-0.26547036;-0.056519873;-0.22812995;-1.3323034;-0.02828849;-1.5540203;-0.029077496;-0.06723103;-0.08614048;0.023211751;-0.18753472;-0.91832;-0.40548068;0.07106557;0.25229868;0.057345666;0.209131;-0.03904614;0.22910422;-0.57060975;-0.7016581;-0.63059497;-0.17675051;0.6268662
0.17504062;0.9174634;-0.0970806;-0.21278255;0.091753356;0.0010176026;0.5400135;-0.018075319;-1.5100317;0.1339935;-0.25702137;-0.025276028;-0.022312108;0.3472217;-0.020871243;0.04478248;-0.10436267;0.024220232;0.5619955;0.562955;0.08234824;0.11662941;-0.1336393;-0.122722834;0.3241879;0.014356488;-0.14917597;0.35179287;-0.35683426;0.2567042;-0.0838943;1.1495075
-0.49333706;-0.27362213;-0.21807632;-0.1332615;-0.002181516;-0.3890314;0.33145013;-0.054475408;-0.25667238;-0.0045487527;-0.3501851;-1.3974626;0.08313177;-0.45192286;-0.27166966;0.04386249;-0.40900245;0.04024133;-0.60063344;-0.8168822;-0.16715823;0.44070348;-0.31257412;-0.32677197;0.02013765;-0.026739601;-0.25864384;-0.23036665;-0.8616466;0.117208965;-0.22719304;-0.9431746
-0.05851216;0.60824764;-0.16968665;-0.38472152;-0.025385965;-0.26307905;0.26284212;-0.036330804;-0.3460546;-0.00023534114;-0.20669279;-1.2465669;-0.093004644;-1.1038482;-0.14275415;0.054672327;0.012248749;0.026879158;-0.41570884;0.23627539;-0.4109993;-0.24689923;-0.23870116;-0.25511077;-0.044476822;-0.0152421985;-0.252198;-0.3784287;0.33857286;-0.5451061;0.0022533545;-0.8706557
-0.5158478;-0.3853186;0.24046977;0.4938654;-0.5326385;0.35550782;0.26939163;0.05353865;-0.26899022;-0.20102668;-0.1907772;-1.340562;0.031011267;-0.71106905;-0.10728734;-0.067801125;-0.057039898;0.035261545;-0.2044822;-0.96262825;-0.32378387;-0.08021971;-0.25019714;0.14667948;0.2736866;0.011745675;0.3152216;-0.07016278;-0.5417741;-0.47366795;0.042228144;0.7921838
0.1508718;0.6987172;0.23879872;0.5203985;0.060597874;-0.45481935;0.75310713;-0.015059682;0.34545884;0.03491863;0.1549607;0.22984311;-0.11047292;-0.19571136;-0.14208445;0.029604143;-0.038479846;0.041918416;0.42264867;0.5731532;0.21925837;0.13636762;-0.15906307;0.3230553;0.31518185;0.045428347;0.40857264;-0.19462761;-0.34660408;-0.5280464;-0.28166714;-0.70552796
-0.3025424;-0.38210902;0.03428643;0.51231897;-0.34345746;-0.35126293;0.13390796;-0.10927298;-0.36781108;-0.14961109;-0.22635561;0.69210964;0.006054398;-1.0156566;-0.6031488;0.037317988;0.060455754;0.039921194;-0.7130702;-1.0849903;-0.012771779;0.082278825;0.47604677;-0.3270512;-0.054119345;0.05091707;-0.25618133;-0.36740416;-0.54254866;0.15676321;-0.5219572;-1.0303054
0.07021995;-0.6745933;-0.13763317;0.50959677;0.03598742;-0.42928284;-0.21680519;-0.028959664;-0.5694215;0.027829764;-0.32034823;-0.10639923;-0.123112395;-0.017832251;-0.22452694;0.030764656;-0.24561371;0.028566653;-0.1207692;0.7669901;-0.042256363;-0.1568765;0.44478783;-0.35984895;-0.1382934;-0.24706317;-0.16772337;-0.486097;-0.1115812;-0.41214123;-0.0031472035;-0.99091953
0.04961008;-0.68538314;-0.17216796;-0.4578689;-0.009426562;-0.67584354;-0.3797439;0.07808084;-0.46894333;0.06923524;-0.31249443;0.660356;0.047188908;-0.32666895;-0.22153021;-0.015679982;-0.10198591;0.034090366;-0.8068016;-0.9995982;-0.032488056;-0.27520928;-0.43132436;-0.11436745;0.098201364;-0.13142717;-0.20561121;-0.17014106;0.27322397;-0.7540867;-0.4059396;1.2714921
-0.50752485;-0.40047005;-0.15143698;-0.0058742464;-0.34801608;-0.15521966;0.6441273;-0.102336355;-1.320722;0.12036588;0.2449245;0.15034634;-0.1741665;-0.23452422;-0.21394092;0.030543644;-0.11840421;-0.2737929;0.07694791;0.7799051;0.037839614;-0.14815423;-0.26817504;-0.31454816;-0.18006471;0.018632295;-0.29407856;-0.155222;-0.39483386;-0.66985506;-0.26787785;-0.9674687
-0.18441758;-0.301225;0.049395;-0.9385689;0.07258166;0.35849845;0.5385878;-0.0525356;-0.3539633;-0.002083325;-0.079243734;-1.3429278;-0.13056943;0.22651756;-0.24849214;0.020099977;-0.30857912;-0.3594261;0.43669206;0.3397349;-0.23323897;-0.12824363;0.19224536;-0.09466639;-0.3787479;-0.15346746;0.094844244;-0.4236597;0.17646798;-0.15697001;-0.36024898;-0.8749172
-0.35738164;-0.2903087;0.1982262;0.6304842;-0.2723569;-0.26985097;-0.86130416;-0.11257213;-0.3278249;0.093136884;-0.1845312;-0.045616537;-0.008517262;-0.28088632;-0.19433323;0.05001289;-0.03744974;0.034199316;-0.19605525;-1.117572;-0.081303366;0.084041975;0.4461398;-0.22978409;-0.2703652;-0.3584826;0.22270286;-0.41852996;-0.50108826;0.081214026;0.1408505;-0.6551882
0.13322964;-0.3272058;-0.08248676;-0.58215696;-0.011740302;-0.6166735;-0.22007895;-0.007597985;-0.39225438;0.073211305;0.103117734;0.7050456;-0.1547004;-0.25064862;-0.48560795;0.031535555;-0.19715525;0.026472777;-1.0908487;0.49829695;0.013770491;-1.162503;0.2969117;-0.31867036;-0.266352;-0.111193165;0.052594773;-0.3411095;0.15356934;0.09802817;-0.6480976;-1.0227188
0.22869177;-0.52594805;-0.12802704;-0.53851944;0.09928742;-0.38841215;0.48770627;-0.08713672;-0.2519954;-0.1255564;0.007406569;0.53908366;-0.019668289;-0.80139786;-0.5888057;0.047821835;0.016347324;0.040188376;0.41217032;-1.0878153;0.044166394;-1.0555835;0.13153756;-0.3783332;-0.07507737;0.08374504;-0.21042849;-0.09833339;-0.4071628;0.14152509;-0.52078;-0.8665921
-0.0073374636;-0.757564;-0.15388334;0.43340477;-0.3257295;-0.445214;-0.5167838;-0.1143003;-0.34855148;-0.12764679;-0.10672828;-1.1990619;0.03299533;-0.8684057;0.49158216;0.05488156;-0.10221872;0.03766403;-0.047370464;-0.9736144;-0.17236504;-0.81433475;-0.3391013;-0.32256708;0.17414;-0.19976029;-0.282132;-0.37017554;-0.27022317;0.05436428;-0.14300996;-0.80839723
0.08222589;0.5611324;-0.22292864;-0.89938736;0.018823544;-0.022180896;-0.9532968;-0.073856704;0.79329324;-0.12944119;-0.17223288;0.53047645;-0.096864164;-0.4875714;-0.1683942;0.026760159;-0.21851683;-0.34257597;0.030759715;0.6579509;-0.051252816;-0.9196017;-0.38314226;-0.080370374;-0.37572902;-0.025358051;0.006716684;0.10509014;0.21276271;-0.42697513;-0.32950577;-0.8654694
0.16578941;-0.27029204;-0.06569874;0.3515038;0.097264506;0.42926878;-0.20072322;0.010119399;0.38951266;0.023428764;0.31118515;-1.1330153;0.07301037;0.23797086;0.5135178;0.0049709985;-0.015215881;0.041949596;0.5538415;-0.896246;0.0012377847;0.1157084;0.38088292;-0.06699049;0.24964355;0.096259676;-0.19815831;0.41053674;-0.3788909;0.3445871;-0.44988057;-0.9617791
-0.53514075;-0.35738578;0.12713164;-0.7973909;0.08600835;0.004895877;0.66304654;-0.019462911;0.2748231;0.09602369;0.4135685;0.62333715;-0.10259125;-0.12879804;0.13500634;0.025178632;-0.17538461;0.027153492;0.25411883;0.58128273;-0.51833797;-0.19602098;0.11243492;0.14695837;0.28942263;-0.00054814713;0.30356684;-0.24348882;-0.47223243;-0.4574712;-0.40106073;-0.8726735
-0.37493458;-0.24780248;0.18148227;-0.3931522;-0.3989806;-0.1206214;-0.30159345;-0.10228446;-0.43750712;-0.1804643;-0.17650087;-0.9749175;-0.010157537;-0.84174037;-0.18630041;-0.040128946;0.011193457;0.021468438;-0.7301189;0.5134611;-0.15113007;0.032434296;-0.37123463;-0.049614385;-0.3935856;-0.09008862;-0.33392245;-0.21318233;-0.73957354;-0.22947197;-0.22525972;0.85360885
-0.10309402;-0.26975492;-0.0048528938;-0.078475185;0.031211415;0.30811644;-0.8459547;-0.047867343;-0.38730657;-0.14344068;-0.16649957;-1.1271303;-0.09775138;-0.6691329;-0.18443994;0.010555454;-0.26744166;0.020435581;0.70187503;0.54327786;0.024717944;-0.77025247;-0.42570817;-0.24798414;-0.28482562;-0.06676196;-0.15543489;-0.60253364;-0.5851604;-0.16971299;-0.0580899;-1.0981834
0.07747999;-0.2899785;-0.26032817;-0.22565319;-0.22030303;-0.32368934;-1.0795941;-0.0070241406;0.30976737;-0.12229005;-0.31519186;-1.4591681;-0.12249104;-0.32571888;0.2721957;0.031839225;-0.2060477;-0.24993436;0.020585874;0.4892076;-0.14706488;0.20732093;-0.32140636;0.041962303;0.26314473;-0.028747965;0.16090287;-0.28526163;-0.61335254;-0.55330706;-0.26950422;-0.9379327
0.22643217;0.58571666;0.123367764;0.5950546;-0.4397434;0.45806077;0.71446264;0.013695867;-0.35755166;-0.15152627;-0.08161194;-0.9254401;-0.006463619;-0.7237592;-0.14639497;-0.019469008;0.08036638;0.028998034;-0.10784705;0.623432;-0.10140941;-0.07317513;-0.22247797;-0.099261746;-0.15672968;-0.0135560185;-0.24665228;0.12626725;-0.41592845;-0.29852116;-0.19187845;1.513796
-0.36503422;-0.31459516;0.28465542;0.41191855;-0.49241355;-0.034366578;0.63986176;0.033558626;-0.403759;-0.054053575;-0.06686196;0.6741029;-0.12467116;-0.06310405;0.47398314;0.03546749;-0.06199105;0.028051212;0.081019066;0.53360707;-0.17701094;0.18590751;0.2657956;-0.05484279;0.11215359;-0.032227185;-0.2510789;-0.070966944;-0.03831629;-0.46653852;-0.25728616;1.0903018
-0.2942054;-0.5079675;-0.16977732;-0.06428856;-0.001994582;-0.18667354;0.72775596;-0.0003295485;-0.5473693;-0.16651756;-0.29185683;-0.12274656;-0.015010104;-0.34359372;-0.058268376;0.035705537;-0.020181129;0.041291147;-0.15740968;-0.83157325;-0.055587213;-1.1238631;0.13599712;-0.24570823;-0.2036368;-0.11563372;-0.3712397;-0.55266905;-0.074635744;-0.17482457;-0.5330483;-1.0275451
-0.15686318;0.5879574;-0.16432266;-0.18588653;0.048786625;-0.25276566;-1.2440648;-0.0776936;-0.2297748;-0.16393606;-0.035090636;-0.14416376;-0.01543706;-0.8677515;-0.229628;0.04336274;-0.30644295;-0.39631438;-0.23767564;-1.2421935;-0.08643207;0.07731759;-0.45728585;0.019737301;-0.17783143;-0.24863207;-0.39650896;-0.34392825;0.36707833;-0.32723454;-0.1845693;-0.9258103
-0.36606714;-0.3299291;-0.27769545;0.31642258;0.050043706;-0.23098494;0.62953246;-0.20574072;-0.22005771;0.0705575;-0.02608655;-0.11659659;0.043335915;-0.028240465;-0.25241533;0.04020613;-0.08063919;0.03552133;-0.06347974;-0.91864645;0.009302519;0.2712257;-0.26872423;0.011336328;-0.9877754;-0.03851477;-0.7107536;0.119200215;-0.6344735;-0.32816976;-0.3636725;-0.57116723
-0.5023309;0.7172762;0.32348713;-0.7119363;-0.56987655;-0.70773196;-1.0574903;0.033094592;-0.31053936;0.1269958;-0.07174816;0.20312963;-0.024505384;-0.19393118;-0.4671604;0.010881539;0.15556481;0.034418005;0.03425157;-0.979548;0.044902608;0.15463229;-0.24669638;-0.20007049;0.103615515;-0.26910686;-0.23058993;-0.14634176;-0.31891146;0.22846317;-0.29296964;1.3500572
0.083493784;-0.16035621;0.40843752;0.23303916;-0.4838114;-0.48830956;-0.20146486;-0.024210392;-1.200767;-0.0608632;-0.11653247;0.099897236;-0.011873633;-0.7029546;0.030861523;-0.04269161;-0.15182544;0.028825657;0.33764708;-1.056033;-0.35426745;0.44309777;-0.24247535;-0.10670983;-0.80519086;-0.26818755;-0.030986447;-0.38227457;-0.11220938;-0.292898;-0.17960387;1.0569705
0.060805198;-0.13666128;-0.22394028;-0.72652555;-0.021227676;-0.30797526;-0.91483134;-0.13689235;0.79212326;0.1392478;0.24239944;-0.91780883;0.039510164;1.2037666;-0.12489199;-0.012867457;-0.0130343195;0.031678617;-0.17943528;-1.0333273;0.18356761;-0.14066918;-0.31900507;0.13373724;0.29325977;0.08073477;0.272539;-0.2532666;-0.37416786;-0.31664371;-0.15962774;0.8837501
-0.28531775;-0.355204;-0.04711409;0.36546054;-0.4483673;0.31195688;0.064476;-0.045070145;-0.3402535;-0.15672198;-0.054437768;0.6104428;-0.21617706;-1.0146018;-0.31954488;-0.00044745067;-0.07399414;0.02355919;0.35799822;0.6383466;-0.48581684;-0.2406057;-0.24147257;-0.07318707;-0.3990545;0.043409936;-0.61182255;-0.13611299;0.21590927;0.043092713;-0.6023193;-0.92987806
-0.3148189;-0.45016608;-0.22352898;0.5015791;0.048546232;-0.21609785;-1.2656856;-0.046506487;0.20037304;-0.10344591;-0.16721128;-0.07469794;-0.2212873;-0.61021006;-0.16167131;0.03380033;-0.07594577;0.020863626;-0.6608757;0.569324;-0.38564223;0.03269292;-0.48631495;-0.20833214;-0.61276305;-0.040257894;-0.02951592;-0.670354;0.38400257;-0.32684606;0.20578712;-0.8331344
-0.10258888;-0.9138045;-0.1280251;-0.14810899;-0.0075526508;-0.67066866;-0.43428943;-0.022619499;-0.3460636;-0.029752957;-0.26926327;-0.18226732;0.03173731;-0.5197559;0.03690405;0.07436062;-0.266124;-0.3603324;-0.24601837;-0.9450393;-0.02646921;0.12471389;-0.5081323;-0.16613467;-0.14932914;0.028689267;-0.21191144;-0.57950145;0.30220386;0.17232722;-0.039357394;-0.6957108
-0.29182795;-0.31790364;-0.17848901;0.023389354;0.080915205;-0.631316;-0.32214773;-0.12099433;-0.4394994;-0.12533806;-0.22287786;0.6761058;-0.18864138;-0.4610246;0.4367873;-0.08325346;-0.17270799;0.021247499;-1.0283593;0.5832912;-0.015578558;-0.28431624;-0.33558783;-0.3007888;0.050354827;-0.28727227;-0.026794706;-0.65252066;-0.03802706;0.23521884;-0.3010324;0.92055094
0.074520595;-0.46711087;-0.18193917;-0.75259954;0.059575047;-0.21157615;0.11045731;-0.07563322;0.39189395;-0.14986277;0.055315465;-0.10564582;-0.12891339;-0.34426528;-0.29439628;-0.0045636366;-0.07866575;0.030924631;0.031363633;0.57505065;0.013155857;0.08431698;0.38011536;-0.18920764;-0.13284564;-0.2558;-0.35561663;-0.1672181;-0.17014821;-0.67233145;-0.49859443;-0.8904242
0.0784744;-0.2324161;-0.15037039;0.5204409;0.0730256;-0.14595541;-0.78588444;0.0045800097;-0.2925942;0.05104579;0.17171793;-1.0233866;-0.16470422;0.16707815;-0.19428517;-0.0077161845;-0.19638598;0.032440726;-0.13700804;0.4241414;-0.06749004;-0.974221;-0.5451166;-0.30662423;-0.017863974;-0.28654206;-0.3208512;0.13053778;-0.095030926;-0.2200334;0.29942626;-1.0323043
-0.33319142;0.56080335;-0.116162375;0.2815793;0.042658646;0.43953484;-1.0203893;-0.0734511;-0.1468414;-0.17400658;0.0073450366;-0.057139162;0.017884191;-0.9647178;-0.1904906;0.015161698;-0.15149161;0.03568005;0.6401724;-0.9851591;-0.09580943;0.1492683;-0.5081504;-0.030161047;-0.814412;-0.02551801;-0.07788507;-0.31288478;0.22301605;-0.24065916;-0.28904238;-0.93403625
-0.22222666;-0.28911376;0.028260937;-0.59217083;0.13488202;0.37579852;0.16918074;-0.014662458;-0.4262851;-0.18116552;-0.1604593;0.121109486;0.02554736;-0.8734434;-0.14320806;0.064991705;-0.26867655;0.03452021;-0.15589139;-1.0616918;-0.3048806;-0.17611925;-0.29921818;-0.07568434;-0.603511;-0.066551924;-0.7371982;-0.28679442;0.2501934;0.21908027;-0.5907375;-0.91629684
0.21390055;-0.31789735;0.24961972;-0.6353009;0.07520976;-0.53091204;-0.34643224;-0.008772893;-0.52242094;0.08509488;0.13730742;0.13265857;-0.06839888;-0.0046411715;0.19692637;0.041555736;-0.17023675;0.02662486;-0.15009521;0.57283926;0.05042797;-0.18645778;-0.30225745;-0.036819085;0.29371393;-0.22352426;-0.35322627;-0.6243539;-0.0420043;-0.17005621;-0.76951;-1.053072
0.084781535;-0.18431823;-0.1126098;-0.678343;0.0062155146;-0.4639498;-0.83907366;0.03263121;-0.45859978;0.057431825;0.22890356;0.055506874;0.011381196;-0.50851095;-0.2511888;0.058462955;-0.17495942;0.02742848;-0.15465745;0.51856244;-0.12234074;-0.85923225;0.4586355;-0.12974198;-0.47210315;-0.30306825;-0.119703494;-0.28420132;-0.2185476;-0.46492293;-0.06877702;-0.80948955
0.2995433;-0.17458707;-0.12830704;-0.489229;-0.03132428;-0.29547167;-1.0463485;0.07825427;-0.26088887;0.14607431;0.40022042;-0.050075732;0.06834226;-0.5080012;0.5157412;-0.018855574;-0.3368033;0.030750927;-0.18155605;-1.1881361;0.072159894;0.09326628;0.3575987;0.028808953;0.07460339;-0.0024986707;-0.239655;-0.2735364;-0.7404265;-0.30679953;-0.26416114;0.8058438
-0.43465787;-0.30409175;-0.21506667;0.36341625;0.016835866;-0.72709954;0.6721214;-0.07390158;-0.31053776;-0.08027322;-0.10617061;-0.21221769;-0.24265714;-0.37435102;-0.17047617;0.0324427;-0.06781447;-0.25593695;-0.0003883629;0.45224017;-0.45667773;-0.21873067;-0.2907168;-0.19066408;-0.6040685;-0.032093808;-0.74542904;-0.28901073;0.14942746;0.25276393;-0.45594802;-0.6565258
0.0040563694;-0.82973623;-0.106250174;-0.88356584;-0.02094431;-0.5130636;0.04648624;-0.029791709;0.3451022;-0.0046607507;0.41600955;-0.16802335;0.02059559;0.71050274;-0.21092762;0.024296848;-0.029114941;0.04367959;-0.15923637;-1.2930685;0.047873247;0.114133775;0.31761414;0.22990258;0.228792;0.06859327;0.30298483;-0.41171214;-0.48144525;-0.48431253;-0.65943253;-0.97807467
-0.37555966;-0.29311937;0.031791825;-0.63641477;-0.22189367;0.02120601;-0.7954925;-0.15189499;-0.26244056;-0.17147572;-0.08178113;0.12511367;-0.0060598184;-0.47624055;-0.481359;0.034953758;0.07972476;0.027634697;0.58286357;-1.1543266;-0.1683558;-0.16781843;-0.36262974;-0.010109328;-0.9272808;0.020593142;-0.34896883;-0.6929893;0.26863056;0.1306247;-0.40879983;-0.8117166
0.106420286;-0.4529308;0.055280197;-0.5272285;0.060136486;-0.20025711;0.92241406;-0.10370503;-0.4105791;0.055800643;0.4219031;-0.09670448;-0.08541875;-0.19811505;-0.57014793;0.019059677;-0.4802116;0.052054193;-0.1313726;-1.0698556;0.01826832;0.28144452;-0.19742817;-0.09104277;0.07690551;-0.19948605;-0.29797179;-0.22840917;-0.033835433;0.34510875;-0.3869206;-1.0399623
-0.34753224;0.8602644;-0.123256765;-0.21449216;-0.5421504;0.024705622;0.7187937;-0.039176863;0.1982879;-0.13913387;-0.05416827;-0.058381084;0.011705291;-0.6615695;-0.10060555;0.03175702;0.051480174;0.046122722;-0.65139025;-0.843425;-0.1472001;0.32442683;-0.28792515;-0.14690828;-0.05304023;-0.105523385;0.016056973;-0.060305238;0.24976955;0.20449111;-0.46961582;-0.8710973
-0.4346078;-0.34082085;-0.30735934;0.29620522;-0.41048807;-0.1491049;-1.1432285;0.017324418;-0.36260825;-0.19618997;-0.29618248;0.59358543;0.0198117;-0.8971542;0.46368626;-0.013114563;0.02601683;0.03083445;-0.17114007;-1.4713024;-0.028206296;-0.22576158;0.38488752;-0.11915557;-0.022534015;-0.3514222;-0.346872;-0.279682;-0.3149195;-0.1316387;-0.05004096;0.886337
-0.2610359;-0.30597633;-0.18826312;-0.70360214;0.07073859;-0.27925315;-0.92307484;-0.016213834;-0.26804107;0.005147674;-0.3756779;-1.1296045;-0.08773117;-0.046927296;-0.11454461;0.029647835;-0.23603924;-0.33741495;0.7382035;-0.7613797;-0.062184088;-0.14101861;-0.22924682;-0.30555898;-0.0381581;-0.236842;0.45738032;-0.2601342;-0.07045677;-0.11872972;0.10567087;-0.89781594
-0.21262409;-0.5394082;-0.13485596;-0.62541413;0.09029431;-0.51388186;-0.2589283;0.05911378;-0.28294;0.011840923;-0.15074417;0.14439677;0.01738086;-0.6415872;-0.4159765;0.07003659;-0.12159986;0.033393424;0.47713345;-0.8439861;-0.13592336;-0.19851846;0.42912063;-0.13720423;-0.39372128;0.01046316;-0.6743511;-0.5459512;0.27593735;0.05404761;-0.4038298;-0.689888
-0.44795552;-0.317184;-0.22506127;0.19754304;-0.5062616;-0.23836781;-1.0781335;0.05622235;-0.24681519;0.16737664;0.08864995;-0.012683831;0.016021185;0.14273728;0.39784917;-0.0013965482;0.01971204;0.03660614;-0.19369924;-1.0425801;0.16663735;-0.24798952;-0.39266235;-0.062478404;0.04902669;-0.1745477;-0.37343004;-0.021018036;0.1413153;-0.22218174;-0.012169582;1.0201976
0.06397586;-0.39758044;-0.19498564;-0.7024722;-0.0077571743;-0.34206304;-1.1826868;-0.011235636;-0.37275156;0.028153196;-0.37393308;-0.05139586;-0.13361545;-0.34002024;-0.49933615;-0.021400984;-0.025146428;0.031541508;-0.8915285;0.46674636;0.058242165;-0.020788316;-0.5283088;-0.19300967;0.013431879;-0.3082375;-0.3373201;-0.10965357;-0.11429675;0.33217433;-0.03945812;-1.1034507
-0.36290428;-0.31253323;-0.15006411;-0.0693881;-0.3020516;-0.62521094;0.031810686;-0.040592227;-0.3727211;-0.16445538;-0.24045165;-0.34838107;-0.20520213;-0.61107415;-0.2669095;0.03668188;-0.16049877;0.026689192;0.03811158;0.5771828;-0.07823976;-0.8785993;-0.3699115;-0.11602874;-0.270066;-0.064668894;-0.28648466;0.06209944;-0.59255695;-0.41633883;-0.5265359;-0.84815526
-0.0028379997;-0.25459486;-0.17836727;0.40982732;0.09061269;-0.5494881;0.042231128;-0.04296657;-0.25653604;-0.19100381;-0.19753703;-0.9954082;-0.016826995;-0.5375707;-0.48916882;-0.017021606;-0.21792902;0.037271623;0.64786655;-0.74318427;-0.07988942;-1.1503794;-0.22404803;-0.15731409;-0.21265247;-0.055138826;0.10901216;0.22772042;0.20357056;-0.12552957;-0.35881376;0.7953718
0.13403212;-0.36901706;-0.19246958;0.24763733;-0.49139842;-0.012550967;-0.23414445;-0.060261857;0.35890135;0.16033246;0.14777875;0.11325818;-0.09971115;-0.26299834;-0.19114606;0.0162;-0.2213923;0.031864516;-0.057431336;0.71583974;-0.013971917;-0.26217887;-0.44952407;-0.27609643;-0.028439207;-0.052260455;0.105456375;-0.23932153;0.10660535;-0.4014003;-0.5923678;-0.95884466
-0.41454062;-0.3501165;-0.13860852;-0.71490055;-0.30902785;-0.122454375;0.62644583;-0.022681179;-0.29360583;-0.0013545314;0.45082417;-1.1920483;-0.05268458;0.14250647;0.48251003;0.02863447;-0.38458705;0.040197816;-0.14140545;-0.6370556;-0.10877842;-0.13385448;0.28862807;0.080811545;0.2591249;0.060063817;0.40246686;0.3301921;-0.38499615;-0.46415687;-0.4409843;-0.92292595
0.09818141;-0.39077735;-0.02997249;-0.70337737;-0.42182988;-0.39523852;0.05658993;-0.10568071;0.35344973;0.053620916;0.10750182;0.15127029;-0.05440638;-0.17669047;-0.6847246;0.015893238;-0.11017593;0.038276188;0.01710018;-1.172925;0.023534548;0.09606576;-0.29868054;0.049783006;0.042513195;-0.10459076;-0.27921507;-0.8124629;0.018648349;0.29409146;-0.15087783;-0.9697508
-0.3367489;-0.42946452;-0.17091085;0.21682851;0.063602485;-0.26636723;0.7051494;-0.094338395;-0.44444594;-0.14141491;-0.24198472;-1.7437464;-0.08881369;-0.5004327;0.49492198;0.023282668;-0.17918053;0.022578154;0.5122867;0.39607567;-0.2373241;0.10284955;-0.31385422;-0.21224673;-0.34006405;-0.2669658;-0.1388244;-0.66952217;-0.14888875;-0.2047161;-0.12058502;-0.9329055
-0.24323656;-0.22027358;-0.16536844;0.0031438926;0.03292962;-0.52434134;0.06314048;-0.057581633;0.934622;-0.014898473;-0.15415803;-0.17106508;0.07191074;-1.3340156;-0.114027895;0.04734316;-0.022283124;0.034250777;0.47125873;-0.99549365;-0.36842567;-0.20355532;-0.23662059;-0.19241288;-0.9410786;-0.28987026;-0.8353359;-0.45846644;-0.23909408;0.027381826;-0.3883929;-0.670205
-0.13178597;-0.15082195;0.032260314;-0.79096687;-0.37824145;0.33644694;-0.37121934;-0.020199915;-0.44475332;0.041706454;-0.063616425;-0.7662927;0.06422373;0.48548165;-0.19666363;0.075968064;-0.29391018;0.035854258;-0.24675162;-0.72938;-0.10131054;-0.13032919;-0.37220362;-0.008174321;-0.5776428;0.04691387;0.15469268;-0.2931287;0.4555846;-0.0010930191;0.1936902;-0.5471267
-0.4005272;-0.14902209;-0.2906651;-0.06148091;0.03688658;-0.056878068;-0.22529043;-0.022841744;-1.111433;-0.030097982;-0.22720264;-0.8276117;-0.03711567;-1.126209;-0.14000875;-0.032428775;-0.102618225;-0.29363903;0.6537831;-1.1091571;-0.28259888;0.11514076;-0.19929704;-0.04503747;-0.6416229;0.05103856;-0.21873213;-0.16030043;0.31433955;-0.057114284;-0.06066963;0.77093506
0.12019164;-0.35090977;0.046160392;-0.28693515;-0.022815548;-0.5675453;0.4988174;0.043528665;-0.35402983;-0.16995317;-0.28054667;-0.118375465;0.02813484;-0.5625136;-0.5383224;-0.030041752;0.022251084;-0.4168732;0.03586028;-1.3067236;0.10128276;-0.22699398;0.15483148;-0.3842921;-0.066772014;0.06779691;-0.10775026;0.12698051;-0.50377053;0.108499154;-0.12309307;0.8305907
-0.25780165;-0.6028975;0.13495785;0.31465873;-0.33657938;0.009857621;0.7308141;-0.02759798;-0.3431879;0.030349322;0.28340837;-1.3600003;0.08236932;-0.5043425;-0.20964043;0.038203895;0.03217521;0.03661242;0.024649195;-0.8834004;-0.10763312;-0.10428347;0.275984;-0.07177167;-0.4593461;-0.009573343;0.47338656;-0.32199955;-0.4838201;0.039320465;-0.33476233;-0.8368599
-0.53734213;-0.26512223;-0.17532206;-0.66331667;0.13363774;-0.55782276;0.12636752;0.04517039;-0.404666;0.094987184;-0.28265226;-1.4408537;-0.15387471;0.27427799;0.5620912;-0.020051673;0.040981267;0.021858724;-0.15685402;0.293088;0.0480851;0.10884237;-0.4065152;-0.17120947;-0.060929347;-0.24575286;-0.26907694;0.109956115;-0.17044511;0.23996359;-0.028381057;1.0471746
0.2153552;-0.31827167;0.061916485;-0.3351915;0.0056075845;-0.5059126;-0.15504164;-0.0069816653;-0.40430385;0.14395438;0.24741192;0.4726816;-0.12945342;0.34810016;-0.20511311;-0.00905852;-0.052316405;0.020591864;-0.8940036;0.37192392;0.08162744;-0.829212;-0.28580782;0.05177641;0.053504676;-0.22028753;-0.2932801;-0.07911717;-0.06966651;-0.45407465;-0.43929115;1.4265655
-0.36263886;-0.51887697;-0.21939448;-0.08223691;0.06726057;-0.13474682;-0.9756762;0.033663068;-0.39822787;-0.04239987;-0.16858254;-1.5422331;-0.17679603;-0.7894214;-0.20603167;0.041436758;-0.13893075;0.021159703;-0.19859453;0.41771987;-0.43375844;-0.15292676;0.41830423;-0.17077485;0.20155;-0.34979713;-0.3132114;-0.6160791;-0.3336871;-0.4932985;0.002161169;-0.8944501
0.16583686;0.7491881;-0.0018912395;0.010178003;0.10042731;0.32042748;-0.6900754;-0.055446938;-0.19577996;0.016643044;0.33291373;0.542035;-0.07378381;0.8170074;-0.11442311;0.021747021;-0.14446987;0.047048252;0.46896714;-0.8969604;0.01663753;-0.10425403;0.3317855;0.22427326;0.42235616;-0.16608624;0.5282892;-0.25358757;0.08713157;-0.29372075;-0.17461425;-0.7680525
-0.45192927;-0.20385635;0.0833672;-0.68464416;0.09993168;-0.63811016;0.6758059;0.097643785;0.1554339;0.09529866;-0.079399906;-1.0982109;0.053434264;0.109768234;-0.60378534;0.05573117;-0.29628387;0.045810327;-0.23265429;-0.40620843;-0.11122295;0.088487566;-0.23601732;0.0020217225;-0.07313472;-0.010326665;-0.07377759;0.16608284;0.36314413;-0.15198262;-0.5142251;-0.67306924
-0.49948853;0.90522546;-0.17387505;-0.17800894;-0.005569305;-0.06210009;-1.4321198;-0.11950475;-0.23157871;-0.16739479;-0.30772075;0.10764754;0.06114409;-0.59797364;0.4523482;0.059972454;-0.21780197;0.036330093;-0.013636205;-1.077006;-0.18044862;-0.14084856;-0.29880166;-0.15785456;-0.0129320305;0.028774863;-0.28243998;0.088406354;-0.7436293;-0.36847085;-0.3650096;-0.9338919
-0.07278442;-0.65631974;-0.1173613;-0.6744449;-0.18995364;-0.0077347485;-0.25268063;-0.052125804;-0.26635352;-0.13850622;-0.058433745;-0.27243245;-0.0300176;-0.80368555;-0.28896692;0.05347493;-0.2952293;-0.3252442;0.3392946;-1.1462249;-0.04549578;0.08607018;0.313956;-0.033801187;-0.7163427;-0.3550966;-0.55056626;-0.4088941;-0.083934866;-0.19885339;-0.40482968;-0.79388994
0.3031592;-0.18052465;-0.14440718;-0.36967152;-0.43060103;-0.20992644;0.945752;0.0827473;-0.29188663;0.10277373;-0.18326879;-1.1293787;-0.012540382;-0.2018978;0.7300152;-0.009079665;-0.043450847;0.04264889;0.11920707;-0.5002069;0.16031897;-0.1392789;-0.32812595;0.05982814;0.10592242;-0.08903046;-0.18339473;0.1352935;0.40370438;0.26168028;-0.2783532;1.1824657
-0.30747718;-0.29088315;-0.16456684;-0.32792217;0.05220186;-0.1049029;0.5820786;-0.036140155;-0.35257372;-0.028406037;-0.16145548;-0.13895193;0.0017916588;-1.3232101;0.3833136;0.014872544;0.11040664;0.032468643;0.32141155;0.40312788;-0.5246841;0.17035982;0.15879077;-0.0050967475;-0.069061145;-0.0023200866;-0.841888;-0.28393847;0.23981696;0.12799254;-0.687033;-0.9792226
0.34037548;-0.21133249;-0.0883309;-0.065303236;0.08830028;0.35699275;-0.56960696;-0.02875958;-0.15285787;0.025217146;0.20734191;0.07187218;0.030857775;0.10444282;0.4062143;0.03525292;0.011057544;0.042870216;-0.5490727;-0.55987656;0.0085090995;-0.15168965;0.8311442;0.09304199;-0.8214457;0.030558566;-0.22866634;0.19657567;0.32728836;0.29538193;0.66782475;-0.6575152
-0.26167926;-0.33263505;-0.20594907;0.30187413;-0.21627083;-0.12932277;0.6940315;0.06721519;0.22519428;-0.03372203;-0.24116689;0.076814294;0.0151318405;-1.3425722;-0.23100555;0.053976003;-0.1344186;-0.3059589;-0.1962478;-1.1751686;-0.3440004;-0.20443825;-0.24270733;0.04564037;-0.16400726;-0.039832346;-0.6092377;-0.21279868;-0.5961249;0.13180687;-0.3304495;-0.7759899
-0.3109983;-0.23542643;0.1265928;0.4777779;0.057968356;0.4431612;-1.2456256;0.037002053;0.31624967;-0.12878488;-0.16499089;-0.08975557;0.0154115725;-0.5257953;-0.21075682;0.04187036;-0.08390864;-0.33685413;-0.52522355;-0.94208014;-0.059996225;0.03850817;-0.3261566;-0.14468727;-0.22023486;-0.37611857;-0.06407356;-0.2925422;-0.3618225;-0.21681908;0.22900534;-0.84768844
-0.37690437;-0.7936452;0.0971601;0.51537085;-0.26400885;0.21585278;-0.5890106;-0.07176304;0.82670295;-0.12639244;-0.1164987;-0.859395;-0.023484178;-0.9107233;-0.21290563;0.048823804;-0.028238548;-0.26811805;0.39477316;-1.2690476;-0.072033025;-0.113515116;0.41782498;-0.13468224;-0.51270217;0.015985504;-0.7184913;-0.14560507;0.26793593;-0.10146123;0.08539392;-0.7546726
-0.34868887;-0.39934438;0.137842;-0.27495357;0.075408176;-0.031271547;-0.32645252;-0.00012431946;0.3993531;-0.18930094;-0.21901177;0.046317562;-0.01597376;-0.06910052;-0.20322707;0.04980791;0.036671557;0.027186336;-0.19666266;-1.1632497;-0.088425934;-0.8338328;-0.17962202;-0.2726575;-0.0647606;0.025188945;-0.20401141;-0.12835446;-0.8421072;-0.32082263;-0.41823658;-1.0210017
0.062456727;-0.3873429;-0.16278253;-0.65521604;0.05255214;0.48069024;-1.1770011;-0.020270452;-0.3115488;0.040107865;-0.3499912;0.5488771;-0.193375;-0.0006123893;-0.25633445;-0.025394533;-0.17940785;0.025248744;-1.1010939;0.48589283;-0.007258056;-0.1652114;-0.35692412;-0.17573543;0.01159494;-0.20849223;-0.3866563;0.2163385;-0.021188065;-0.6837578;-0.16656078;-0.9389034
-0.3783411;-0.2702287;0.33325922;0.48428375;-0.55732524;-0.13782395;-0.34297657;-0.05418496;-0.41059446;-0.06886816;-0.07098101;-1.3038908;-0.13445103;-0.5564758;-0.16434364;-0.0068659326;0.06270595;0.021801317;-0.17144932;0.5683366;0.04028527;0.12447551;-0.42673296;-0.022079278;0.1381729;-0.3379536;0.0057137;-0.117454246;-0.543012;-0.111373685;-0.37470543;0.91415644
-0.40171707;-0.25883028;0.08569854;-0.033001024;0.07644833;-0.13006938;0.7900822;0.070785984;-0.3279055;-0.21709312;-0.25090665;-0.9803165;0.045175344;-0.79277426;-0.29472458;0.046924364;-0.05376298;0.033735044;-0.21826433;-0.6877014;-0.055747237;0.34589615;-0.2020734;0.0626401;-0.1172382;-0.28913525;-0.4732774;0.18001333;-0.31576142;-0.25953254;-0.39187267;-0.84319437
0.055634405;0.9807182;0.11397967;-0.49800923;-0.36488655;0.14888722;0.4021355;0.034541927;-0.19369622;-0.12263858;-0.06601448;-0.040714446;0.12179983;-0.38646743;0.5663572;0.06029594;0.067202516;0.046597265;-0.5078522;-0.5959198;-0.06589773;-0.106978536;-0.16135827;-0.09614923;-0.00013531966;0.06647223;0.268823;0.1591139;-0.5257255;0.13576725;0.35211444;-0.711261
-0.4460531;-0.30045542;-0.032255504;0.21861026;-0.38921195;0.35824922;0.18364473;-0.031006131;0.2841513;-0.15118025;-0.10222272;-1.2969102;-0.013788915;-0.85637236;0.07934659;0.021915007;-0.20408386;0.04510962;0.52445275;-0.8926933;-0.062079173;0.0674806;0.2754986;-0.2680939;-0.031066254;0.034169193;0.37073344;-0.3668819;-0.7646282;0.2271073;-0.39673895;-0.9909944
-0.29976806;-0.30143434;0.27721584;0.40991879;0.08422771;-0.3015267;-1.3607601;-0.04556685;-0.28603825;-0.14535625;-0.13367912;-0.08053807;-0.20800401;-0.36857355;0.22359353;0.01354035;0.14029117;0.027560282;-0.12768085;0.48386565;-0.019520754;-0.16604619;-0.45679694;-0.29131183;-0.07485759;0.0006108867;0.15039088;0.47153208;-0.7092129;0.28324163;-0.36743423;-0.8457399
-0.3957618;-0.3830475;-0.21913254;-0.59012187;-0.47427526;-0.26562265;-0.31436965;0.0045256605;0.3888971;0.092067085;-0.3403965;-0.093381956;-0.16002202;-0.2793523;-0.18913037;0.027340842;-0.13778688;0.026821248;-1.1866633;0.5061437;-0.12292469;0.0067582093;-0.40638247;-0.086172275;0.0038032117;-0.13948706;-0.33003944;-0.30228922;-0.074503794;-0.43118367;-0.07114355;-0.9835271
-0.44761726;0.65615577;-0.1816422;0.45699564;-0.44102386;-0.1300054;-0.39761236;0.054722358;-0.34689128;-0.21456839;-0.15375513;-0.04248966;0.02209998;-0.9642452;-0.14682852;-0.06058572;-0.22738335;0.03262583;-0.6156714;-0.80538523;-0.0765744;0.09069892;-0.5014263;-0.1111609;0.052003134;-0.0069777844;-0.31722584;-0.13769707;-0.69359475;-0.34878018;-0.3612033;1.232008
-0.35256755;-0.2709533;-0.15468183;-0.5569799;-0.26621798;-0.52895504;-0.33931378;-0.053769894;-0.40137953;0.016267728;-0.30966958;-0.18644054;-0.028794058;1.0171487;-0.1350098;0.03886259;-0.18153973;0.025293836;-0.03832291;-0.8820064;-0.2893219;0.053898487;-0.28266174;-0.31665695;-0.15870322;0.034043618;-0.38409677;-0.46131113;-0.5418505;-0.40398613;-0.6038741;-1.0057383
-0.464116;-0.3791979;-0.22039467;-0.590318;-0.31662425;-0.2758581;-0.3303884;-0.16755325;1.1184897;-0.037651822;-0.40203407;-1.070839;-0.06115128;-0.6286601;-0.2677732;0.03781618;-0.058285046;0.02902899;-0.6826025;-0.62705386;0.02765202;-0.5932432;-0.31595197;-0.18881887;-0.054541435;-0.2562236;0.083637394;-0.2799565;-0.30100235;-0.43398273;0.07647524;-0.8929927
0.18922074;-0.28827965;-0.22392645;0.35198897;0.07978913;-0.38459378;-1.2574311;0.0063858666;0.2300966;-0.2555466;0.13143678;0.1231852;-0.0073603084;-0.70491385;0.09924348;0.020475931;-0.1271984;0.031375233;0.5170142;-1.3176857;-0.1911434;0.16260931;-0.3984416;-0.07886367;-0.16630518;0.008360435;-0.2751296;-0.8109396;-0.5208058;-0.16995257;-0.19872136;1.161084
0.12488855;-0.26969454;-0.18684779;0.32561553;-0.101224884;-0.35164818;-1.0368804;-0.1269222;0.32430974;0.095337056;-0.34748027;0.84645057;-0.17695917;-0.21758065;-0.19031753;0.031927057;-0.32057115;0.023302253;0.099974245;0.86254907;0.08401882;-0.22193745;0.76985896;-0.29999128;-0.15884906;0.0069429604;-0.19660921;-0.41761568;-0.5666806;-0.4820112;-0.4416151;-0.90591156
-0.16134687;-0.25978184;0.34648877;0.42920792;0.12534055;0.39132172;-1.1122588;0.097366154;0.41036853;-0.06127301;-0.09605465;0.6513387;0.047912452;-0.7456548;0.11440487;-0.003491493;-0.01934238;0.035501745;0.07088167;-0.96895653;-0.34404898;-0.22865164;-0.24936093;-0.014976785;0.124082;-0.045469787;0.4302877;-0.20447008;0.10901233;-0.30690986;-0.17219606;1.3326939
-0.21831383;-0.22830689;-0.043692626;0.30497792;0.08259383;0.3761625;0.1398225;-0.00594455;0.28989145;0.029929781;-0.062413134;-0.8952164;0.012563451;-0.47087276;-0.4976443;0.032131217;0.054903507;0.044156227;0.3785601;-0.66772646;-0.26344487;0.093191124;0.23286201;-0.06474796;-0.9346441;-0.06374052;0.052976727;-0.29142317;0.18981741;0.03493436;-0.56337684;-0.76107746
0.13380022;-0.54286015;-0.10535288;-0.32474265;0.03325238;-0.8787919;0.19331709;-0.07714851;-0.37572816;-0.0861701;-0.24030276;0.904218;-0.23209581;-0.26346326;-0.42931375;0.052640058;-0.30089697;0.03010753;0.050115116;0.59138894;-0.08681634;0.11992855;-0.22096595;-0.15471496;-0.12029449;-0.19353785;-0.08147547;-0.24911411;-0.18887845;-0.04621043;-0.17697468;-0.7169595
0.18703374;-0.28878775;0.18799114;-0.3080278;0.026354812;-0.41288492;-1.1227633;-0.054050922;0.21163566;0.074171394;0.39478302;-0.031049024;-0.23706354;-0.23309661;-0.32702368;0.01353639;-0.027360033;0.027706679;-0.9827671;0.49885088;0.16461089;0.029569302;-0.3933214;-0.113195345;-0.019309137;0.071576424;0.3488286;-0.24917142;-0.59356356;0.16809268;0.14053476;-0.9361367
-0.54047513;0.6191528;-0.22807406;0.41925946;0.0490661;-0.37003288;-0.32668886;-0.0061448556;-1.4290828;-0.11012774;0.22751063;-1.2048433;-0.12111269;-0.039072767;0.10083459;0.08094392;-0.1429594;0.02947722;-0.18962468;-0.8991;-0.21734056;-0.1469889;-0.33824143;-0.3291233;-0.05025758;-0.023975438;-0.37148237;-0.58824533;-0.5695046;-0.33739465;0.023658525;-0.8297283
-0.37201157;-0.24658191;-0.19946939;-0.20528021;0.14479312;-0.3828557;-1.1457641;-0.025401024;0.20441042;0.028520603;-0.053905923;0.5457367;0.06363901;-0.083327144;0.17779213;0.051105835;0.02879488;0.040104445;0.45606357;-0.90774345;-0.028521828;-0.72999525;-0.2777038;-0.33980682;-0.35902545;-0.25852948;-0.17085424;-0.20630561;-0.0868907;0.09880597;-0.26574364;-0.6860708
-0.03940981;-0.4557935;-0.23406844;-0.24463803;0.16150619;-0.106776185;0.1914529;-0.025601948;-1.5626638;-0.187895;-0.38008472;0.12955144;-0.11229415;-0.64376485;-0.24867927;-0.019531855;-0.33877346;-0.44074267;0.022518478;-1.1987575;0.035146214;0.39867735;-0.180783;-0.19908288;0.058370277;0.028730834;-0.23850137;-0.21822684;-0.42535374;-0.5706333;-0.14257218;1.4507799
-0.19292714;0.49773517;0.20789208;-0.762707;0.033438012;-0.30753645;-1.0102855;0.011193357;0.28098723;-0.09464111;-0.1415175;0.11925394;0.1624417;-0.976135;-0.1705555;0.08368789;-0.17010781;0.02950387;-0.8704089;0.47227907;-0.32161543;-0.22048843;0.4081745;-0.06821877;-0.13760811;-0.04356531;-0.32292846;-0.13761841;-0.87210757;0.021134384;0.1479077;-0.81220686
-0.07344261;-0.44126844;-0.0983133;-0.17486608;0.07466278;-0.44019336;0.079040736;-0.06749474;-1.5540806;-0.12639807;-0.005426082;-0.19291557;-0.042227566;-0.19212618;-0.21096224;0.04845212;-0.08051631;0.028464675;0.66173595;0.5472525;0.093140624;-0.17748816;-0.48500997;-0.15399307;-0.093736544;-0.29744756;-0.20852125;-0.6995828;-0.09713748;0.3704941;-0.15138385;-0.7962775
